"name","exported","prefix","signature"
"RCS",TRUE,"RCS","(..., nknots = NULL, reference = ""median"", by = NULL, conf.int = 0.95, ref.zero = TRUE, log = TRUE)"
"RCS.default",FALSE,"RCS","(..., nknots = NULL, reference = ""median"", by = NULL, conf.int = 0.95, ref.zero = TRUE, log = TRUE)"
"RCS.svycoxph",FALSE,"RCS","(..., nknots = NULL, reference = ""median"", by = NULL, conf.int = 0.95, ref.zero = TRUE, log = TRUE)"
"RCS.svyglm",FALSE,"RCS","(..., nknots = NULL, reference = ""median"", by = NULL, conf.int = 0.95, ref.zero = TRUE, log = TRUE)"
"append<-",TRUE,"assignment","(x, value)"
"col_rename<-",TRUE,"assignment","(x, value)"
"digit2character<-",TRUE,"assignment","(x, value)"
"digit2numeric<-",TRUE,"assignment","(x, value)"
"drop_col<-",TRUE,"assignment","(x, value)"
"drop_row<-",TRUE,"assignment","(x, value)"
"select_col<-",TRUE,"assignment","(x, value)"
"select_row<-",TRUE,"assignment","(x, value)"
"to_numeric<-",TRUE,"assignment","(x, value)"
"yes1<-",FALSE,"assignment","(x, value)"
"config_items",TRUE,"config_","(items)"
"config_path",TRUE,"config_","(path)"
"config_temp",TRUE,"config_","()"
"config_years",TRUE,"config_","(cat = T)"
"db_Alcohol.drinks",TRUE,"db_","(data, years, Year = FALSE, join = ""left"")"
"db_DSD",TRUE,"db_","(..., data, supplement_name = TRUE, supplement_type = TRUE, ingredient_name = TRUE, ingredient_unit = TRUE, ingredient_category = TRUE, blend_flag = TRUE, blend_component_name = TRUE, blend_component_category = TRUE, Year = FALSE, join = ""left"")"
"db_EVD68",TRUE,"db_","(data = NULL, all = FALSE, years, wt_y2, wt_y4, d68_frm, d68_frmq, d68_953, d68_953q, d68_087, d68_087q, Year = F, join = ""left"")"
"db_FoodCD",TRUE,"db_","(data, short = TRUE, long = TRUE, lower_cd = FALSE)"
"db_HemalBiochemistry",TRUE,"db_","(data, years, fast_glucose_mg.dl = FALSE, fast_glucose_mmol.L = FALSE, refrige_glucose_mg.dl = FALSE, refrige_glucose_mmol.L = FALSE, fast_insulin_uu.ml = FALSE, fast_insulin_pmol.L = FALSE, HbA1c = FALSE, Alt = FALSE, Ast = FALSE, bilirubin_total_mg.dl = FALSE, bilirubin_total_umol.L = FALSE, alkaline_phosphatase_u.L = FALSE, protein_total_g.dl = FALSE, protein_total_g.L = FALSE, albumin_g.L = FALSE, albumin_g.dl = FALSE, globulin_g.dl = FALSE, globulin_g.L = FALSE, gamma_glutamyl_transferase_13u.l_iu.l = FALSE, creatinine_mg.dl = FALSE, creatinine_umol.L = FALSE, uric_acid_mg.dl = FALSE, uric_acid_umol.L = FALSE, blood_urea_nitrogen_mg.dl = FALSE, blood_urea_nitrogen_mmol.L = FALSE, sodium_mmol.L = FALSE, phosphorus_mg.dl = FALSE, phosphorus_mmol.L = FALSE, calcium_total_mg.dl = FALSE, calcium_total_mmol.L = FALSE, calcium_albumin_corrected_mg.dl = FALSE, calcium_albumin_corrected_mmol.L = FALSE, potassium_mmol.L = FALSE, iron_ug.dl = FALSE, iron_umol.L = FALSE, chloride_mmol.L = FALSE, osmolality_mosm.kg = FALSE, bicarbonate_mmol.L = FALSE, fast_triglyceride_mg.dl = FALSE, fast_triglyceride_mmol.L = FALSE, refrige_triglycerides_mg.dl = FALSE, refrige_triglycerides_mmol.L = FALSE, fast_total_cholesterol_mg.dl = FALSE, fast_total_cholesterol_mmol.L = FALSE, refrige_total_cholesterol_mg.dl = FALSE, refrige_total_cholesterol_mmol.L = FALSE, hdl_cholesterol_mmol.L = FALSE, hdl_cholesterol_mg.dl = FALSE, hdl_cholesterol_direct_mg.dl = FALSE, hdl_cholesterol_direct_mmol.L = FALSE, ldl_cholesterol_mmol.L = FALSE, ldl_cholesterol_mg.dl = FALSE, creatine_phosphokinase_cpk_iu.L = FALSE, follicle_stimulating_hormone_iu.L = FALSE, follicle_stimulating_hormone_miu.ml = FALSE, luteinizing_hormone_iu.L = FALSE, luteinizing_hormone_miu.ml = FALSE, ldh_lactate_dehydrogenase_u.L = FALSE, C_reactive_protein_mg.dl = FALSE, hs_C_reactive_protein_mg.L = FALSE, Year = FALSE, join = ""left"", wtsaf2yr = FALSE, wtsaf4yr = FALSE, all = FALSE)"
"db_IgE",TRUE,"db_","(all = FALSE, respondent.sequence.number, sIgE_ku.l, sIgE_cmt, dust.farinae_ku.l, dust.farinae_cmt, dust.pteronyssinus_ku.l, dust.pteronyssin_cmt, cat_ku.l, cat_cmt, dog_ku.l, dog_cmt, cockroach_ku.l, cockroach_cmt, alternaria_ku.l, alternaria_cmt, peanut_ku.l, peanut_cmt, egg_ku.l, egg_cmt, milk_ku.l, milk_cmt, ragweed_ku.l, ragweed_cmt, rye.grass_ku.l, rye.grass_cmt, bermuda.grass_ku.l, bermuda.grass_cmt, oak_ku.l, oak_cmt, birch_ku.l, birch_cmt, shrimp_ku.l, shrimp_cmt, aspergillus_ku.l, aspergillus_cmt, thistle_ku.l, thistle_cmt, mouse_ku.l, mouse_cmt, rat_ku.l, rat_cmt, join = ""left"")"
"db_MCD",TRUE,"db_","(data, lower_cd = FALSE)"
"db_Menopause",TRUE,"db_","(data, years, Year = FALSE, join = ""left"")"
"db_PbCd",TRUE,"db_","(data, years, blood_cadmium_ug.l, blood_cadmium_umol.l, blood_cadmium_comment_code, blood_lead_ug.dl, blood_lead_umol.l, blood_lead_comment_code, blood_mercury_total_ug.l, blood_mercury_total_umol.l, blood_mercury_total_comment_code, blood_manganese_ug.l, blood_manganese_umol.l, blood_manganese_comment_code, blood_selenium_ug.l, blood_selenium_umol.l, blood_selenium_comment_code, weight = FALSE, Year = FALSE, join = ""left"")"
"db_alpha.rb",TRUE,"db_","(data, join = ""left"", Year = F)"
"db_alpha.rsv",TRUE,"db_","(data, join = ""left"", Year = F)"
"db_aux",TRUE,"db_","(data, years, self_reported_better_ear = FALSE, self_reported_better_ear2 = FALSE, excessive_cerumen_left_ear = FALSE, impacted_cerumen_left_ear = FALSE, otoscopy_left_ear = FALSE, collapsing_ear_canals_left_ear = FALSE, other_ear_exam_abnormality_left = FALSE, normal_otoscopy_right_ear = FALSE, excessive_cerumen_right_ear = FALSE, impacted_cerumen_right_ear = FALSE, collapsing_ear_canals_right_ear = FALSE, comment_other_ear_exam_abnormality_right = FALSE, tympanic_right_middle_ear_pressure_dapa = FALSE, tympanic_right_physical_volume_cc = FALSE, tympanic_right_width = FALSE, tympanic_right_compliance = FALSE, tympanic_left_middle_ear_pressure_dapa = FALSE, tympanic_left_physical_volume_cc = FALSE, tympanic_left_width = FALSE, tympanic_left_compliance = FALSE, which_ear_tested_first = FALSE, audio_test_mode = FALSE, frequency_switch_to_manual_mode_left = FALSE, frequency_switch_to_manual_mode_right = FALSE, right_threshold_1000hz_db = FALSE, right_threshold_500hz_db = FALSE, right_threshold_1000hz_2nd_read_db = FALSE, right_threshold_2000hz_db = FALSE, right_threshold_3000hz_db = FALSE, right_threshold_4000hz_db = FALSE, right_threshold_6000hz_db = FALSE, right_threshold_8000hz_db = FALSE, left_threshold_1000hz_db = FALSE, left_threshold_500hz_db = FALSE, left_threshold_1000hz_2nd_read_db = FALSE, left_threshold_2000hz_db = FALSE, left_threshold_3000hz_db = FALSE, left_threshold_4000hz_db = FALSE, left_threshold_6000hz_db = FALSE, left_threshold_8000hz_db = FALSE, right_retest_threshold_1000hz_db = FALSE, right_retest_threshold_500hz_db = FALSE, right_retest_threshold_1000hz_2nd_read = FALSE, right_retest_threshold_2000hz_db = FALSE, right_retest_threshold_3000hz_db = FALSE, right_retest_threshold_4000hz_db = FALSE, right_retest_threshold_6000hz_db = FALSE, right_retest_threshold_8000hz_db = FALSE, left_retest_threshold_1000hz_db = FALSE, left_retest_threshold_500hz_db = FALSE, left_retest_threshold_1000_2nd_read = FALSE, left_retest_threshold_2000hz_db = FALSE, left_retest_threshold_3000hz_db = FALSE, left_retest_threshold_4000hz_db = FALSE, left_retest_threshold_6000hz_db = FALSE, left_retest_threshold_8000hz_db = FALSE, left_ear_quality_code = FALSE, right_ear_quality_code = FALSE, tympanogram_type_right_ear = FALSE, tympanogram_type_left_ear = FALSE, weight = FALSE, cat = TRUE, Year = FALSE, join = ""left"")"
"db_auxar1",TRUE,"db_","(data, years, left = FALSE, right = FALSE, khz1 = FALSE, khz2 = FALSE, right_1khz = FALSE, right_2khz = FALSE, left_1khz = FALSE, left_2khz = FALSE, weight = FALSE, Year = FALSE, join = ""left"")"
"db_auxar2",TRUE,"db_","(data, years, ear_tested = FALSE, sound_stimulus_level = FALSE, detected = FALSE, time = FALSE, compliance = FALSE, Year = FALSE, join = ""left"")"
"db_auxtym1",TRUE,"db_","(data, years, left = FALSE, right = FALSE, weight = FALSE, Year = FALSE, join = ""left"")"
"db_auxtym2",TRUE,"db_","(data, years, ear_tested = FALSE, pressure = FALSE, admittance = FALSE, Year = FALSE, join = ""left"")"
"db_auxwbr",TRUE,"db_","(data, years, ear_tested = FALSE, frequency = FALSE, absorbance = FALSE, Year = FALSE, join = ""left"")"
"db_beta.rsv.braycurtis",TRUE,"db_","(data, join = ""left"", Year = F)"
"db_beta.rsv.unwunifrac",TRUE,"db_","(data, join = ""left"", Year = F)"
"db_beta.rsv.wunifrac",TRUE,"db_","(data, join = ""left"", Year = F)"
"db_blood.pressure",TRUE,"db_","(data, years, bpx = TRUE, dar = TRUE, n = 4, Year = FALSE, join = ""left"")"
"db_bodyMeasure",TRUE,"db_","(data, years, head_circumference_cm, arm_circumference_cm, upper_arm_length_cm, triceps_skinfold_mm, subscapular_skinfold_mm, sagittal_abdominal_diameter_1st_cm, sagittal_abdominal_diameter_2nd_cm, sagittal_abdominal_diameter_3rd_cm, sagittal_abdominal_diameter_4th_cm, average_sagittal_abdominal_diameter_cm, waist_circumference_cm, hip_circumference_cm, thigh_circumference_cm, upper_leg_length_cm, maximal_calf_circumference_cm, height_cm, recumbent_length_cm, Weight_kg, BMI_kg.m2, BMI_Category_Children.Adolescents, Year = FALSE, join = ""left"")"
"db_carotenoid",TRUE,"db_","(data, years, day = 1, both2days = TRUE, fun = ""mean"", all.5 = TRUE, component = FALSE, ds = TRUE, Year = FALSE, join = ""left"")"
"db_cbc",TRUE,"db_","(data, years, wbc_1000cells.ul, Lymphocyte_percent, Monocyte_percent, Segmented_neutrophils_percent, Eosinophils_percent, Basophils_percent, lymphocyte_number_1000cells.ul, Monocyte_number_1000cells.ul, Segmented_neutrophils_number_1000cells.ul, Eosinophils_number_1000cells.ul, Basophils_number_1000cells.ul, Red_blood_cell_count_MillionCells.uL, hemoglobin_g.dl, hematocrit, Mean_cell_volume_fL, Mean_cell_hemoglobin_pg, Mean_cell_hemoglobin_concentration_g.dL, Red_cell_distribution_width, Platelet_count_1000cells.uL, Mean_platelet_volume_fL, Year = FALSE, join = ""left"")"
"db_cfq",TRUE,"db_","(data, years, all = F, cfq_status = FALSE, language = FALSE, cerad_completion_status = FALSE, cerad_reason_not_complete = FALSE, cerad_score_trial_1_recall = FALSE, cerad_score_trial_2_recall = FALSE, cerad_score_trial_3_recall = FALSE, cerad_score_delayed_recall = FALSE, cerad_intrusion_word_count_trial_1 = FALSE, cerad_intrusion_word_count_trial_2 = FALSE, cerad_intrusion_word_count_trial_3 = FALSE, cerad_intrusion_word_count_recall = FALSE, animal_fluency_sample_practice_pretest = FALSE, animal_fluency_reason_not_done = FALSE, animal_fluency_score_total = FALSE, digit_symbol_sample_practice_pretest = FALSE, digit_symbol_reason_not_done = FALSE, digit_symbol_score = FALSE, Year = FALSE, join = ""left"")"
"db_coffee",TRUE,"db_","(data, years, day = 1, fun = c(""mean"", ""alone"", ""sum""), both2days = TRUE, unit = c(""gram"", ""kcal"", ""cup""), caffeinate = FALSE, sweeten = FALSE, fat = FALSE, milk = FALSE, cappuccino = FALSE, cuban = FALSE, espresso = FALSE, frappuccino = FALSE, latte = FALSE, macchiato = FALSE, mexican = FALSE, mocha = FALSE, turkish = FALSE, Year = FALSE, join = ""left"", food.code = NULL)"
"db_coffee.time",TRUE,"db_","(data = NULL, years, day = 1, Year = F, join = ""left"")"
"db_demo",TRUE,"db_","(data, years, ageyr, agemth, sex, eth1, eth2, eth3, military, country_of_birth, citizenship, time_in_US, edu, in_school, marital, household_size, family_size, annual_household_income, annual_family_income, poverty, status, exam_month, wtint2yr, wtint4yr, wtmec2yr, wtmec4yr, psu_strat = TRUE, Year = FALSE, join = ""left"", lower_cd = FALSE)"
"db_dnmepi",TRUE,"db_","(data, all = FALSE, xy_estimation, horvathage, hannumage, skinbloodage, phenoage, gdf15mort, b2mmort, cystatincmort, timp1mort, admmort, pai1mort, leptinmort, packyrsmort, crpmort, loga1cmort, grimagemort, grimage2mort, horvathtelo, yangcell, zhangage, linage, weidnerage, vidalbraloage, dunedinpoam, cd8tpp, cd4tpp, nkcell, bcell, monopp, neupp, wtdn4yr, join = ""left"")"
"db_dr.ProcessedMeat",TRUE,"db_","(data, all = FALSE, years, day = 1, Year = F, pf_meat, pf_curedmeat, cured_redmeat, total_redmeat, pf_poult, unproc_poultry, cured_poultry, nug_pat_fil, total_proc_poultry, total_poultry, red_and_cured_1, red_and_processed_2, join = ""left"")"
"db_dr.alcoh.beverages",TRUE,"db_","(data, years, day = 1, kcal = FALSE, grams = FALSE, Year = FALSE, join = ""left"")"
"db_dr.apple",TRUE,"db_","(data, years, day = 1, kcal = FALSE, grams = FALSE, Year = FALSE, join = ""left"")"
"db_dr.bananas",TRUE,"db_","(data, years, day = 1, kcal = FALSE, grams = FALSE, Year = FALSE, join = ""left"")"
"db_dr.fdcd",TRUE,"db_","(data, years, Year = FALSE, lower = T)"
"db_dr.iceCream",TRUE,"db_","(data, years, day = 1, kcal = FALSE, grams = FALSE, Year = FALSE, join = ""left"")"
"db_dr.live.microbes",TRUE,"db_","(data, years, grams_Lo, grams_Med, grams_Hi, Year, join = ""left"")"
"db_dr.milk",TRUE,"db_","(data, years, day = 1, kcal = FALSE, grams = FALSE, Year = FALSE, join = ""left"")"
"db_dr.nuts",TRUE,"db_","(data, years, day = 1, kcal = FALSE, grams = FALSE, Year = FALSE, join = ""left"")"
"db_dr.ssb",TRUE,"db_","(data, years, day = 1, kcal = F, grams = F, Year = FALSE, join = ""left"")"
"db_driff",TRUE,"db_","(data, years, day = 1, both2days = FALSE, fun = ""mean"", NA20 = F, wtdrd1 = FALSE, wtdr2d = FALSE, wtdr4yr = FALSE, rstz = FALSE, breast_fed_infant = FALSE, day_of_week = FALSE, combination_food_number = FALSE, combination_food_type = FALSE, time_of_eating_occasion_hh.mm = FALSE, meal_name = FALSE, source_of_food = FALSE, eaten_at_home = FALSE, grams = FALSE, energy_kcal = FALSE, protein_g = FALSE, carbohydrate_g = FALSE, total_sugars_g = FALSE, dietary_fiber_g = FALSE, total_fat_g = FALSE, total_sfat_g = FALSE, total_mfat_g = FALSE, total_pfat_g = FALSE, cholesterol_mg = FALSE, vitamin_E_as_alpha_tocopherol_mg = FALSE, added_alpha_tocopherol_vitamin_E_mg = FALSE, retinol_mcg = FALSE, vitamin_A_rae_mcg = FALSE, alpha_carotene_mcg = FALSE, beta_carotene_mcg = FALSE, beta_cryptoxanthin_mcg = FALSE, lycopene_mcg = FALSE, lutein_zeaxanthin_mcg = FALSE, thiamin_vitamin_B1_mg = FALSE, riboflavin_vitamin_B2_mg = FALSE, niacin_mg = FALSE, vitamin_B6_mg = FALSE, total_folate_mcg = FALSE, folic_acid_mcg = FALSE, food_folate_mcg = FALSE, folate_dfe_mcg = FALSE, vitamin_B12_mcg = FALSE, added_vitamin_B12_mcg = FALSE, vitamin_C_mg = FALSE, vitamin_K_mcg = FALSE, calcium_mg = FALSE, phosphorus_mg = FALSE, magnesium_mg = FALSE, iron_mg = FALSE, zinc_mg = FALSE, copper_mg = FALSE, sodium_mg = FALSE, potassium_mg = FALSE, selenium_mcg = FALSE, caffeine_mg = FALSE, theobromine_mg = FALSE, alcohol_g = FALSE, moisture_g = FALSE, sfa_4.0_butanoic_g = FALSE, sfa_6.0_hexanoic_g = FALSE, sfa_8.0_octanoic_g = FALSE, sfa_10.0_decanoic_g = FALSE, sfa_12.0_dodecanoic_g = FALSE, sfa_14.0_tetradecanoic_g = FALSE, sfa_16.0_hexadecanoic_g = FALSE, sfa_18.0_octadecanoic_g = FALSE, mfa_16.1_hexadecenoic_g = FALSE, mfa_18.1_octadecenoic_g = FALSE, mfa_20.1_eicosenoic_g = FALSE, mfa_22.1_docosenoic_g = FALSE, pfa_18.2_octadecadienoic_g = FALSE, pfa_18.3_octadecatrienoic_g = FALSE, pfa_18.4_octadecatetraenoic_g = FALSE, pfa_20.4_eicosatetraenoic_g = FALSE, pfa_20.5_eicosapentaenoic_g = FALSE, pfa_22.5_docosapentaenoic_g = FALSE, pfa_22.6_docosahexaenoic_g = FALSE, total_choline_mg = FALSE, number_of_days = FALSE, vitamin_D_d2_d3_mcg = FALSE, Year = FALSE, join = ""left"", group_sum = FALSE)"
"db_drtot",TRUE,"db_","(data, years, day = 1, fun = c(""mean"", ""sum"", ""alone""), wtdrd1 = FALSE, wtdr4yr = FALSE, wtdr2d = FALSE, rstz = FALSE, breast_fed_infant = FALSE, day_of_week = FALSE, foods_number = FALSE, diet_on_special = FALSE, diet_wllh = FALSE, diet_lowfat = FALSE, diet_lowsalt = FALSE, diet_lowsugar = FALSE, diet_lowfiber = FALSE, diet_highfiber = FALSE, diet_diabetic = FALSE, diet_weightgain = FALSE, diet_lowcarbohydrate = FALSE, diet_highprotein = FALSE, diet_glutenfree = FALSE, diet_kidney = FALSE, diet_otherspecial = FALSE, energy_kcal = FALSE, protein_g = FALSE, carbohydrate_g = FALSE, total_sugars_g = FALSE, dietary_fiber_g = FALSE, total_fat_g = FALSE, total_sfat_g = FALSE, total_mfat_g = FALSE, total_pfat_g = FALSE, cholesterol_mg = FALSE, vitamin_A_rae_mcg = FALSE, retinol_mcg = FALSE, carotene_re.1999 = FALSE, alpha_carotene_mcg = FALSE, beta_carotene_mcg = FALSE, beta_cryptoxanthin_mcg = FALSE, lycopene_mcg = FALSE, lutein_zeaxanthin_mcg = FALSE, thiamin_vitamin_B1_mg = FALSE, riboflavin_vitamin_B2_mg = FALSE, niacin_mg = FALSE, vitamin_B6_mg = FALSE, total_folate_mcg = FALSE, folic_acid_mcg = FALSE, food_folate_mcg = FALSE, folate_dfe_mcg = FALSE, total_choline_mg = FALSE, vitamin_B12_mcg = FALSE, added_vitamin_B12_mcg = FALSE, vitamin_C_mg = FALSE, vitamin_D_d2_d3_mcg = FALSE, vitamin_E_as_alpha_tocopherol_mg = FALSE, added_alpha_tocopherol_vitamin_E_mg = FALSE, vitamin_K_mcg = FALSE, calcium_mg = FALSE, phosphorus_mg = FALSE, magnesium_mg = FALSE, iron_mg = FALSE, zinc_mg = FALSE, copper_mg = FALSE, sodium_mg = FALSE, potassium_mg = FALSE, selenium_mcg = FALSE, caffeine_mg = FALSE, theobromine_mg = FALSE, alcohol_g = FALSE, moisture_g = FALSE, sfa_4.0_butanoic_g = FALSE, sfa_6.0_hexanoic_g = FALSE, sfa_8.0_g = FALSE, sfa_10.0_g = FALSE, sfa_12.0_g = FALSE, sfa_14.0_g = FALSE, sfa_16.0_g = FALSE, sfa_18.0_g = FALSE, mfa_16.1_g = FALSE, mfa_18.1_g = FALSE, mfa_20.1_g = FALSE, mfa_22.1_g = FALSE, pfa_18.2_g = FALSE, pfa_18.3_g = FALSE, pfa_18.4_g = FALSE, pfa_20.4_g = FALSE, pfa_20.5_g = FALSE, pfa_22.5_g = FALSE, pfa_22.6_g = FALSE, compare_to_usual = FALSE, water_total_plain_g = FALSE, water_total_tap_g = FALSE, water_total_bottled_g = FALSE, water_plain_carbonated_g = FALSE, water_tap_source = FALSE, salt_type = FALSE, salt_added_frequency = FALSE, salt_used_in_preparation = FALSE, salt_used_at_table_yesterday = FALSE, shellfish = FALSE, clams = FALSE, clams_times = FALSE, crabs = FALSE, crabs_times = FALSE, crayfish = FALSE, crayfish_times = FALSE, lobsters = FALSE, lobsters_times = FALSE, mussels = FALSE, mussels_times = FALSE, oysters = FALSE, oysters_times = FALSE, scallops = FALSE, scallops_times = FALSE, shrimp = FALSE, shrimp_times = FALSE, other_shellfish = FALSE, other_shellfish_times = FALSE, unknown_shellfish = FALSE, unknown_shellfish_times = FALSE, refused_shellfish = FALSE, fish = FALSE, breaded_fish = FALSE, breaded_fish_times = FALSE, tuna = FALSE, tuna_times = FALSE, bass = FALSE, bass_times = FALSE, catfish = FALSE, catfish_times = FALSE, cod = FALSE, cod_times = FALSE, flatfish = FALSE, flatfish_times = FALSE, haddock = FALSE, haddock_times = FALSE, mackerel = FALSE, mackerel_times = FALSE, perch = FALSE, perch_times = FALSE, pike = FALSE, pike_times = FALSE, pollock = FALSE, pollock_times = FALSE, porgy = FALSE, porgy_times = FALSE, salmon = FALSE, salmon_times = FALSE, sardines = FALSE, sardines_times = FALSE, sea_bass = FALSE, sea_bass_times = FALSE, shark = FALSE, shark_times = FALSE, swordfish = FALSE, swordfish_times = FALSE, trout = FALSE, trout_times = FALSE, walleye = FALSE, walleye_times = FALSE, other_fish = FALSE, other_fish_times = FALSE, unknown_fish = FALSE, unknown_fish_times = FALSE, refused_fish = FALSE, Year = FALSE, both2days = TRUE, join = ""left"")"
"db_ds.manganese",TRUE,"db_","(data, years, Year = FALSE, join = ""left"")"
"db_ds.melatonin",TRUE,"db_","(data, years, Year = FALSE, join = ""left"")"
"db_ds.silicon",TRUE,"db_","(data, years, Year = FALSE, join = ""left"")"
"db_ds.zinc",TRUE,"db_","(data, years, Year = FALSE, join = ""left"")"
"db_dsids",TRUE,"db_","(data, years, day = 1, fun = c(""mean"", ""sum"", ""alone""), both2days = TRUE, supplement_name = FALSE, wtdrd1 = FALSE, wtdr2d = FALSE, rstz = FALSE, day_of_week = FALSE, location_supplement_originally_recorded = FALSE, language = FALSE, antacid_containing_calcium.magnesium = FALSE, matching_code = FALSE, reported_serving_size.label_serving_size = FALSE, energy_kcal = FALSE, protein_g = FALSE, carbohydrate_g = FALSE, total_sugars_g = FALSE, dietary_fiber_g = FALSE, total_fat_g = FALSE, total_saturated_fatty_acids_g = FALSE, total_monounsaturated_fatty_acids_g = FALSE, total_polyunsaturated_fatty_acids_g = FALSE, cholesterol_mg = FALSE, lycopene_mcg = FALSE, lutein_zeaxanthin_mcg = FALSE, thiamin_vitamin_b1_mg = FALSE, riboflavin_vitamin_b2_mg = FALSE, niacin_mg = FALSE, vitamin_b6_mg = FALSE, folic_acid_mcg = FALSE, folate_dfe_mcg = FALSE, total_choline_mg = FALSE, vitamin_b12_mcg = FALSE, vitamin_c_mg = FALSE, vitamin_k_mcg = FALSE, vitamin_d_d2_d3_mcg = FALSE, calcium_mg = FALSE, phosphorus_mg = FALSE, magnesium_mg = FALSE, iron_mg = FALSE, zinc_mg = FALSE, copper_mg = FALSE, sodium_mg = FALSE, potassium_mg = FALSE, selenium_mcg = FALSE, caffeine_mg = FALSE, iodine_mcg = FALSE, Year = FALSE, join = ""left"")"
"db_dsids.30",TRUE,"db_","(data, years, supplement_name = FALSE, was_container_seen = FALSE, matching_code = FALSE, antacid_calcium_supplement_or_both = FALSE, how_long_supplement_taken_days = FALSE, days_supplement_taken_past_30_days = FALSE, quantity_of_supplement_taken_daily = FALSE, dosage_form = FALSE, reported_serving_size.label_serving_size = FALSE, antacid_reported_as_a_dietary_supplement = FALSE, energy_kcal = FALSE, carbohydrate_g = FALSE, protein_g = FALSE, total_sugars_g = FALSE, dietary_fiber_g = FALSE, total_fat_g = FALSE, total_saturated_fatty_acids_g = FALSE, total_monounsaturated_fatty_acids_g = FALSE, total_polyunsaturated_fatty_acids_g = FALSE, cholesterol_mg = FALSE, lycopene_ug = FALSE, lutein_zeaxanthin_ug = FALSE, thiamin_vitamin_b1_mg = FALSE, riboflavin_vitamin_b2_mg = FALSE, niacin_mg = FALSE, vitamin_b6_mg = FALSE, folic_acid_ug = FALSE, folate_dfe_ug = FALSE, total_choline_mg = FALSE, vitamin_b12_ug = FALSE, vitamin_c_mg = FALSE, vitamin_k_ug = FALSE, vitamin_d_d2_d3_ug = FALSE, calcium_mg = FALSE, phosphorus_mg = FALSE, magnesium_mg = FALSE, iron_mg = FALSE, zinc_mg = FALSE, copper_mg = FALSE, sodium_mg = FALSE, potassium_mg = FALSE, selenium_ug = FALSE, caffeine_mg = FALSE, iodine_ug = FALSE, reported_product_during_day_1 = FALSE, reported_product_during_day_2 = FALSE, took_product_on_own_or_doctor_advised = FALSE, for_good_bowel.colon_health = FALSE, for_prostate_health = FALSE, for_mental_health = FALSE, to_prevent_health_problems = FALSE, to_improve_my_overall_health = FALSE, for_teeth_prevent_cavities = FALSE, to_supplement_my_diet_food_not_enough = FALSE, to_stay_healthy = FALSE, to_prevent_colds_boost_immune_system = FALSE, for_heart_health_cholesterol = FALSE, for_eye_health = FALSE, for_healthy_joints_arthritis = FALSE, for_skin_health_dry_skin = FALSE, for_weight_loss = FALSE, for_bone_health = FALSE, to_get_more_energy = FALSE, for_pregnancy = FALSE, for_anemia_such_as_low_iron = FALSE, other_specify = FALSE, to_maintain_blood_sugar_diabetes = FALSE, for_healthy_hair_and_nails = FALSE, for_kidney_and_bladder_health = FALSE, for_respiratory_health_asthma = FALSE, for_allergies = FALSE, currently_breastfeeding = FALSE, to_improve_digestion = FALSE, for_menopause_hot_flashes = FALSE, for_muscle_related_issues = FALSE, to_improve_sleep = FALSE, for_nervous_system_health = FALSE, for_relaxation_decrease_stress = FALSE, for_liver_health_detoxification = FALSE, for_antioxidants = FALSE, for_word_of_mouth_advertisement = FALSE, for_thyroid_health_gout = FALSE, to_build_muscle.weight_gain = FALSE, for_low_levels_in_blood = FALSE, for_support_after_surgery = FALSE, for_headaches_and_dizziness = FALSE, to_build_muscle = FALSE, for_fluid.water_balance = FALSE, for_inflammation = FALSE, Year = FALSE, join = ""left"")"
"db_dstot",TRUE,"db_","(data, years, day = 1, fun = c(""mean"", ""sum"", ""alone""), both2days = TRUE, wtdrd1 = FALSE, wtdr2d = FALSE, rstz = FALSE, number_of_days_of_intake = FALSE, day_of_week = FALSE, language = FALSE, main_respondent_for_this_interview = FALSE, helped_in_responding_for_this_interview = FALSE, any_dietary_supplements_taken = FALSE, number_of_dietary_supplements_reported = FALSE, any_antacids_taken = FALSE, number_of_antacids_reported = FALSE, energy_kcal = FALSE, protein_g = FALSE, carbohydrate_g = FALSE, total_sugars_g = FALSE, dietary_fiber_g = FALSE, total_fat_g = FALSE, total_saturated_fatty_acids_g = FALSE, total_monounsaturated_fatty_acids_g = FALSE, total_polyunsaturated_fatty_acids_g = FALSE, cholesterol_mg = FALSE, lycopene_mcg = FALSE, lutein_zeaxanthin_mcg = FALSE, thiamin_vitamin_b1_mg = FALSE, riboflavin_vitamin_b2_mg = FALSE, niacin_mg = FALSE, vitamin_b6_mg = FALSE, folic_acid_mcg = FALSE, folate_dfe_mcg = FALSE, total_choline_mg = FALSE, vitamin_b12_mcg = FALSE, vitamin_c_mg = FALSE, vitamin_k_mcg = FALSE, vitamin_d_d2_d3_mcg = FALSE, calcium_mg = FALSE, phosphorus_mg = FALSE, magnesium_mg = FALSE, iron_mg = FALSE, zinc_mg = FALSE, copper_mg = FALSE, sodium_mg = FALSE, potassium_mg = FALSE, selenium_mcg = FALSE, caffeine_mg = FALSE, number_of_days_bw_intake_and_hh_interview = FALSE, iodine_mcg = FALSE, Year = FALSE, join = ""left"")"
"db_dstot.30",TRUE,"db_","(data, years, any_dietary_supplements_taken = FALSE, total_number_of_dietary_supplements_taken = FALSE, any_antacids_taken = FALSE, total_number_of_antacids_taken = FALSE, energy_kcal = FALSE, protein_g = FALSE, carbohydrate_g = FALSE, total_sugars_g = FALSE, dietary_fiber_g = FALSE, total_fat_g = FALSE, total_saturated_fatty_acids_g = FALSE, total_monosaturated_fatty_acids_g = FALSE, total_polyunsaturated_fatty_acids_g = FALSE, cholesterol_mg = FALSE, lycopene_mcg = FALSE, lutein_zeaxanthin_mcg = FALSE, vitamin_b1_thiamin_mg = FALSE, vitamin_b2_riboflavin_mg = FALSE, niacin_mg = FALSE, vitamin_b6_mg = FALSE, folic_acid_mcg = FALSE, folate_dfe_mcg = FALSE, total_choline_mg = FALSE, vitamin_b12_mcg = FALSE, vitamin_c_mg = FALSE, vitamin_k_mcg = FALSE, vitamin_d_d2_d3_mcg = FALSE, calcium_mg = FALSE, phosphorus_mg = FALSE, magnesium_mg = FALSE, iron_mg = FALSE, zinc_mg = FALSE, copper_mg = FALSE, sodium_mg = FALSE, potassium_mg = FALSE, selenium_mcg = FALSE, caffeine_mg = FALSE, iodine_mcg = FALSE, Year = FALSE, join = ""left"")"
"db_dxx",TRUE,"db_","(data, years, head_area_cm2 = FALSE, head_bmc_g = FALSE, head_bmd_g.cm2 = FALSE, head_fat_g = FALSE, head_lean_excl_bmc_g = FALSE, head_lean_incl_bmc_g = FALSE, head_total_g = FALSE, head_percent_fat = FALSE, left_arm_area_cm2 = FALSE, left_arm_bmc_g = FALSE, left_arm_bmd_g.cm2 = FALSE, left_arm_fat_g = FALSE, left_arm_lean_excl_bmc_g = FALSE, left_arm_lean_incl_bmc_g = FALSE, left_arm_total_g = FALSE, left_arm_percent_fat = FALSE, left_leg_area_cm2 = FALSE, left_leg_bmc_g = FALSE, left_leg_bmd_g.cm2 = FALSE, left_leg_fat_g = FALSE, left_leg_lean_excl_bmc_g = FALSE, left_leg_lean_incl_bmc_g = FALSE, left_leg_total_g = FALSE, left_leg_percent_fat = FALSE, right_arm_area_cm2 = FALSE, right_arm_bmc_g = FALSE, right_arm_bmd_g.cm2 = FALSE, right_arm_fat_g = FALSE, right_arm_lean_excl_bmc_g = FALSE, right_arm_lean_incl_bmc_g = FALSE, right_arm_total_g = FALSE, right_arm_percent_fat = FALSE, right_leg_area_cm2 = FALSE, right_leg_bmc_g = FALSE, right_leg_bmd_g.cm2 = FALSE, right_leg_fat_g = FALSE, right_leg_lean_excl_bmc_g = FALSE, right_leg_lean_incl_bmc_g = FALSE, right_leg_total_g = FALSE, right_leg_percent_fat = FALSE, left_ribs_area_cm2 = FALSE, left_ribs_bmc_g = FALSE, left_ribs_bmd_g.cm2 = FALSE, right_ribs_area_cm2 = FALSE, right_ribs_bmc_g = FALSE, right_ribs_bmd_g.cm2 = FALSE, thoracic_spine_area_cm2 = FALSE, thoracic_spine_bmc_g = FALSE, thoracic_spine_bmd_g.cm2 = FALSE, lumbar_spine_area_cm2 = FALSE, lumbar_spine_bmc_g = FALSE, lumbar_spine_bmd_g.cm2 = FALSE, pelvis_area_cm2 = FALSE, pelvis_bmc_g = FALSE, pelvis_bmd_g.cm2 = FALSE, trunk_bone_area_cm2 = FALSE, trunk_bmc_g = FALSE, trunk_bone_bmd_g.cm2 = FALSE, trunk_fat_g = FALSE, trunk_lean_excl_bmc_g = FALSE, trunk_lean_incl_bmc_g = FALSE, trunk_totalg = FALSE, trunk_percent_fat = FALSE, subtotal_area_cm2 = FALSE, subtotal_bmc_g = FALSE, subtotal_bmd_g.cm2 = FALSE, subtotal_fat_g = FALSE, subtotal_lean_excl_bmc_g = FALSE, subtotal_lean_incl_bmc_g = FALSE, subtotal_total_excl_head_g = FALSE, subtotal_percent_fat = FALSE, total_area_cm2 = FALSE, total_bmc_g = FALSE, total_bmd_g.cm2 = FALSE, total_fat_g = FALSE, total_lean_excl_bmc_g = FALSE, total_lean_incl_bmc_g = FALSE, total_lean_plus_fat_g = FALSE, total_percent_fat = FALSE, mult.fun = c(""mean"", ""median"", ""unique""), Year = FALSE, join = ""left"")"
"db_dxxag",TRUE,"db_","(data, years, android_fat_mass = FALSE, android_lean_mass = FALSE, android_total_mass = FALSE, gynoid_fat_mass = FALSE, gynoid_lean_mass = FALSE, gynoid_total_mass = FALSE, android_to_gynoid_ratio = FALSE, android_percent_fat = FALSE, gynoid_percent_fat = FALSE, subcutaneous_fat_area = FALSE, subcutaneous_fat_mass = FALSE, subcutaneous_fat_volume = FALSE, total_abdominal_fat_area = FALSE, total_abdominal_fat_mass = FALSE, total_abdominal_fat_volume = FALSE, visceral_adipose_tissue_area = FALSE, visceral_adipose_tissue_mass = FALSE, visceral_adipose_tissue_volume = FALSE, Year = FALSE, join = ""left"")"
"db_dxxfem",TRUE,"db_","(data, years, total_femur_area_cm2 = FALSE, total_femur_bmc_g = FALSE, total_femur_bmd_g.cm2 = FALSE, femoral_neck_area_cm2 = FALSE, femoral_neck_bmc_g = FALSE, femoral_neck_bmd_g.cm2 = FALSE, trochanter_area_cm2 = FALSE, trochanter_bmc_g = FALSE, trochanter_bmd_g.cm2 = FALSE, intertrochanter_area_cm2 = FALSE, intertrochanter_bmc_g = FALSE, intertrochanter_bmd_g.cm2 = FALSE, ward_triangle_area_cm2 = FALSE, ward_triangle_bmc_g = FALSE, ward_triangle_bmd_g.cm2 = FALSE, calculated_k_for_femur = FALSE, calculated_do_for_femur = FALSE, Year = FALSE, join = ""left"")"
"db_dxxspn",TRUE,"db_","(data, years, total_spine_area_cm2 = FALSE, total_spine_bmc_g = FALSE, total_spine_bmd_g.cm2 = FALSE, l1_area_cm2 = FALSE, l1_bmc_g = FALSE, l1_bmd_g.cm2 = FALSE, l2_area_cm2 = FALSE, l2_bmc_g = FALSE, l2_bmd_g.cm2 = FALSE, l3_area_cm2 = FALSE, l3_bmc_g = FALSE, l3_bmd_g.cm2 = FALSE, l4_area_cm2 = FALSE, l4_bmc_g = FALSE, l4_bmd_g.cm2 = FALSE, calculated_k_for_spine = FALSE, calculated_d0_for_spine = FALSE, total_trabecular_bone_score = FALSE, l1_tbs = FALSE, l2_tbs = FALSE, l3_tbs = FALSE, l4_tbs = FALSE, Year = FALSE, join = ""left"")"
"db_eating.occasion",TRUE,"db_","(years, day = 1)"
"db_flavonoids",TRUE,"db_","(data, years, dietary = c(""tot"", ""iff""), day = 1, fun = c(""mean"", ""sum"", ""alone""), Daidzein_mg = FALSE, Genistein_mg = FALSE, Glycitein_mg = FALSE, Cyanidin_mg = FALSE, Petunidin_mg = FALSE, Delphinidin_mg = FALSE, Malvidin_mg = FALSE, Pelargonidin_mg = FALSE, Peonidin_mg = FALSE, Catechin_mg = FALSE, Epigallocatechin_mg = FALSE, Epicatechin_mg = FALSE, Epicatechin_3_gallate_mg = FALSE, Epigallocatechin_3_gallate_mg = FALSE, Theaflavin_mg = FALSE, Thearubigins_mg = FALSE, Eriodictyol_mg = FALSE, Hesperetin_mg = FALSE, Naringenin_mg = FALSE, Apigenin_mg = FALSE, Luteolin_mg = FALSE, Isorhamnetin_mg = FALSE, Kaempferol_mg = FALSE, Myricetin_mg = FALSE, Quercetin_mg = FALSE, Theaflavin_3_3_digallate_mg = FALSE, Theaflavin_3q_gallate_mg = FALSE, Theaflavin_3_gallate_mg = FALSE, Gallocatechin_mg = FALSE, Subtotal_Catechins_mg = FALSE, Total_Isoflavones_mg = FALSE, Total_Anthocyanidins_mg = FALSE, Total_Flavan_3_ols_mg = FALSE, Total_Flavanones_mg = FALSE, Total_Flavones_mg = FALSE, Total_Flavonols_mg = FALSE, Total_Sum_of_all_29_flavonoids_mg = FALSE, both2days = TRUE, join = ""left"", Year = FALSE)"
"db_flxcln",TRUE,"db_","(data, years, central_incisor = FALSE, lateral_incisor = FALSE, cuspid = FALSE, bicuspid1 = FALSE, bicuspid2 = FALSE, molar1 = FALSE, molar2 = FALSE, Year = FALSE, join = ""left"", lower_cd = TRUE)"
"db_fndds",TRUE,"db_","(data, years, files, Year = FALSE, join = ""left"", nrow = Inf)"
"db_fped",TRUE,"db_","(data, years, day = c(""1"", ""2""), dietary = c(""tot"", ""iff""), version = c(""2015"", ""2010""), fun = c(""sum"", ""mean""), f_citmlb = FALSE, f_other = FALSE, f_whole = FALSE, f_juice = FALSE, f_total = FALSE, v_drkgr = FALSE, v_redor_tomato = FALSE, v_redor_other = FALSE, v_redor_total = FALSE, v_starchy_potato = FALSE, v_starchy_other = FALSE, v_starchy_total = FALSE, v_other = FALSE, v_total = FALSE, v_legumes = FALSE, g_whole = FALSE, g_refined = FALSE, g_total = FALSE, d_milk = FALSE, d_yogurt = FALSE, d_cheese = FALSE, d_total = FALSE, pf_meat = FALSE, pf_curedmeat = FALSE, pf_organ = FALSE, pf_poult = FALSE, pf_seafd_hi = FALSE, pf_seafd_low = FALSE, pf_mps_total = FALSE, pf_eggs = FALSE, pf_soy = FALSE, pf_nutsds = FALSE, pf_legumes = FALSE, pf_total = FALSE, add_sugars = FALSE, oils = FALSE, solid_fats = FALSE, a_drinks = FALSE, seaplant = FALSE, addsugc = FALSE, solfatc = FALSE, vtotalleg = FALSE, vdrkgrleg = FALSE, pfallprotleg = FALSE, pfseaplantleg = FALSE, Year = F, join = ""left"")"
"db_fped.g",FALSE,"db_","(data, years, day = c(""1"", ""2""), dietary = c(""tot"", ""iff""), fun = c(""mean"", ""sum""), f_citmlb = FALSE, f_other = FALSE, f_whole = FALSE, f_juice = FALSE, f_total = FALSE, v_drkgr = FALSE, v_redor_tomato = FALSE, v_redor_other = FALSE, v_redor_total = FALSE, v_starchy_potato = FALSE, v_starchy_other = FALSE, v_starchy_total = FALSE, v_other = FALSE, v_total = FALSE, v_legumes = FALSE, g_whole = FALSE, g_refined = FALSE, g_total = FALSE, d_milk = FALSE, d_yogurt = FALSE, d_cheese = FALSE, d_total = FALSE, pf_meat = FALSE, pf_curedmeat = FALSE, pf_organ = FALSE, pf_poult = FALSE, pf_seafd_hi = FALSE, pf_seafd_low = FALSE, pf_mps_total = FALSE, pf_eggs = FALSE, pf_soy = FALSE, pf_nutsds = FALSE, pf_legumes = FALSE, pf_total = FALSE, add_sugars = FALSE, oils = FALSE, solid_fats = FALSE, a_drinks = FALSE, join = ""left"")"
"db_fped.kcal",FALSE,"db_","(data, years, day = c(""1"", ""2""), dietary = c(""tot"", ""iff""), fun = c(""mean"", ""sum""), f_citmlb = FALSE, f_other = FALSE, f_whole = FALSE, f_juice = FALSE, f_total = FALSE, v_drkgr = FALSE, v_redor_tomato = FALSE, v_redor_other = FALSE, v_redor_total = FALSE, v_starchy_potato = FALSE, v_starchy_other = FALSE, v_starchy_total = FALSE, v_other = FALSE, v_total = FALSE, v_legumes = FALSE, g_whole = FALSE, g_refined = FALSE, g_total = FALSE, d_milk = FALSE, d_yogurt = FALSE, d_cheese = FALSE, d_total = FALSE, pf_meat = FALSE, pf_curedmeat = FALSE, pf_organ = FALSE, pf_poult = FALSE, pf_seafd_hi = FALSE, pf_seafd_low = FALSE, pf_mps_total = FALSE, pf_eggs = FALSE, pf_soy = FALSE, pf_nutsds = FALSE, pf_legumes = FALSE, pf_total = FALSE, add_sugars = FALSE, oils = FALSE, solid_fats = FALSE, a_drinks = FALSE, join = ""left"")"
"db_hormone",TRUE,"db_","(data, years, testosterone_ng.dl = FALSE, free_testosterone_ng.dl = FALSE, bioavailable_testosterone_ng.dl = FALSE, sex_hormone_binding_globulin_nmol.l = FALSE, estradiol_pg.ml = FALSE, androstanedione_glucuronide_ng.ml = FALSE, Year = FALSE, join = ""left"")"
"db_mango",TRUE,"db_","(data, years, day = 1, fun = c(""mean"", ""alone"", ""sum""), both2days = TRUE, food.code = NULL, Year = FALSE, join = ""left"")"
"db_mort",TRUE,"db_","(data, years, varLabel = TRUE, codebook = TRUE, Year = FALSE, join = ""left"")"
"db_muscle.strength",TRUE,"db_","(data, years, grip_test_status = TRUE, ever_had_surgery_on_hands_or_wrists = TRUE, recent_pain_aching_stiffness_right_hand = TRUE, recent_pain_aching_stiffness_left_hand = TRUE, dominant_hand = FALSE, index_finger_90_degree = FALSE, testing_position = FALSE, hassigned_for_practice_trial = FALSE, begin_test_hand = FALSE, gs_t1_h1.kg = FALSE, gs_t1_h1_effort = FALSE, gs_t1_h2.kg = FALSE, gs_t1_h2_effort = FALSE, gs_t2_h1.kg = FALSE, gs_t2_h1_effort = FALSE, gs_t2_h2.kg = FALSE, gs_t2_h2_effort = FALSE, gs_t3_h1.kg = FALSE, gs_t3_h1_effort = FALSE, gs_t3_h2.kg = FALSE, gs_t3_h2_effort = FALSE, combined_grip_strength_kg = FALSE, Year = FALSE, join = ""left"")"
"db_nova",TRUE,"db_","(data = NULL, all = FALSE, day = 1, years, unprocessed_minimal.grams, ingredients.grams, processed.grams, ultra_processed.grams, unprocessed_minimal.kcal, ingredients.kcal, processed.kcal, ultra_processed.kcal, Year = F, join = ""left"")"
"db_ogtt",TRUE,"db_","(data, years, ogtt_subsample_2_year_mec_weight = FALSE, two_hour_glucose_ogtt_mg.dl = FALSE, two_hour_glucose_ogtt_mmol.l = FALSE, total_length_of_food_fast_hours = FALSE, total_length_of_food_fast_minutes = FALSE, glucose_challenge_administer_time_in_min = FALSE, time_from_fast_glucose_challenge_min = FALSE, time_from_fasting_glucose_ogtt_min = FALSE, time_from_glucose_challenge_ogtt_min = FALSE, amount_of_glucose_challenge_drank = FALSE, incomplete_ogtt_comment_code = FALSE, Year = FALSE, join = ""left"")"
"db_ohxden",TRUE,"db_","(data, years, exam_status = FALSE, dental_implant = FALSE, dental_restoration = FALSE, dental_sealant = FALSE, root_cary = FALSE, other_root_lesion = FALSE, root_restoration = FALSE, other_root_restoration = FALSE, dental_decay = FALSE, edentulous = FALSE, tooth_condition = FALSE, coronal_cary_tooth = FALSE, coronal_cary_surface = FALSE, coronal_caries_2nd_restoration_sc = FALSE, coronal_caries_2nd_restoration_tc = FALSE, sealants = FALSE, foc = FALSE, label = FALSE, Year = FALSE, join = ""left"")"
"db_paxraw",FALSE,"db_","(data, years, Year = FALSE, join = ""left"")"
"db_pooltf",FALSE,"db_","(data, years, Year = FALSE)"
"db_sandwiches",TRUE,"db_","(data, years, day = 1, fun = ""mean"", both2days = TRUE, unit = ""gram"", Year = FALSE, join = ""left"")"
"db_slq",TRUE,"db_","(data, years, how_long_to_fall_asleep_minutes = FALSE, how_much_sleep_do_you_get_hours = FALSE, ever_told_doctor_had_trouble_sleeping = FALSE, ever_told_by_doctor_have_sleep_disorder = FALSE, sleep_disorder_sleep_apnea = FALSE, sleep_disorder_insomnia = FALSE, sleep_disorder_restless_legs = FALSE, sleep_disorder_other = FALSE, how_often_do_you_snore = FALSE, how_often_do_you_snort_or_stop_breathing = FALSE, how_often_have_trouble_falling_asleep = FALSE, how_often_wake_up_during_night = FALSE, how_often_wake_up_too_early_in_morning = FALSE, how_often_feel_unrested_during_the_day = FALSE, how_often_feel_overly_sleepy_during_day = FALSE, how_often_did_you_not_get_enough_sleep = FALSE, how_often_take_pills_to_help_you_sleep = FALSE, how_often_have_leg_jerks_while_sleeping = FALSE, how_often_have_legs_cramp_while_sleeping = FALSE, difficulty_concentrating_when_tired = FALSE, difficulty_remembering_when_tired = FALSE, difficulty_eating_when_tired = FALSE, difficulty_with_a_hobby_when_tired = FALSE, difficulty_getting_things_done = FALSE, difficulty_with_finance_when_tired = FALSE, difficulty_at_work_because_tired = FALSE, difficulty_on_phone_when_tired = FALSE, usual_sleep_time_on_weekdays_or_workdays = FALSE, usual_wake_time_on_weekdays_or_workdays = FALSE, sleep_hours_weekdays_or_workdays = FALSE, usual_sleep_time_on_weekends = FALSE, usual_wake_time_on_weekends = FALSE, sleep_hours_weekends = FALSE, Year = FALSE, join = ""left"")"
"db_sprint",TRUE,"db_","(data, years, Year = FALSE, join = ""left"")"
"db_spx",TRUE,"db_","(data, years, test_status_first, test_comment_first, fvc_baseline_ml, extrapolated_volume_baseline_ml, fev_0.5_baseline_ml, fev_0.75_baseline_ml, fev_1_baseline_ml, fev_3_baseline_ml, fev_6_baseline_ml, pef_baseline_ml.s, fef_25.75_baseline_ml.s, forced_expiratory_time_baseline_s, fvc_quality_attribute_baseline, fev1_quality_attribute_baseline, number_of_acceptable_curves_baseline, effort_quality_attribute_baseline, selected_for_bronchodilator, spirometry_second_test_status, spirometry_second_test_comment, fvc_2nd_ml, extrapolated_volume_2nd_ml, fev_0.5_2nd_ml, fev_0.75_2nd_ml, fev_1_2nd_ml, fev_3_2nd_ml, fev_6_2nd_ml, pef_2nd_ml.s, fef_25.75_2nd_ml.s, forced_expiratory_time_2nd_s, fvc_quality_attribute_2nd, fev1_quality_attribute_2nd, number_of_acceptable_curves_2nd, effort_quality_attribute_2nd, Year = FALSE, join = ""left"")"
"db_tea",TRUE,"db_","(data, years, day = 1, fun = c(""mean"", ""alone"", ""sum""), unit = c(""gram"", ""kcal"", ""cup""), sweeten = FALSE, caffeinate = FALSE, green = FALSE, black = FALSE, oolong = FALSE, iced = FALSE, hot = FALSE, normT = FALSE, leaf = FALSE, instant = FALSE, bottle = FALSE, both2days = TRUE, food.code = NULL, Year = FALSE, join = ""left"")"
"db_urine.alb.cr",TRUE,"db_","(data, years, albumin_urine_mg.l = FALSE, albumin_urine_ug.ml = FALSE, creatinine_urine_mg.dl = FALSE, creatinine_urine_umol.l = FALSE, uACR_mg.g = FALSE, Year = FALSE, join = ""left"")"
"dex_ABPI",TRUE,"dex_","(data, years, left_abpi = TRUE, right_abpi = TRUE, Year = FALSE, join = ""left"")"
"dex_ABSI",TRUE,"dex_","(data, years, Year = FALSE, join = ""left"")"
"dex_AHA.PREVENT",TRUE,"dex_","(data, years, CVD_10yr.risk = F, ASCVD_10yr.risk = F, HF_10yr.risk = F, component = F, Year = F, join = ""left"")"
"dex_AIP",TRUE,"dex_","(data = NULL, years, weight = FALSE, Year = FALSE, join = ""left"", cat = TRUE)"
"dex_ASCVD.h10yr",TRUE,"dex_","(data, years, age = ""[40,79]"", restrict.Race = TRUE, component = FALSE, weight = FALSE, Year = FALSE, join = ""left"")"
"dex_BARD",TRUE,"dex_","(data, years, Year = FALSE, join = ""left"")"
"dex_BRI",TRUE,"dex_","(data, years, Year = FALSE, join = ""left"")"
"dex_BiologicalAge",TRUE,"dex_","(data, biomarkers = NULL, by = NULL)"
"dex_CALLY",TRUE,"dex_","(data, years, all = FALSE, CALLY = T, crp, alb, lym, Year = F, join = ""left"")"
"dex_CCI",TRUE,"dex_","(data, years, cci_number = FALSE, Year = FALSE, join = ""left"")"
"dex_CDAI",TRUE,"dex_","(data, years, day = 1, both2days = T, component = FALSE, Year = FALSE, join = ""left"", round = 3)"
"dex_CMDS",TRUE,"dex_","(data, years, weight = FALSE, Year = FALSE, join = ""left"")"
"dex_CMI",TRUE,"dex_","(data, years, CMI, tg_mmol.L, hdl_mmol.L, WHtR, Year = FALSE, join = ""left"")"
"dex_CONUT",TRUE,"dex_","(data, years, Year = FALSE, join = ""left"")"
"dex_DASH.Mellen",TRUE,"dex_","(data, years, day = 1, both2days = T, component = F, Year = FALSE, join = ""left"")"
"dex_DII",TRUE,"dex_","(data, years, day = 1, rawComponet = FALSE, both2days = F, cat = TRUE, Year = FALSE, join = ""left"")"
"dex_DI_GM",TRUE,"dex_","(data, years, day = 1, score = F, component = F, Year = FALSE, join = ""left"")"
"dex_FIB.4",TRUE,"dex_","(data, years, Year = FALSE, join = ""left"")"
"dex_FLI",TRUE,"dex_","(data, years, Year = FALSE, join = ""left"")"
"dex_FS",TRUE,"dex_","(data, years, Year = FALSE, join = ""left"", weight = FALSE)"
"dex_FSI",TRUE,"dex_","(data, years, Year = FALSE, join = ""left"", weight = FALSE)"
"dex_Frailty",TRUE,"dex_","(data, years, component = FALSE)"
"dex_GNRI",TRUE,"dex_","(data, years, cut, method = c(""22"", ""105"", ""wlo""))"
"dex_GPS",TRUE,"dex_","(data, years, Year = FALSE, join = ""left"")"
"dex_HEI",TRUE,"dex_","(data, years, version = c(""2015"", ""2010""), method = c(""ssum"", ""pratio""), dietary = c(""tot"", ""iff""), day = 1, both2days = F, varLabel = FALSE, energy = TRUE, component = TRUE, density = FALSE, seed = NULL)"
"dex_HOMA",TRUE,"dex_","(data, years, IR = TRUE, IS = TRUE, beta = TRUE, fglu = FALSE, finsulin = FALSE, Year = FALSE, join = ""left"")"
"dex_HSI",TRUE,"dex_","(data, years, Year = FALSE, join = ""left"")"
"dex_HeartAge",TRUE,"dex_","(data, years, CVD.10yr.risk = FALSE, component = FALSE, points_var = FALSE, Year = FALSE, join = ""left"")"
"dex_LAP",TRUE,"dex_","(data, years, Year = FALSE, join = ""left"")"
"dex_LC9",TRUE,"dex_","(data, years, day = 1, componet = FALSE, Year = FALSE, join = ""left"")"
"dex_LE8",TRUE,"dex_","(data, years, day = 1, componet = FALSE, Year = FALSE, join = ""left"")"
"dex_LS7",TRUE,"dex_","(data, years, count = FALSE, component_score = FALSE, component_raw = FALSE, hei_version = 2010, Year = FALSE, join = ""left"")"
"dex_MAO",TRUE,"dex_","(data, years, Year = FALSE, yes1 = FALSE, join = ""left"")"
"dex_METS.IR",TRUE,"dex_","(data, years, Year = FALSE, join = ""left"")"
"dex_METS.VF",TRUE,"dex_","(data, years, Year = FALSE, join = ""left"")"
"dex_MHO",TRUE,"dex_","(data, years, Year = FALSE, yes1 = FALSE, join = ""left"")"
"dex_MMII",TRUE,"dex_","(data = NULL, years, MMII = T, component = F, Year = F, join = ""left"")"
"dex_MQI",TRUE,"dex_","(data, years, MQI.total = TRUE, MQI.app = FALSE, MQI.arm = FALSE, ASM = FALSE, ASMI = FALSE, Year = FALSE, QC = TRUE, GF.dominant = FALSE, join = ""left"")"
"dex_MgDS",TRUE,"dex_","(data, years, component = FALSE, Year = FALSE, join = ""left"")"
"dex_Muscle.strength",TRUE,"dex_","(data, years, activity = FALSE, times = FALSE, MET = FALSE, week = TRUE, Year = FALSE, join = ""left"")"
"dex_NAFLD.LFS",TRUE,"dex_","(data, years, Year = FALSE, Mets = c(""IDF2006"", ""ATP"", ""IDF2009"", ""Harm""), join = ""left"", cat = TRUE, component = FALSE)"
"dex_NFS",TRUE,"dex_","(data, years, Year = FALSE, join = ""left"", weight = FALSE)"
"dex_NLR",TRUE,"dex_","(data = NULL, all = FALSE, years, NLR, Year = F, join = ""left"")"
"dex_NPS",TRUE,"dex_","(data, years, Year = FALSE, join = ""left"")"
"dex_OBS",TRUE,"dex_","(data, years, day = c(1, 2), OBS.dietary = FALSE, OBS.lifestyle = FALSE, component = FALSE, score = FALSE, Year = FALSE, join = ""left"", cat = T)"
"dex_PAiaf",TRUE,"dex_","(data, years, activity = FALSE, level = FALSE, times = FALSE, duration = FALSE, mets = FALSE, weight_type = FALSE, PA_iaf = FALSE, Year = FALSE, week = FALSE, join = ""left"")"
"dex_PLF",TRUE,"dex_","(data, years, Year = FALSE, join = ""left"")"
"dex_PLR",TRUE,"dex_","(data = NULL, all = FALSE, years, PLR = T, Year = F, join = ""left"")"
"dex_PRAL.NEAP",TRUE,"dex_","(data, years, day = 1, both2days = TRUE, fun = c(""mean"", ""sum"", ""alone""), Year = FALSE, join = ""left"", component = FALSE)"
"dex_PhysicalActivity",TRUE,"dex_","(data, years, all.5 = FALSE, walk_bicycle = FALSE, Tasks.HomeYard = FALSE, Muscle.strength = FALSE, WorkActivity = FALSE, RecreationalActivity = FALSE, activity = FALSE, time = FALSE, MET = FALSE, week = TRUE, direction = c(""m"", ""v"", ""no""), total_time, total_MET, component = FALSE, Year = FALSE, join = ""left"")"
"dex_RecreationalActivity",TRUE,"dex_","(data, years, activity = FALSE, time = FALSE, MET = FALSE, direction = c(""m"", ""v"", ""no""), Year = FALSE, join = ""left"")"
"dex_SARC.F",TRUE,"dex_","(data, years, component = F, Year = FALSE, join = ""left"")"
"dex_SDoH",TRUE,"dex_","(data, years, score = F, component = F, Year = F, join = ""left"")"
"dex_SHR",TRUE,"dex_","(data = NULL, years, SHR = T, glucose_mg.dL = F, HbA1c = F, Year = F, join = ""left"")"
"dex_SII",TRUE,"dex_","(data, years, Year = FALSE, join = ""left"")"
"dex_Tasks.HomeYard",TRUE,"dex_","(data, years, activity = FALSE, time = FALSE, MET = FALSE, week = TRUE, direction = c(""m"", ""v"", ""no""), Year = FALSE, join = ""left"")"
"dex_TyG",TRUE,"dex_","(data, years, Year = FALSE, join = ""left"")"
"dex_VAI",TRUE,"dex_","(data, years)"
"dex_VAT",TRUE,"dex_","(data, years, Year = FALSE, join = ""left"")"
"dex_WHR",TRUE,"dex_","(data, years, Year = FALSE, join = ""left"")"
"dex_WHtR",TRUE,"dex_","(data, years, Year = FALSE, join = ""left"")"
"dex_WorkActivity",TRUE,"dex_","(data, years, activity = FALSE, time = FALSE, MET = FALSE, direction = c(""m"", ""v"", ""no""), Year = FALSE, join = ""left"")"
"dex_YJP",TRUE,"dex_","(data, years, cut = 4, Year = FALSE, cat = TRUE, join = ""left"")"
"dex_ZJU",TRUE,"dex_","(data, years, Year = FALSE, join = ""left"")"
"dex_animal.protein",FALSE,"dex_","(data, years, Year = FALSE, join = ""left"")"
"dex_body.fat.percentage",TRUE,"dex_","(data, years, Year = FALSE, join = ""left"")"
"dex_eGDR",TRUE,"dex_","(data = NULL, all = FALSE, years, eGDR = T, Year = F, join = ""left"")"
"dex_eGFR",TRUE,"dex_","(data, years, method = ""CKD_EPI_Scr_2009"", Year = FALSE, join = ""left"")"
"dex_ePWV",TRUE,"dex_","(data, years, Year = FALSE, join = ""left"", component = F)"
"dex_fasting.time",TRUE,"dex_","(data = NULL, years, day = 1, fasting.time = T, Year = F, join = ""left"")"
"dex_fat.mass",TRUE,"dex_","(data, years, Year = FALSE, join = ""left"")"
"dex_fii",TRUE,"dex_","(data = NULL, all = FALSE, day = 1, years, Year = F, join = ""left"")"
"dex_high.quality.carbohydrate",FALSE,"dex_","(data, years, Year = FALSE, join = ""left"")"
"dex_lean.mass",TRUE,"dex_","(data, years, Year = FALSE, join = ""left"")"
"dex_low.qulity.carbohydrate",FALSE,"dex_","(data, years, Year = FALSE, join = ""left"")"
"dex_phenoAge",TRUE,"dex_","(data, years, component = FALSE, Year = FALSE, join = ""left"")"
"dex_plant.protein",FALSE,"dex_","(data, years, Year = FALSE, join = ""left"")"
"dex_ulb",TRUE,"dex_","(data, years, component = FALSE, weight = FALSE, Year = FALSE, join = ""left"")"
"dex_usFLI",TRUE,"dex_","(data, years, Year = FALSE, join = ""left"")"
"dex_walk_bicycle",TRUE,"dex_","(data, years, activity = FALSE, time = FALSE, MET = FALSE, week = TRUE, direction = c(""m"", ""v"", ""no""), Year = FALSE, join = ""left"")"
"diag_ACO",TRUE,"diag_","(data, years, Year = FALSE, join = ""left"")"
"diag_ASCVD",TRUE,"diag_","(data, years, early_ASCVD = FALSE, early_male = 55, early_female = 60, Year = FALSE, join = ""left"")"
"diag_Anemia",TRUE,"diag_","(data, years, Year = FALSE, join = ""left"")"
"diag_Asthma",TRUE,"diag_","(data, years, told = TRUE, drug = TRUE, cat = TRUE, yes1 = FALSE, Year = FALSE, join = ""left"")"
"diag_CKD",TRUE,"diag_","(data, years, ckd = c(""A2"", ""G3a""), show_CKD = TRUE, show_prognosis = TRUE, show_ACR = FALSE, show_eGFR = FALSE, eGFR_method = ""CKD_EPI_Scr_2009"", yes1 = FALSE, Year = FALSE, join = ""left"")"
"diag_CKM",TRUE,"diag_","(data, years, component = F, Year = F, join = ""left"")"
"diag_COPD",TRUE,"diag_","(data, years, told = T, emphysema = TRUE, spx = TRUE, drug = TRUE, cat = TRUE, Year = FALSE, yes1 = FALSE, join = ""left"")"
"diag_CVD",TRUE,"diag_","(data, years, Year = FALSE, join = ""left"")"
"diag_DM",TRUE,"diag_","(data, years, told = TRUE, HbA1c = TRUE, fast_glu = TRUE, OGTT2 = TRUE, rand_glu = TRUE, drug = TRUE, DM1 = FALSE, cat = TRUE, Year = FALSE, join = ""left"", exclude_Pregnant = TRUE)"
"diag_Familial.Hypercholesterolemia",TRUE,"diag_","(data, years, class = TRUE, score = FALSE, Year = FALSE, join = ""left"")"
"diag_Fibrillation",TRUE,"diag_","(data, years, Year = FALSE, join = ""left"")"
"diag_Hyperlipidemia",TRUE,"diag_","(data, years, yes1 = FALSE, Year = FALSE, join = ""left"")"
"diag_Hypertension",TRUE,"diag_","(data, years, told = TRUE, drug = TRUE, bpx = TRUE, method = c(""mean"", ""times""), systolic = 140, diastolic = 90, n = 3, component = FALSE, yes1 = FALSE, cat = TRUE, Year = FALSE, join = ""left"")"
"diag_MAFLD",TRUE,"diag_","(data, years, steatosis = FALSE, second3 = FALSE, met = FALSE, CAP.cutoff = 248, above.equal = FALSE, cat = TRUE, Year = FALSE, join = ""left"")"
"diag_MAFLD.FLI",TRUE,"diag_","(data, years, steatosis = FALSE, second3 = FALSE, met = FALSE, cutoff.FLI = NULL, cat = TRUE, Year = FALSE, join = ""left"")"
"diag_MAFLD.usFLI",TRUE,"diag_","(data, years, steatosis = FALSE, second3 = FALSE, met = FALSE, cutoff.usFLI = NULL, cat = TRUE, Year = FALSE, join = ""left"")"
"diag_MASLD.FLI",TRUE,"diag_","(data, years, cutoff.FLI = NULL, Year = FALSE, join = ""left"")"
"diag_MASLD.cap",TRUE,"diag_","(data, years, cutoff.cap = 248, Year = FALSE, join = ""left"")"
"diag_MASLD.usFLI",TRUE,"diag_","(data, years, cutoff.usFLI = 30, Year = FALSE, join = ""left"")"
"diag_MetS",TRUE,"diag_","(data, years, methods = c(""ATP"", ""IDF2006"", ""IDF2009"", ""Harm""), component = FALSE, yes1 = FALSE, join = ""left"", Year = FALSE, cat = TRUE)"
"diag_NAFLD",TRUE,"diag_","(data, years, cap.cutoff = 248, colname = ""Nonalcoholic.fatty.liver.disease"", Year = FALSE, join = ""left"")"
"diag_OSAS.3",TRUE,"diag_","(data, years, Year = FALSE, join = ""left"", component = F)"
"diag_OSAS.3a",TRUE,"diag_","(data, years, Year = FALSE, join = ""left"", component = F)"
"diag_OSAS.3ha",TRUE,"diag_","(data, years, Year = FALSE, join = ""left"", component = F)"
"diag_OSAS.MAP",TRUE,"diag_","(data, years, Year = FALSE, join = ""left"", component = F)"
"diag_Overactive.bladder",TRUE,"diag_","(data, years, Year = FALSE, join = ""left"")"
"diag_PAD",TRUE,"diag_","(data, years, yes1 = FALSE, Year = FALSE, join = ""left"")"
"diag_PHQ9",TRUE,"diag_","(data, years, cut, na0 = FALSE, score = FALSE, dpq = FALSE, varLabel = FALSE, cat = T)"
"diag_Parkinson",TRUE,"diag_","(data, years, Year = FALSE, yes1 = FALSE, join = ""left"")"
"diag_Pregnant",TRUE,"diag_","(data, years, yes1 = FALSE, Year = FALSE, join = ""left"")"
"diag_RMetS",TRUE,"diag_","(data, years, component = F, Year = FALSE, join = ""left"")"
"diag_Resistant.hypertension",TRUE,"diag_","(data, years, systolic = 140, diastolic = 90, Year = FALSE, join = ""left"")"
"diag_Retinal.Emboli",TRUE,"diag_","(data, years, Year = FALSE, join = ""left"")"
"diag_alcohol.associated.liver.disease",TRUE,"diag_","(data, years, yes1 = FALSE, colname = ""alcohol.associated.liver.disease"", Year = FALSE, join = ""left"")"
"diag_alcohol.user",TRUE,"diag_","(data, years, mild = c(1, 2), moderate = c(2, 3), heavy = c(3, 4), binge = TRUE, Year = FALSE, join = ""left"")"
"diag_angina",TRUE,"diag_","(data, years, angina = TRUE, angina.Age = FALSE, yes1 = FALSE, Year = FALSE, join = ""left"")"
"diag_arthritis",TRUE,"diag_","(data, years, arthritis = FALSE, arghritis_age = FALSE, arghritis_type = FALSE, rheumatoid_arthritis, psoriatic_arthritis, osteoarthritis_or_degenerative_arthritis, Year = FALSE, join = ""left"")"
"diag_atopic",TRUE,"diag_","(data, cut.off = 0.35, component = F, Year = F)"
"diag_binge",TRUE,"diag_","(data, years, month = TRUE, Year = FALSE, join = ""left"")"
"diag_congestive.heart.failure",TRUE,"diag_","(data, years, yes1 = FALSE, Year = FALSE, join = ""left"")"
"diag_coronary.heart.disease",TRUE,"diag_","(data, years, coronary.heart.disease = TRUE, coronary.heart.disease.Age = FALSE, Year = FALSE, join = ""left"")"
"diag_epilepsy",TRUE,"diag_","(data, years, yes1 = FALSE, take_drug = FALSE, DrugNumber = FALSE, drugname = FALSE, remove.other = TRUE, dup.take.drug = c(""paste"", ""remove"", ""keep""), Year = FALSE, join = ""left"")"
"diag_heart.attack",TRUE,"diag_","(data, years, heart.attack = TRUE, heart.attack.Age = FALSE, Year = FALSE, join = ""left"")"
"diag_hypoparathyroidism",TRUE,"diag_","(data, years, Year = FALSE, join = ""left"")"
"diag_icd10",TRUE,"diag_","(..., data, years, Year = FALSE, join = ""left"", colname = ""target"", yes1 = FALSE, icd10 = FALSE)"
"diag_infertility",TRUE,"diag_","(data, years, infertility_care = FALSE, Year = FALSE, join = ""left"")"
"diag_mFried.frailty",TRUE,"diag_","(data = NULL, all = FALSE, years, Fried.frailty, Fried.frailty_count, weakness, low.pa, exhaustion, slow.walking.speed, weight.change, Year = F, join = ""left"")"
"diag_osteoporosis",TRUE,"diag_","(data, years, fem.neck.mean = 0.86, fem.neck.sd = 0.12, lum.mean = 1.064, lum.sd = 0.106, Tscore = FALSE, Year = FALSE, join = ""left"")"
"diag_periodontitis",TRUE,"diag_","(data, years, Year = FALSE, join = ""left"")"
"diag_periodontitis_CDC.AAP",TRUE,"diag_","(data, years, Year = FALSE, join = ""left"")"
"diag_preDM",TRUE,"diag_","(data, years, Year = FALSE, cat = TRUE, join = ""left"")"
"diag_sarcopenia",TRUE,"diag_","(data, years, yes1 = FALSE, Year = FALSE, join = ""left"")"
"diag_sarcopenia_low.muscle",TRUE,"diag_","(data, years, yes1 = FALSE, Year = FALSE, join = ""left"")"
"diag_smoke",TRUE,"diag_","(data, years, smoke = T, start_age = F, quit_years = F, smoking_years = F, pack_years = F, cigarettes_per_day_when_quit = F, avg_cigarettes_per_day_past_30_days = F, anyone.smoke.in.home = F, days.used.nicotine.stop.smoking.aid_past5days = F, never = ""never"", former = ""former"", now = ""now"", Year = FALSE, join = ""left"")"
"diag_stroke",TRUE,"diag_","(data, years, stroke = TRUE, stroke.Age = FALSE, Year = FALSE, join = ""left"")"
"diag_viral.hepatitis",TRUE,"diag_","(data, years, HBV = TRUE, HCV = TRUE, Year = FALSE, yes1 = FALSE, colname = ""viral.hepatitis"", join = ""left"")"
"diag_youth.hypertension",TRUE,"diag_","(data, years, levels = c(""90th"", ""50th"", ""95th"", ""95th+""), Year = FALSE, join = ""left"")"
"diag_youth.obesity",TRUE,"diag_","(data, years, Year = FALSE, join = ""left"")"
"drug_anti.Diabetic",TRUE,"drug_","(data, years, take_drug = TRUE, DrugNumber = FALSE, drugname = FALSE, fdaNDC = FALSE, dcn = FALSE, icn = FALSE, icd10 = FALSE, yes.code = NULL, other.code = NULL, no.code = NULL, remove.other = TRUE, dup.take.drug = ""remove"", join = ""left"", Year = FALSE)"
"drug_anti.Hyperlipidemic",TRUE,"drug_","(data, years, take_drug = TRUE, DrugNumber = FALSE, drugname = FALSE, fdaNDC = FALSE, dcn = FALSE, icn = FALSE, icd10 = FALSE, yes.code = NULL, other.code = NULL, no.code = NULL, remove.other = TRUE, dup.take.drug = ""remove"", join = ""left"", Year = FALSE)"
"drug_anti.Hypertensive",TRUE,"drug_","(data, years, take_drug = TRUE, DrugNumber = FALSE, drugname = FALSE, fdaNDC = FALSE, dcn = FALSE, icn = FALSE, icd10 = FALSE, yes.code = NULL, other.code = NULL, no.code = NULL, remove.other = TRUE, dup.take.drug = ""remove"", join = ""left"", Year = FALSE)"
"drug_anti.infectives",TRUE,"drug_","(data, years, take_drug = TRUE, DrugNumber = FALSE, drugname = FALSE, fdaNDC = FALSE, dcn = FALSE, icn = FALSE, icd10 = FALSE, yes.code = NULL, other.code = NULL, no.code = NULL, remove.other = TRUE, dup.take.drug = ""remove"", join = ""left"", Year = FALSE)"
"drug_anti.parkinson",TRUE,"drug_","(data, years, take_drug = TRUE, DrugNumber = FALSE, drugname = FALSE, fdaNDC = FALSE, dcn = FALSE, icn = FALSE, icd10 = FALSE, yes.code, other.code, no.code, remove.other = TRUE, dup.take.drug = ""remove"", join = ""left"", Year = FALSE)"
"drug_fibrates",TRUE,"drug_","(data, years, take_drug = TRUE, DrugNumber = FALSE, drugname = FALSE, fdaNDC = FALSE, dcn = FALSE, icn = FALSE, icd10 = FALSE, yes.code = NULL, other.code = NULL, no.code = NULL, remove.other = TRUE, dup.take.drug = ""remove"", join = ""left"", Year = FALSE)"
"drug_niacin",TRUE,"drug_","(data, years, take_drug = TRUE, DrugNumber = FALSE, drugname = FALSE, fdaNDC = FALSE, dcn = FALSE, icn = FALSE, icd10 = FALSE, yes.code = NULL, other.code = NULL, no.code = NULL, remove.other = TRUE, dup.take.drug = ""remove"", join = ""left"", Year = FALSE)"
"drug_search",TRUE,"drug_","(..., years = NULL)"
"fndds_AddFoodDesc",TRUE,"fndds_","(..., data, years, start = NULL, Year = FALSE, join = ""left"")"
"fndds_DerivDesc",TRUE,"fndds_","(data, years, Year = FALSE, join = ""left"")"
"fndds_FNDDSIngred",TRUE,"fndds_","(data, years, Year = FALSE, join = ""left"")"
"fndds_FNDDSNutVal",TRUE,"fndds_","(data, years, Year = FALSE, join = ""left"")"
"fndds_FoodPortionDesc",TRUE,"fndds_","(data, years, Year = FALSE, join = ""left"")"
"fndds_FoodSubcodeLinks",TRUE,"fndds_","(data, years, Year = FALSE, join = ""left"")"
"fndds_FoodWeights",TRUE,"fndds_","(data, years, Year = FALSE, join = ""left"")"
"fndds_IngredNutVal",TRUE,"fndds_","(data, years, Year = FALSE, join = ""left"")"
"fndds_MainFoodDesc",TRUE,"fndds_","(..., data, years, start = NULL, Year = FALSE, abbr = TRUE, fortify = TRUE, wweia = TRUE, join = ""left"")"
"fndds_MoistAdjust",TRUE,"fndds_","(data, years, Year = FALSE, join = ""left"")"
"fndds_NutDesc",TRUE,"fndds_","(data, years, Year = FALSE, join = ""left"")"
"fndds_SubcodeDesc",TRUE,"fndds_","(data, years, Year = FALSE, join = ""left"")"
"fndds_comp.food.Desc",TRUE,"fndds_","(..., data, years, start = NULL, Year = FALSE, abbr = TRUE, fortify = TRUE, wweia = TRUE, add = TRUE, join = ""left"")"
"fndds_comp.food.Portion.Weight",TRUE,"fndds_","(..., data, years, start = NULL, Year = FALSE, join = ""left"")"
"fndds_comp.nutrients",TRUE,"fndds_","(..., data, years, Year = FALSE, join = ""left"")"
"fndds_download",TRUE,"fndds_","()"
"fndds_file_colnames",TRUE,"fndds_","(files = NULL, years, view = TRUE)"
"fndds_file_names",TRUE,"fndds_","(view = TRUE)"
"fndds_food.code",TRUE,"fndds_","(years, cat = TRUE)"
"fndds_tsv",TRUE,"fndds_","(..., years, cat = TRUE)"
"fped_download",TRUE,"fped_","()"
"fped_occasion",TRUE,"fped_","(data, years, day = 1, fun = c(""sum"", ""mean""), occasion = c(""Breakfast"", ""Lunch"", ""Dinner""), f_citmlb = FALSE, f_other = FALSE, f_whole = FALSE, f_juice = FALSE, f_total = FALSE, v_drkgr = FALSE, v_redor_tomato = FALSE, v_redor_other = FALSE, v_redor_total = FALSE, v_starchy_potato = FALSE, v_starchy_other = FALSE, v_starchy_total = FALSE, v_other = FALSE, v_total = FALSE, v_legumes = FALSE, g_whole = FALSE, g_refined = FALSE, g_total = FALSE, d_milk = FALSE, d_yogurt = FALSE, d_cheese = FALSE, d_total = FALSE, pf_meat = FALSE, pf_curedmeat = FALSE, pf_organ = FALSE, pf_poult = FALSE, pf_seafd_hi = FALSE, pf_seafd_low = FALSE, pf_mps_total = FALSE, pf_eggs = FALSE, pf_soy = FALSE, pf_nutsds = FALSE, pf_legumes = FALSE, pf_total = FALSE, add_sugars = FALSE, oils = FALSE, solid_fats = FALSE, a_drinks = FALSE, Year = FALSE, join = ""left"", cat = TRUE)"
"fped_read",TRUE,"fped_","(years, day = c(""1"", ""2""), dietary = c(""tot"", ""iff""), version = c(""2010"", ""2015""), fun = c(""sum"", ""mean""), cat = FALSE)"
"fped_read.g",FALSE,"fped_","(years, day = c(""1"", ""2""), fun = c(""sum"", ""mean""), cat = FALSE)"
"fped_readi",FALSE,"fped_","(years, day = c(""1"", ""2""), dietary = c(""tot"", ""iff""), version = c(""2010"", ""2015""), cat = FALSE)"
"get_config_items",TRUE,"get_config_","()"
"get_config_path",TRUE,"get_config_","(slash = FALSE)"
"get_config_years",TRUE,"get_config_","(range = TRUE)"
".add_local_z",FALSE,"internal-dot","(ip, wechat, end = NULL, win = F)"
".add_year_1",FALSE,"internal-dot","(id = NULL, year = 1)"
".add_zhishi",FALSE,"internal-dot","(data, file, write = TRUE)"
".cal",FALSE,"internal-dot","()"
".delete_local_z",FALSE,"internal-dot","(ip)"
".onAttach",FALSE,"internal-dot","(...)"
".show_local_z",FALSE,"internal-dot","(wechat)"
".zz",FALSE,"internal-dot","()"
"%=%",TRUE,"misc","(a, b)"
"DSD",TRUE,"misc","(data, years, prebiotic = FALSE, probiotic = FALSE, synbiotic = F, component = F, Year = F, join = ""left"")"
"DataDist",TRUE,"misc","(..., data, q.display, q.effect = c(0.25, 0.75), adjto.cat = c(""mode"", ""first""), n.unique = 10)"
"Drug",TRUE,"misc","(..., data = NULL, years, take_drug = ""take_drug"", DrugNumber = FALSE, drugname = FALSE, fdaNDC = FALSE, dcn = FALSE, icn = FALSE, icd10 = FALSE, yes.code = NULL, other.code = NULL, no.code = NULL, remove.other = T, dup.take.drug = c(""remove"", ""paste"", ""keep""), join = ""left"", Year = FALSE)"
"Factor",TRUE,"misc","(x)"
"Flavonoids_download",TRUE,"misc","()"
"Frailty49",TRUE,"misc","()"
"Full_Join",TRUE,"misc","(..., by = ""seqn"", cat = TRUE, inspect = NULL)"
"Inner_Join",TRUE,"misc","(..., by = ""seqn"", cat = TRUE, inspect = NULL)"
"LS7_Michelle",FALSE,"misc","(years, hei_version = 2010, count, component_score, component_raw)"
"Left_Join",TRUE,"misc","(..., by = ""seqn"", cat = TRUE, inspect = NULL)"
"NULLcodebook",FALSE,"misc","(firs_publish, last_revise, file)"
"Qnplot",TRUE,"misc","(..., xlab = NULL, ylab = NULL, skip = 0, linewidth = 0.9, axis.text.size = 10, axis.label.size = 12, legend.text.size = 9.5, legend.position = ""right"", strip.text.size = 10, file = NULL, width = par(""din"")[1], height = par(""din"")[2], unit = ""in"", dpi = 300)"
"Recode",TRUE,"misc","(x, ..., string = TRUE, cat = TRUE, to.numeric = FALSE, order = F)"
"Replace0",FALSE,"misc","(data, ..., ignore.case = F)"
"Right_Join",TRUE,"misc","(..., by = ""seqn"", cat = TRUE, inspect = NULL)"
"add_col",TRUE,"misc","(data, colname = NULL, value = NULL, condition = NULL, position = NULL)"
"add_color_to_text",FALSE,"misc","(text, key, color)"
"add_masc",FALSE,"misc","(d, ex_col = NULL)"
"add_style",FALSE,"misc","(x, selector = NULL, n = NULL, pseudo = NULL, pseudo.link = FALSE, pseudo.visited = FALSE, pseudo.hover = FALSE, pseudo.active = FALSE, pseudo.checked = FALSE, pseudo.disabled = FALSE, pseudo.empty = FALSE, pseudo.enabled = FALSE, pseudo.first_child = FALSE, pseudo.first_of_type = FALSE, pseudo.focus = FALSE, pseudo.in_range = FALSE, pseudo.invalid = FALSE, pseudo.lang = FALSE, pseudo.last_child = FALSE, pseudo.last_of_type = FALSE, pseudo.not = FALSE, pseudo.nth_child = FALSE, pseudo.nth_last_child = FALSE, pseudo.nth_last_of_type = FALSE, pseudo.nth_of_type = FALSE, pseudo.only_of_type = FALSE, pseudo.only_child = FALSE, pseudo.optional = FALSE, pseudo.out_of_range = FALSE, pseudo.read_only = FALSE, pseudo.read_write = FALSE, pseudo.required = FALSE, pseudo.root = FALSE, pseudo.target = FALSE, pseudo.valid = FALSE, pseudo.after = FALSE, pseudo.before = FALSE, pseudo.first_letter = FALSE, pseudo.first_line = FALSE, pseudo.selection = FALSE, pseuded.selector = NULL, opacity = NULL, background = NULL, background_color = NULL, background_image = NULL, background_size = NULL, background_size.cover = FALSE, background_size.contain = FALSE, background_repeat = NULL, background_repeat.no_repeat = FALSE, background_repeat.repeat_x = FALSE, background_repeat.repeat_y = FALSE, background_position = NULL, background_attachment.fixed = FALSE, background_attachment.scroll = FALSE, background_clip.border = FALSE, background_clip.padding = FALSE, background_clip.content = FALSE, background_origin = NULL, background_origin.border_box = FALSE, background_origin.padding_box = FALSE, background_origin.content_box = FALSE, border = NULL, border_style.dashed = FALSE, border_style.dotted = FALSE, border_style.double = FALSE, border_style.groove = FALSE, border_style.hidden = FALSE, border_style.inset = FALSE, border_style.none = FALSE, border_style.outset = FALSE, border_style.ridge = FALSE, border_style.solid = FALSE, border_left_style.dashed = FALSE, border_left_style.dotted = FALSE, border_left_style.double = FALSE, border_left_style.groove = FALSE, border_left_style.hidden = FALSE, border_left_style.inset = FALSE, border_left_style.none = FALSE, border_left_style.outset = FALSE, border_left_style.ridge = FALSE, border_left_style.solid = FALSE, border_right_style.dashed = FALSE, border_right_style.dotted = FALSE, border_right_style.double = FALSE, border_right_style.groove = FALSE, border_right_style.hidden = FALSE, border_right_style.inset = FALSE, border_right_style.none = FALSE, border_right_style.outset = FALSE, border_right_style.ridge = FALSE, border_right_style.solid = FALSE, border_top_style.dashed = FALSE, border_top_style.dotted = FALSE, border_top_style.double = FALSE, border_top_style.groove = FALSE, border_top_style.hidden = FALSE, border_top_style.inset = FALSE, border_top_style.none = FALSE, border_top_style.outset = FALSE, border_top_style.ridge = FALSE, border_top_style.solid = FALSE, border_bottom_style.dashed = FALSE, border_bottom_style.dotted = FALSE, border_bottom_style.double = FALSE, border_bottom_style.groove = FALSE, border_bottom_style.hidden = FALSE, border_bottom_style.inset = FALSE, border_bottom_style.none = FALSE, border_bottom_style.outset = FALSE, border_bottom_style.ridge = FALSE, border_bottom_style.solid = FALSE, border_width = NULL, border_color = NULL, border_radius = NULL, border_left_width = NULL, border_left_color = NULL, border_left_radius = NULL, border_right_width = NULL, border_right_color = NULL, border_right_radius = NULL, border_top_width = NULL, border_top_color = NULL, border_top_radius = NULL, border_bottom_width = NULL, border_bottom_color = NULL, border_bottom_radius = NULL, border_collapse.separate = FALSE, border_collapse.collapse = FALSE, border_collapse.inherit = FALSE, margin = NULL, margin_top = NULL, margin_right = NULL, margin_bottom = NULL, margin_left = NULL, padding = NULL, padding_top = NULL, padding_right = NULL, padding_bottom = NULL, padding_left = NULL, height = NULL, width = NULL, max_width = NULL, min_width = NULL, max_height = NULL, min_height = NULL, outline_style.dotted = FALSE, outline_style.dashed = FALSE, outline_style.solid = FALSE, outline_style.double = FALSE, outline_style.groove = FALSE, outline_style.ridge = FALSE, outline_style.inset = FALSE, outline_style.outset = FALSE, outline_style.none = FALSE, outline_style.hidden = FALSE, outline_color = NULL, outline_width = NULL, outline_offset = NULL, outline = NULL, color = NULL, text_align.center = FALSE, text_align.left = FALSE, text_align.right = FALSE, text_align.justify = FALSE, text_direction.rtl = FALSE, vertical_align.top = FALSE, vertical_align.middle = FALSE, vertical_align.bottom = FALSE, text_decoration.none = FALSE, text_decoration.overline = FALSE, text_decoration.line_through = FALSE, text_decoration.underline = FALSE, text_transform.uppercase = FALSE, text_transform.lowercase = FALSE, text_transform.capitalize = FALSE, text_indent = NULL, letter_spacing = NULL, word_spacing = NULL, line_height = NULL, white_space.pre = FALSE, white_space.nowrap = FALSE, white_space.pre_warp = FALSE, white_space.pre_line = FALSE, white_space.inherit = FALSE, text_shadow = NULL, overflow = NULL, overflow.hidden = FALSE, overflow.scroll = FALSE, overflow.auto = FALSE, overflow.inherit = FALSE, overflow_x = NULL, overflow_x.hidden = FALSE, overflow_x.scroll = FALSE, overflow_x.auto = FALSE, overflow_x.inherit = FALSE, overflow_y = NULL, overflow_y.hidden = FALSE, overflow_y.scroll = FALSE, overflow_y.auto = FALSE, overflow_y.inherit = FALSE, text_overflow.clip = FALSE, text_overflow.ellipsis = FALSE, text_overflow.string = FALSE, font_size = NULL, font_family = NULL, font_family.Serif = FALSE, font_family.Times_New_Roman = FALSE, font_family.Georgia = FALSE, font_family.Garamond = FALSE, font_family.Sans_serif = FALSE, font_family.Arial = FALSE, font_family.Verdana = FALSE, font_family.Helvetica = FALSE, font_family.Monospace = FALSE, font_family.Courier_New = FALSE, font_family.Lucida_Console = FALSE, font_family.Monaco = FALSE, font_family.Cursive = FALSE, font_family.Brush_Script_MT = FALSE, font_family.Lucida_Handwriting = FALSE, font_family.Fantasy = FALSE, font_family.Copperplate = FALSE, font_family.Papyrus = FALSE, font_style.normal = FALSE, font_style.italic = FALSE, font_style.oblique = FALSE, font_weight.bold = FALSE, font_weight.normal = FALSE, font_variant.normal = FALSE, font_variant.small_caps = FALSE, list_style_type.none = FALSE, list_style_type.circle = FALSE, list_style_type.square = FALSE, list_style_type.upper_roman = FALSE, list_style_type.lower_alpha = FALSE, list_style_image = NULL, list_style_position.outside = FALSE, list_style_position.inside = FALSE, display = NULL, display.none = FALSE, display.block = FALSE, display.inline = FALSE, display.inline_block = FALSE, display.table_cell = FALSE, display.flex = FALSE, visibility = NULL, visibility.visible = FALSE, visibility.hidden = FALSE, visibility.collapse = FALSE, visibility.inherit = FALSE, position = NULL, position.static = FALSE, position.relative = FALSE, position.fixed = FALSE, position.absolute = FALSE, position.sticky = FALSE, top = NULL, bottom = NULL, left = NULL, right = NULL, go_top = NULL, go_bottom = NULL, go_left = NULL, go_right = NULL, z_index = NULL, float = NULL, float.left = FALSE, float.right = FALSE, float.none = FALSE, float.inherit = FALSE, clear = NULL, clear.both = FALSE, box_sizing = NULL, box_sizing.border_box = FALSE, box_sizing.content_box = FALSE, box_sizing.inherit = FALSE, content = NULL, transform = NULL, transform.translate = FALSE, transform.rotate = FALSE, transform.scaleX = FALSE, transform.scaleY = FALSE, transform.scale = FALSE, transform.skewX = FALSE, transform.skewY = FALSE, transform.skew = FALSE, transform.matrix = FALSE, transition = NULL, transition_delay = NULL, transition_duration = NULL, transition_property = NULL, transition_timing_function = NULL, transition_timing_function.ease = FALSE, transition_timing_function.linear = FALSE, transition_timing_function.ease_in = FALSE, transition_timing_function.ease_out = FALSE, transition_timing_function.ease_in_out = FALSE, animation = NULL, animation_fadenum = NULL, animation_name = NULL, animation_duration = NULL, animation_delay = NULL, animation_iteration_count = NULL, animation_direction = NULL, animation_timing_function = NULL, animation_fill_mode = NULL, resize = NULL, resize.none = FALSE, resize.both = FALSE, resize.horizontal = FALSE, resize.vertical = FALSE, flex_flow = NULL, flex_direction = NULL, flex_direction.column = FALSE, flex_direction.row = FALSE, flex_direction.row_reverse = FALSE, flex_direction.column_reverse = FALSE, flex_wrap = NULL, flex_wrap.nowrap = FALSE, flex_wrap.wrap = FALSE, flex_wrap.wrap_reverse = FALSE, justify_content = NULL, justify_content.center = FALSE, justify_content.flex_start = FALSE, justify_content.flex_end = FALSE, justify_content.space_evenly = FALSE, justify_content.space_around = FALSE, justify_content.space_between = FALSE, align_items = NULL, align_items.center = FALSE, align_items.flex_start = FALSE, align_items.flex_end = FALSE, align_items.stretch = FALSE, align_items.baseline = FALSE, align_content = NULL, align_content.space_between = FALSE, align_content.space_around = FALSE, align_content.stretch = FALSE, align_content.center = FALSE, align_content.flex_start = FALSE, align_content.flex_end = FALSE, align_self = NULL, align_self.space_between = FALSE, align_self.space_around = FALSE, align_self.stretch = FALSE, align_self.center = FALSE, align_self.flex_start = FALSE, align_self.flex_end = FALSE, order = NULL, flex = NULL, flex_grow = NULL, flex_shrink = NULL, flex_basis = NULL, grid_template_columns = NULL, grid_template_rows = NULL, grid_gap = NULL, grid_area = NULL, grid_column_gap = NULL, grid_row_gap = NULL, grid_column = NULL, grid_column_start = NULL, grid_column_end = NULL, grid_row = NULL, grid_row_start = NULL, grid_row_end = NULL, cursor = NULL)"
"add_variable",FALSE,"misc","(fit, ..., vars = NULL, data = NULL)"
"ageAdjust",TRUE,"misc","(design, agecat = NULL, population = NULL, disease = NULL, mean_var = NULL, by = NULL, subset = NULL)"
"aggregate2",FALSE,"misc","(data, x, by, fun)"
"aggregate_max",TRUE,"misc","(data, x, by, na.rm = T)"
"aggregate_mean",TRUE,"misc","(data, x, by, na.rm = T)"
"aggregate_min",TRUE,"misc","(data, x, by, na.rm = T)"
"aggregate_sum",TRUE,"misc","(data, x, by, na.rm = T)"
"attach_file",FALSE,"misc","(attach)"
"attach_read",FALSE,"misc","(file)"
"bind_col",TRUE,"misc","(df)"
"bold_change",FALSE,"misc","(r)"
"browse_rxq_Drug",TRUE,"misc","()"
"browse_rxq_Rx",TRUE,"misc","(years)"
"bu",TRUE,"misc","(x, rule)"
"build_codebook",TRUE,"misc","(progress = T)"
"build_drug_data",FALSE,"misc","(years)"
"build_drug_search_data",FALSE,"misc","(years)"
"build_html",FALSE,"misc","()"
"build_varLabel",TRUE,"misc","(progress = TRUE)"
"census_range",TRUE,"misc","(..., sum = FALSE)"
"character2numeric",TRUE,"misc","(x)"
"check1",TRUE,"misc","(x)"
"ci_by",FALSE,"misc","(data, x, by, round = 2)"
"codebook_url",FALSE,"misc","(url, file, html)"
"col_rename",TRUE,"misc","(data, ...)"
"copy_with_structure",FALSE,"misc","(src_dir, dest_dir)"
"create_db_sprint",FALSE,"misc","(version = 1)"
"create_dex_CMI",FALSE,"misc","(version = 2)"
"create_dex_LE8",FALSE,"misc","(version = 1)"
"create_dex_SDoH",FALSE,"misc","(version = 1)"
"create_diag_smoke",FALSE,"misc","(version = 2)"
"cut_headtail",TRUE,"misc","(x, col, ..., cat = T)"
"d2db",FALSE,"misc","(d)"
"data_years",FALSE,"misc","(data, years)"
"delet_masc",FALSE,"misc","(d, ex_col = NULL)"
"delete_variable",FALSE,"misc","(fit, ..., vars = NULL, data = NULL)"
"delete_variable_rcs_keepx",FALSE,"misc","(fit, data = NULL, dataxxyyyyxx = F)"
"design4matchit",TRUE,"misc","(design)"
"deviance_svycoxph",FALSE,"misc","(object)"
"digit",FALSE,"misc","(x, round)"
"digit2character",TRUE,"misc","(x, round = 2)"
"digit2numeric",TRUE,"misc","(x, round = 2)"
"dii",TRUE,"misc","(component, x)"
"distinct",TRUE,"misc","(.data, ..., .keep_all = FALSE)"
"dl",FALSE,"misc","(li)"
"drop_col",TRUE,"misc","(x, ...)"
"drop_row",TRUE,"misc","(x, ...)"
"drop_row_high_percent",TRUE,"misc","(d, ..., percent = 97.5)"
"drop_row_low_percent",TRUE,"misc","(d, ..., percent = 2.5)"
"eGFR_CKD_EPI_Scr_2021",FALSE,"misc","(data, scr_mg.dl)"
"eGFR_FAS_age",FALSE,"misc","(data, scr_mg.dl)"
"eGFR_FAS_height",FALSE,"misc","(data, scr_mg.dl)"
"each_id_first_row",TRUE,"misc","(data = NULL, ...)"
"each_id_last_row",TRUE,"misc","(data = NULL, ...)"
"equal",FALSE,"misc","(a, b)"
"even",FALSE,"misc","(x)"
"evenl",FALSE,"misc","(x)"
"explicit1",FALSE,"misc","(formula)"
"filepage",FALSE,"misc","(yeari, itemsi, mode, files, filetable = NULL, cat = TRUE, redown = TRUE, update = FALSE, xpt = TRUE, tsv = TRUE, varLabel = TRUE, codebook = TRUE, updatefile = TRUE, updatekeyword = NULL)"
"filesize",FALSE,"misc","(file)"
"forestplot",TRUE,"misc","(x, ...)"
"formula2arguments",FALSE,"misc","()"
"fped0304",FALSE,"misc","(day = 1, dietary = ""iff"", grams = FALSE)"
"freq_count",TRUE,"misc","(design, x, by = NULL, value = FALSE, per = FALSE, remove.name = FALSE, remove.suffix = FALSE, round = 2, file = NULL)"
"freq_mean",TRUE,"misc","(design, x, by = NULL, value = FALSE, sd = FALSE, low.high = FALSE, ci = FALSE, meanPMsd = FALSE, meanSQsd = FALSE, round = 2, na.rm = TRUE)"
"full_join_character",FALSE,"misc","(model.i)"
"getChangepoints",TRUE,"misc","(r, range = NULL)"
"getKnot",TRUE,"misc","(fit)"
"getReference",TRUE,"misc","(r)"
"get_Flavonoids_path",FALSE,"misc","()"
"get_mort_path",TRUE,"misc","()"
"group_cal",FALSE,"misc","(d, mean_vars = NULL, median_vars = NULL, sd_vars = NULL, max_vars = NULL, min_vars = NULL, sum_vars = NULL, uniq_vars = NULL, paste_vars = NULL, uniq_past_vars = NULL, collapse = "","", bys = NULL)"
"group_max",FALSE,"misc","(d, vars = NULL, bys = NULL)"
"group_mean",TRUE,"misc","(d, vars = NULL, bys = NULL)"
"group_min",FALSE,"misc","(d, vars = NULL, bys = NULL)"
"group_paste",FALSE,"misc","(d, vars = NULL, bys = NULL, collapse = "","")"
"group_sd",FALSE,"misc","(d, vars = NULL, bys = NULL)"
"group_sum",FALSE,"misc","(d, vars = NULL, bys = NULL)"
"group_unique",FALSE,"misc","(d, vars = NULL, bys = NULL)"
"group_use_paste",FALSE,"misc","(x, collapse = "","")"
"head4span",FALSE,"misc","(x, p1 = NULL, p2 = NULL, rm0 = F)"
"hei_2010",FALSE,"misc","(indat, kcal = ""dr1tkcal"", lv_total = ""legume_added_dr1t_v_total"", lbeangrn = ""legume_added_beangrn"", f_total = ""dr1t_f_total"", wholefrt = ""wholefrt"", g_whl = ""dr1t_g_whole"", d_total = ""dr1t_d_total"", lallmeat = ""legume_added_allmeat"", lseaplant = ""legume_added_seaplant"", monopoly = ""monopoly"", sfat = ""dr1tsfat"", sodi = ""dr1tsodi"", g_nwhl = ""dr1t_g_refined"", emptycal10 = ""emptycal10"", varLabel = FALSE, energy = TRUE, component = TRUE, density = FALSE, join = ""seqn"")"
"hei_2010_PerDay_pratio",FALSE,"misc","(seqn = NULL, years = 1999, day = ""1"", dietary = ""tot"", seed = NULL, varLabel = FALSE)"
"hei_2010_PerDay_ssum",FALSE,"misc","(years, day = ""2"", dietary = ""tot"", varLabel = FALSE, energy = TRUE, component = TRUE, density = FALSE, version = 2010)"
"hei_2010_PerPerson_pratio",FALSE,"misc","(seqn = NULL, years = years, dietary = ""tot"", seed = NULL)"
"hei_2010_PerPerson_ssum",FALSE,"misc","(years, dietary = ""tot"", varLabel = FALSE, energy = TRUE, component = TRUE, density = FALSE, both2days = F)"
"hei_2015",FALSE,"misc","(indat = indat, kcal = ""dr1tkcal"", vtotalleg = ""vtotalleg"", vdrkgrleg = ""vdrkgrleg"", f_total = ""dr1t_f_total"", fwholefrt = ""fwholefrt"", g_whole = ""dr1t_g_whole"", d_total = ""dr1t_d_total"", pfallprotleg = ""pfallprotleg"", pfseaplantleg = ""pfseaplantleg"", monopoly = ""monopoly"", satfat = ""dr1tsfat"", sodium = ""dr1tsodi"", g_refined = ""dr1t_g_refined"", add_sugars = ""dr1t_add_sugars"", varLabel = FALSE, energy = TRUE, component = TRUE, density = FALSE, join = ""seqn"")"
"hei_2015_PerDay_pratio",FALSE,"misc","(seqn = NULL, years = 2009, day = ""1"", dietary = ""tot"", seed = NULL, varLabel = FALSE)"
"hei_2015_PerDay_ssum",FALSE,"misc","(years, day, dietary, varLabel = FALSE, energy = TRUE, component = TRUE, density = FALSE, version = 2015)"
"hei_2015_PerPerson_pratio",FALSE,"misc","(seqn = seqn, years = years, dietary = dietary, seed = NULL)"
"hei_2015_PerPerson_ssum",FALSE,"misc","(years, dietary = ""tot"", varLabel = FALSE, energy = TRUE, component = TRUE, density = FALSE, both2days = F)"
"highlight",TRUE,"misc","(x, ..., colors = NULL)"
"histgram_range",FALSE,"misc","(x, bins)"
"html_URL",TRUE,"misc","(x, href = NULL, name = NULL, target = ""new"")"
"html_space",FALSE,"misc","(n = 1)"
"html_table",FALSE,"misc","(df, ..., caption = NULL, header = 1, headtop = 0, bodytop = 0, headspan.list = NULL, foot = """")"
"icd10_search",FALSE,"misc","(..., years)"
"ifel",TRUE,"misc","(...)"
"inf2NA",FALSE,"misc","(x)"
"inset_both_frame",TRUE,"misc","()"
"inset_both_square",TRUE,"misc","()"
"inset_exact_match",TRUE,"misc","()"
"inset_left_frame",TRUE,"misc","()"
"inset_left_square",TRUE,"misc","()"
"inset_right_frame",TRUE,"misc","()"
"inset_right_square",TRUE,"misc","()"
"interi",FALSE,"misc","(fit)"
"intersection",FALSE,"misc","(fit, round, boot = 2000, seed = NULL)"
"ip_analysis",TRUE,"misc","(fit, ip = NULL, round = 3, xlsx = NULL)"
"label2varLabel",FALSE,"misc","()"
"label_table",FALSE,"misc","(div)"
"leg2010a",FALSE,"misc","(indat, kcal, allmeat, seaplant, v_total, v_drkgr, legumes)"
"listn",FALSE,"misc","(x, n = 1)"
"live_microbes_table",TRUE,"misc","()"
"look",TRUE,"misc","(x, ..., ignore.case = FALSE)"
"looki",FALSE,"misc","(x, ..., ignore.case = FALSE, NA2false = FALSE)"
"lookl",TRUE,"misc","(x, ..., ignore.case = TRUE, NA2false = FALSE)"
"matchit4design",TRUE,"misc","(design, matchit)"
"mdb_files",TRUE,"misc","(mdb)"
"mean_by",FALSE,"misc","(data, x, by)"
"miss",FALSE,"misc","(x = 1)"
"missForest2",TRUE,"misc","(d, ntree = 5, seed = 1)"
"missValue",TRUE,"misc","(data, ...)"
"mort_codebook",FALSE,"misc","()"
"mort_download",TRUE,"misc","()"
"mort_read",TRUE,"misc","(years, varLabel = FALSE, codebook = TRUE)"
"mort_varLabel",FALSE,"misc","()"
"multibyteString",TRUE,"misc","(tsv)"
"nchar_max",FALSE,"misc","(x)"
"newVb",TRUE,"misc","(df, ...)"
"nhanesR_startup_check",TRUE,"misc","()"
"odd",FALSE,"misc","(x)"
"oddl",FALSE,"misc","(x)"
"optimal_nKnots",TRUE,"misc","(fit, n = 3:8, by = NULL, plot = TRUE, title = NULL, data = NULL, cat = F)"
"order_fit",FALSE,"misc","(fs)"
"p4interaction",TRUE,"misc","(fit, adjust = NULL, df = Inf)"
"p4trend",TRUE,"misc","(fit, x = NULL, character2integer = TRUE, quadratic = FALSE, round = 3)"
"paste0_columns",FALSE,"misc","(df, collapse = "","")"
"paste1",FALSE,"misc","(x1, x2)"
"paste_dataframe",TRUE,"misc","(...)"
"person_years",TRUE,"misc","(data, outcome = NULL, year = NULL, by = NULL, per1000 = FALSE, round = 3)"
"prepare_items",TRUE,"misc","(items)"
"prepare_years",TRUE,"misc","(years, range = TRUE)"
"prevalence_byYear",TRUE,"misc","(object, y = NULL, stratum = NULL, adjust = NULL, round = 2, xlsx = NULL)"
"qoute_n",FALSE,"misc","(x, pos = ""left"")"
"quant",TRUE,"misc","(x, n, round = 3, cat = TRUE, Q = FALSE)"
"quiet",FALSE,"misc","(x)"
"rcsx",FALSE,"misc","(fit)"
"re_order",TRUE,"misc","(data, ...)"
"regTermTest2",FALSE,"misc","(model, test.terms, null = NULL, df, method = c(""Wald"", ""WorkingWald"", ""LRT""), lrt.approximation = ""saddlepoint"")"
"regTermTest4svycoxph",FALSE,"misc","(model, test.terms, null = NULL, df, method = c(""Wald"", ""WorkingWald"", ""LRT""), lrt.approximation = ""saddlepoint"")"
"regType",FALSE,"misc","(fit)"
"rename",TRUE,"misc","(.data, ...)"
"rename_fdcd",FALSE,"misc","(x, fdcd = ""food.code"")"
"rename_line",FALSE,"misc","(x)"
"rename_rstz",FALSE,"misc","(x)"
"return_data",FALSE,"misc","(data, d, Year, key = ""seqn"", join = ""left"")"
"row_names",TRUE,"misc","(data, names)"
"sd_by",FALSE,"misc","(data, x, by)"
"search_fn",FALSE,"misc","(...)"
"search_words_inR",FALSE,"misc","(..., edit = F)"
"search_words_inR_inline",FALSE,"misc","(..., edit = F, ignore.case = T)"
"select",TRUE,"misc","(.data, ...)"
"select_col",TRUE,"misc","(x, ...)"
"select_df",FALSE,"misc","(x, ...)"
"select_row",TRUE,"misc","(x, ...)"
"seqn_by",FALSE,"misc","(x, by)"
"setReference",TRUE,"misc","(x, value)"
"showSpecialMessage",FALSE,"misc","(..., envir = parent.frame())"
"size_bt2unit",FALSE,"misc","(bt)"
"start_with",FALSE,"misc","(x, start)"
"stork_paper",FALSE,"misc","(english, file = ""stork2.xlsx"")"
"stork_paper1",FALSE,"misc","(html)"
"stratum_model",TRUE,"misc","(object, time = NULL, y, x, stratum = NULL, adjust = NULL, p = TRUE, round = 3, view = TRUE, xlsx = NULL, interaction = TRUE)"
"stratum_model_i",FALSE,"misc","(object, time = NULL, y, x, stratum = NULL, adjust = NULL, p = TRUE, round = 3, interaction = TRUE)"
"subsetdesign2df",TRUE,"misc","(design, ...)"
"svy2rms",FALSE,"misc","(fit, by = NULL)"
"tableB",FALSE,"misc","(..., id = NULL, class = NULL, title = NULL, name = NULL)"
"tbodyB",FALSE,"misc","(..., class = NULL, title = NULL, name = NULL)"
"tdB",FALSE,"misc","(..., colspan = NULL, headers = NULL, rowspan = NULL, class = NULL, title = NULL, name = NULL)"
"test_mode",FALSE,"misc","(years = 1999, items = ""die"")"
"testfile",FALSE,"misc","(urls, files, mode, redown = TRUE, xpt = TRUE, tsv = TRUE, varLabel = TRUE, codebook = TRUE, update = TRUE, filetable = NULL, updatekeyword = NULL)"
"thB",FALSE,"misc","(..., abbr = NULL, colspan = NULL, headers = NULL, rowspan = NULL, scope.col = FALSE, scope.colgroup = FALSE, scope.row = FALSE, scope.rowgroup = FALSE, class = NULL, title = NULL, name = NULL)"
"time_diff",FALSE,"misc","(t1, t2)"
"to_NA",TRUE,"misc","(x, dont_know = TRUE, refused = TRUE)"
"to_numeric",TRUE,"misc","(x)"
"to_sql",FALSE,"misc","(x, name, before = """", after = """")"
"trB",FALSE,"misc","(..., class = NULL, title = NULL, name = NULL)"
"transfer_fndds",TRUE,"misc","()"
"tsv0",FALSE,"misc","(tsv, return.NULL = FALSE, data, msg.CN = NULL, msg.EN = NULL)"
"unique_no_NA",FALSE,"misc","(x, collapse = "","")"
"updateKnot",TRUE,"misc","(fit, k, data = NULL)"
"urlComponet",FALSE,"misc","(url)"
"urlyear",FALSE,"misc","(url)"
"use_data_append",FALSE,"misc","(...)"
"use_data_list",FALSE,"misc","()"
"use_data_remove",FALSE,"misc","(...)"
"varExtracted",TRUE,"misc","(x)"
"varLab_NULL",FALSE,"misc","(firs_publish, last_revise, file)"
"varLabel_url",FALSE,"misc","(url, file, html)"
"var_labels",TRUE,"misc","(df, order = FALSE)"
"var_labels_2_var_formula",FALSE,"misc","(tsv)"
"variable_formula",FALSE,"misc","(var, arg, variable)"
"vitaminAE19999",FALSE,"misc","(data, VitA = FALSE, VitE = FALSE, dietary = ""iff"")"
"wt_dr_day1",FALSE,"misc","(data, wtname = NULL, cat = TRUE)"
"xpt2tsv",FALSE,"misc","(xpt)"
"yes1",FALSE,"misc","(d1)"
"nhs_Connect",TRUE,"nhs_","(user = ""postgres"", password = ""pg"", dbname = ""nhanes"", host = ""localhost"", port = 5432, ...)"
"nhs_DOC",TRUE,"nhs_","(tsv)"
"nhs_Upload",TRUE,"nhs_","(files, conn)"
"nhs_brief",TRUE,"nhs_","(...)"
"nhs_brief.character",FALSE,"nhs_","(...)"
"nhs_brief.data.frame",FALSE,"nhs_","(...)"
"nhs_browse",TRUE,"nhs_","(years, items, open = TRUE)"
"nhs_check",TRUE,"nhs_","(years, items)"
"nhs_codebook",TRUE,"nhs_","(..., tolower = FALSE)"
"nhs_codebook.character",FALSE,"nhs_","(variable, files, tolower = FALSE)"
"nhs_codebook.dataframe",FALSE,"nhs_","(variable, files, tolower = FALSE)"
"nhs_colnames",TRUE,"nhs_","(..., brief = FALSE)"
"nhs_colnames.character",FALSE,"nhs_","(..., brief = FALSE)"
"nhs_colnames.list",FALSE,"nhs_","(..., order = FALSE, brief = FALSE)"
"nhs_copy",TRUE,"nhs_","(dir)"
"nhs_docFile_pc",TRUE,"nhs_","(..., items, years, open = FALSE)"
"nhs_download",TRUE,"nhs_","(years, items, files, xpt = TRUE, tsv = TRUE, varLabel = TRUE, codebook = TRUE, update = TRUE, filetable = NULL, cat = TRUE, redown = TRUE, updatekeyword = NULL)"
"nhs_file_table",TRUE,"nhs_","(year, items, datafilename, docFilename, datafile, published, docURL, dataURL)"
"nhs_files_pc",TRUE,"nhs_","(pattern = NULL, items, years, exclude = NULL, file_ext = NULL, cat = TRUE)"
"nhs_files_web",TRUE,"nhs_","(years, items, cat = TRUE)"
"nhs_html",TRUE,"nhs_","(x, browse = TRUE)"
"nhs_html_download",TRUE,"nhs_","(tsv = NULL, download = FALSE, distribute = FALSE)"
"nhs_items_pc",TRUE,"nhs_","(years)"
"nhs_items_web",TRUE,"nhs_","(years, cat = TRUE)"
"nhs_news",TRUE,"nhs_","(browse = FALSE)"
"nhs_pg",TRUE,"nhs_","(..., varLabel = TRUE, codebook = TRUE, nrows = Inf, lowercd = FALSE, force_rbind = FALSE, conn)"
"nhs_read",TRUE,"nhs_","(..., varLabel = FALSE, codebook = TRUE, lower_cd = FALSE, Year = TRUE, nrows = Inf, cat = TRUE, refuse_dontknow_toNA = TRUE, psu_strat = TRUE, join = c(""full"", ""inner"", ""left"", ""right"", ""semi"", ""anti"", ""nest""))"
"nhs_search",TRUE,"nhs_","(..., cat = TRUE, fileds = NULL)"
"nhs_search_file",FALSE,"nhs_","(..., data = NULL, cat = TRUE)"
"nhs_target",TRUE,"nhs_","(...)"
"nhs_target.character",FALSE,"nhs_","(..., data = NULL)"
"nhs_target.data.frame",FALSE,"nhs_","(...)"
"nhs_target.list",FALSE,"nhs_","(...)"
"nhs_tsv",TRUE,"nhs_","(..., items, years, ex_years = NULL, cat = TRUE)"
"nhs_update",TRUE,"nhs_","(path = NULL)"
"nhs_update0",FALSE,"nhs_","(path = NULL)"
"nhs_varLabel",TRUE,"nhs_","(..., tolower = FALSE)"
"nhs_view",TRUE,"nhs_","(x, ...)"
"nhs_view.Drug",FALSE,"nhs_","(x, ...)"
"nhs_view.character",FALSE,"nhs_","(x, ..., n = 4)"
"nhs_view.data.frame",FALSE,"nhs_","(x, ..., scroll_height = ""600px"")"
"nhs_view.incidence_byYear",FALSE,"nhs_","(x, ..., scroll_height = ""1200px"")"
"nhs_view.nhs_colnames",FALSE,"nhs_","(x, ..., label = TRUE, description = TRUE, target = TRUE, instructions = TRUE, hard.edits = TRUE, datafame = FALSE, combine = NULL, scroll_height = ""600px"")"
"nhs_view.nhs_file_web",FALSE,"nhs_","(x, ..., scroll_height = ""600px"")"
"nhs_view.nhs_search",FALSE,"nhs_","(x, ..., label = TRUE, description = TRUE, target = TRUE, instructions = TRUE, hard.edits = TRUE, datafame = FALSE, scroll_height = ""600px"")"
"nhs_view.nhs_search_file",FALSE,"nhs_","(x, ..., scroll_height = ""600px"")"
"nhs_view.regtable",FALSE,"nhs_","(x, ..., scroll_height = ""1200px"")"
"nhs_view.stratum_model",FALSE,"nhs_","(x, ..., scroll_height = ""1200px"")"
"nhs_view.svy_tableone",FALSE,"nhs_","(x, ...)"
"nhs_view.svytableone",FALSE,"nhs_","(x, ..., scroll_height = ""1200px"")"
"nhs_view.target",FALSE,"nhs_","(x, ...)"
"nhs_wt",TRUE,"nhs_","(data, yr2, yr4, wtname = ""cwt"")"
"nhs_year_pc",TRUE,"nhs_","(range = TRUE)"
"nhs_years_web",TRUE,"nhs_","(range = TRUE)"
"reg_check",TRUE,"reg_","(...)"
"reg_logistic",FALSE,"reg_","(fit, round = 2, style = 2, x = NULL, view = T)"
"reg_table",TRUE,"reg_","(fit, round = 2, style = 2, x = NULL, view = T, xlsx = NULL)"
"reg_table.coxph",FALSE,"reg_","(fit, round = 2, style = 2, x = NULL, view = T, xlsx = NULL)"
"reg_table.cph",FALSE,"reg_","(fit, round = 2, style = 2, x = NULL, view = T, xlsx = NULL)"
"reg_table.glm",FALSE,"reg_","(fit, round = 2, style = 2, x = NULL, view = T, xlsx = NULL)"
"reg_table.lm",FALSE,"reg_","(fit, round = 2, style = 2, x = NULL, view = T)"
"reg_table.lrm",FALSE,"reg_","(fit, round = 2, style = 2, x = NULL, view = T, xlsx = NULL)"
"reg_table.ols",FALSE,"reg_","(fit, round = 2, style = 2, x = NULL, view = T, xlsx = NULL)"
"reg_table.svycoxph",FALSE,"reg_","(fit, round = 2, style = 2, x = NULL, view = T, xlsx = NULL)"
"reg_table.svyglm",FALSE,"reg_","(fit, round = 2, style = 2, x = NULL, view = T, xlsx = NULL)"
"BA.i",FALSE,"s3-or-dotted","(d, biomarkers)"
"HeartAge.table",FALSE,"s3-or-dotted","()"
"OBS.score.table",FALSE,"s3-or-dotted","()"
"YJP.ps",FALSE,"s3-or-dotted","(dii)"
"add_col.data.frame",FALSE,"s3-or-dotted","(data, colname = NULL, value = NULL, condition = NULL, position = NULL)"
"add_col.survey.design",FALSE,"s3-or-dotted","(data, colname = NULL, value = NULL, condition = NULL, position = NULL)"
"browser.fndds",TRUE,"s3-or-dotted","()"
"browser.fped",TRUE,"s3-or-dotted","()"
"browser.survey",TRUE,"s3-or-dotted","()"
"bu_above.equal",TRUE,"s3-or-dotted","(x, n)"
"bu_lower.equal",TRUE,"s3-or-dotted","(x, n)"
"census_2000.All.ages",TRUE,"s3-or-dotted","()"
"census_2000.age20.40.60plus",FALSE,"s3-or-dotted","()"
"census_2000.age20plus",FALSE,"s3-or-dotted","()"
"census_2000.age6plus",FALSE,"s3-or-dotted","()"
"census_2010.All.ages",TRUE,"s3-or-dotted","()"
"census_2010.age20.40.60plus",FALSE,"s3-or-dotted","()"
"census_2010.age20plus",FALSE,"s3-or-dotted","()"
"census_2010.age6plus",FALSE,"s3-or-dotted","()"
"census_range.2010",TRUE,"s3-or-dotted","(..., sum = FALSE)"
"ci.no.by",FALSE,"s3-or-dotted","(design, x, round)"
"coffee.1day",FALSE,"s3-or-dotted","(years, day = 1, unit = ""gram"", caffeinate = FALSE, sweeten = FALSE, fat = FALSE, milk = FALSE, brewed = FALSE, cappuccino = FALSE, cuban = FALSE, espresso = FALSE, frappuccino = FALSE, latte = FALSE, macchiato = FALSE, mexican = FALSE, mocha = FALSE, turkish = FALSE, food.code = NULL)"
"coffee.food.code",FALSE,"s3-or-dotted","(years, food.code = NULL)"
"col.counts",TRUE,"s3-or-dotted","(data)"
"col.max",TRUE,"s3-or-dotted","(data)"
"col.means",TRUE,"s3-or-dotted","(data, na.rm = TRUE)"
"col.sums",TRUE,"s3-or-dotted","(data, na.rm = TRUE)"
"create_db_dr.live.microbes",FALSE,"s3-or-dotted","(version = 1)"
"create_diag_MASLD.FLI",FALSE,"s3-or-dotted","(version = 1)"
"create_diag_MASLD.cap",TRUE,"s3-or-dotted","(version = 2)"
"create_diag_MASLD.usFLI",FALSE,"s3-or-dotted","(version = 1)"
"crude.Model.n",TRUE,"s3-or-dotted","(..., round = 2, xlsx = NULL, style = 1, character2integer = TRUE, quadratic = FALSE, browseXLSX = TRUE)"
"cut_headtail.data.frame",FALSE,"s3-or-dotted","(x, col, ..., cat = T)"
"cut_headtail.numeric",FALSE,"s3-or-dotted","(x, col, ..., cat = T)"
"cvd.points.men.table",FALSE,"s3-or-dotted","()"
"cvd.points.women.table",FALSE,"s3-or-dotted","()"
"df.tolower",FALSE,"s3-or-dotted","(x)"
"dietary_food.code",FALSE,"s3-or-dotted","(..., data, years, start = NULL, Year = FALSE)"
"dii.xlsx",FALSE,"s3-or-dotted","()"
"distinct.survey.design",FALSE,"s3-or-dotted","(.data, ...)"
"drop_row.data.frame",FALSE,"s3-or-dotted","(x, ..., cat = TRUE, title = NULL, title.space = """", subtitle.space = """")"
"drop_row.survey.design",FALSE,"s3-or-dotted","(x, ..., cat = TRUE, title = NULL, title.space = """", subtitle.space = """")"
"dxa.aspx",FALSE,"s3-or-dotted","(url, years, items)"
"fdup_seqn.foodcode",FALSE,"s3-or-dotted","(x, n = 10)"
"file.info2",FALSE,"s3-or-dotted","(file, i)"
"fndds.db.food",FALSE,"s3-or-dotted","(..., years, start = NULL, cat = T, food.code = NULL)"
"fndds.db.food.and.weight",FALSE,"s3-or-dotted","(..., years, start = NULL, food.code = NULL, seq.num = NULL, cat = TRUE, portion.description = NULL)"
"fndds.mango",FALSE,"s3-or-dotted","(years, cat = F, food.code = NULL)"
"food.code_used",TRUE,"s3-or-dotted","(d)"
"forestplot.stratum_model_1",FALSE,"s3-or-dotted","(x, ci_position = 3, ci_wd = 18, ci_col = ""gray"", txt.size = 11, family = """", redtxt = T, xlim = NULL, xticks = NULL, xticks_size = 1.1, box_col = ""black"", box_size = 0.4, box_pch = 19, zero_wd = 1.6, bg_color = ""#f0f3f2"", H1 = NULL, H2 = NULL, H3 = NULL, H4 = NULL, H5 = NULL, H6 = NULL, H7 = NULL, H8 = NULL, H9 = NULL, h1 = 0, h2 = -1, h3 = 0, h4 = -1, h5 = 0, h6 = 0, h7 = 0, h8 = 0, h9 = 0, file = NULL, width = par(""din"")[1], height = par(""din"")[2], dpi = 300)"
"forestplot.stratum_model_2",FALSE,"s3-or-dotted","(x, ci_position = 3, txt.size = 11, family = """", redtxt = T, bg_color = ""#f0f3f2"", ci_wd1 = NULL, ci_wd2 = NULL, ci_wd3 = NULL, ci_wd4 = NULL, ci_wd5 = NULL, ci_wd6 = NULL, ci_wd7 = NULL, ci_wd8 = NULL, ci_wd9 = NULL, ci_wd10 = NULL, xlim1 = NULL, xlim2 = NULL, xlim3 = NULL, xlim4 = NULL, xlim5 = NULL, xlim6 = NULL, xlim7 = NULL, xlim8 = NULL, xlim9 = NULL, xlim10 = NULL, xticks1 = NULL, xticks2 = NULL, xticks3 = NULL, xticks4 = NULL, xticks5 = NULL, xticks6 = NULL, xticks7 = NULL, xticks8 = NULL, xticks9 = NULL, xticks10 = NULL, xticks_size = 10, box_col = NULL, box_size = 0.4, zero_wd = 1.6, H1 = NULL, H2 = NULL, H3 = NULL, H4 = ""P value"", H5 = NULL, H6 = NULL, H7 = NULL, H8 = NULL, H9 = NULL, H10 = NULL, H11 = NULL, H12 = NULL, H13 = NULL, H14 = NULL, H15 = NULL, H16 = NULL, H17 = NULL, H18 = NULL, H19 = NULL, H20 = NULL, H21 = NULL, H22 = NULL, H23 = NULL, H24 = NULL, H25 = NULL, H26 = NULL, H27 = NULL, H28 = NULL, H29 = NULL, H30 = NULL, H31 = NULL, H32 = NULL, H33 = NULL, H34 = NULL, H35 = NULL, H36 = NULL, H37 = NULL, H38 = NULL, H39 = NULL, H40 = NULL, H41 = NULL, H42 = NULL, H43 = NULL, H44 = NULL, H45 = NULL, H46 = NULL, H47 = NULL, H48 = NULL, H49 = NULL, H50 = NULL, h1 = 0, h2 = -1, h3 = 0.4, h4 = 0, h5 = -1, h6 = 0, h7 = 0, h8 = 0, h9 = 0, h10 = 0, h11 = 0, h12 = 0, h13 = 0, h14 = 0, h15 = 0, h16 = 0, h17 = 0, h18 = 0, h19 = 0, h20 = 0, h21 = 0, h22 = 0, h23 = 0, h24 = 0, h25 = 0, h26 = 0, h27 = 0, h28 = 0, h29 = 0, h30 = 0, h31 = 0, h32 = 0, h33 = 0, h34 = 0, h35 = 0, h36 = 0, h37 = 0, h38 = 0, h39 = 0, h40 = 0, h41 = 0, h42 = 0, h43 = 0, h44 = 0, h45 = 0, h46 = 0, h47 = 0, h48 = 0, h49 = 0, h50 = 0, file = NULL, width = par(""din"")[1], height = par(""din"")[2], dpi = 300)"
"funique.noNA",FALSE,"s3-or-dotted","(x)"
"getChangepoints.m1",FALSE,"s3-or-dotted","(r, range = NULL)"
"getChangepoints.m1by",FALSE,"s3-or-dotted","(r, range = NULL)"
"getReference.m1",FALSE,"s3-or-dotted","(r)"
"getReference.m1by",FALSE,"s3-or-dotted","(r)"
"ggplot.m1",FALSE,"s3-or-dotted","(data, mapping, ..., environment = parent.frame(), vline = TRUE, hline = TRUE, point = FALSE, ylab = NULL, xlab = NULL, color = ""red"")"
"ggplot.m1by",FALSE,"s3-or-dotted","(data, mapping, ..., environment = parent.frame(), vline = TRUE, hline = TRUE, point = FALSE, ylab = NULL, xlab = NULL, text = TRUE)"
"iff.fode.code",FALSE,"s3-or-dotted","(years, day = 1, start = NULL)"
"iff.gram.kcl",FALSE,"s3-or-dotted","(years, day)"
"make.formula",FALSE,"s3-or-dotted","(names)"
"md.pattern",TRUE,"s3-or-dotted","(data)"
"md.value",TRUE,"s3-or-dotted","(data)"
"milk.food.code",FALSE,"s3-or-dotted","(years, food.code = NULL)"
"model.data",FALSE,"s3-or-dotted","(fit, data = NULL)"
"mutate.survey.design",FALSE,"s3-or-dotted","(.data, ...)"
"nhs.iff.food.code",FALSE,"s3-or-dotted","(years, day = 1, food.code = NULL)"
"nhs.pubmed",TRUE,"s3-or-dotted","(...)"
"nhs.pubmed_title",TRUE,"s3-or-dotted","(...)"
"optimal_nKnots.default",FALSE,"s3-or-dotted","(fit, n = 3:8, by = NULL, plot = TRUE, title = NULL, data = NULL, cat = F)"
"optimal_nKnots.svycoxph",FALSE,"s3-or-dotted","(fit, n = 3:8, by = NULL, plot = TRUE, title = NULL, data = NULL, cat = F)"
"optimal_nKnots.svyglm",FALSE,"s3-or-dotted","(fit, n = 3:8, by = NULL, plot = TRUE, title = NULL, data = NULL, cat = F)"
"paste_dcn.icn",FALSE,"s3-or-dotted","(x, key = ""rxddcn"")"
"pkg.tgz2zip",FALSE,"s3-or-dotted","()"
"pkg.tgz2zip_mac",FALSE,"s3-or-dotted","()"
"pkg.tgz2zip_win",FALSE,"s3-or-dotted","()"
"print.svy_roc",FALSE,"s3-or-dotted","(x, ...)"
"pvalue.digit",FALSE,"s3-or-dotted","(p, round = 3)"
"pvalue.format",FALSE,"s3-or-dotted","(x, round = 2)"
"quant.median",TRUE,"s3-or-dotted","(x, n, round = 3, cat = TRUE)"
"rename.survey.design",FALSE,"s3-or-dotted","(.data, ...)"
"row.counts",TRUE,"s3-or-dotted","(data)"
"row.max",TRUE,"s3-or-dotted","(x, na.rm = T)"
"row.means",TRUE,"s3-or-dotted","(data, na.rm = TRUE)"
"row.min",TRUE,"s3-or-dotted","(x, na.rm = T)"
"row.sums",TRUE,"s3-or-dotted","(data, na.rm = TRUE)"
"select.survey.design",FALSE,"s3-or-dotted","(.data, ...)"
"select_row.data.frame",FALSE,"s3-or-dotted","(x, ..., cat = TRUE)"
"select_row.survey.design",FALSE,"s3-or-dotted","(x, ..., cat = TRUE)"
"tab.NA",FALSE,"s3-or-dotted","(x)"
"tableB.shinytag",FALSE,"s3-or-dotted","(df, id = NULL)"
"tb1.categorial",FALSE,"s3-or-dotted","(design, x, by = NULL, value = FALSE, per = FALSE, perSQse = FALSE, NSQper = FALSE, nSQper = FALSE, ci = FALSE, direction = ""h"", total = FALSE, round = 2, pvalue = TRUE)"
"tb1.categorial.i",FALSE,"s3-or-dotted","(design, x, by = NULL, value = FALSE, per = FALSE, perSQse = FALSE, NSQper = FALSE, nSQper = FALSE, ci = FALSE, direction = ""h"", total = FALSE, round = 2, pvalue = TRUE)"
"tb1.contineous.normal",FALSE,"s3-or-dotted","(design, x, by = NULL, meanSQse = FALSE, meanPMse = FALSE, ci = FALSE, total = FALSE, round = 2, pvalue = TRUE, c_geometric = FALSE)"
"tb1.contineous.normal.i",FALSE,"s3-or-dotted","(design, x, by = NULL, meanSQse = FALSE, meanPMse = FALSE, ci = FALSE, total = FALSE, round = 2, pvalue = TRUE, c_geometric = FALSE)"
"tb1.contineous.not.normal",FALSE,"s3-or-dotted","(design, x, by = NULL, total = FALSE, round = 2, pvalue = TRUE)"
"tb1.contineous.not.normal.i",FALSE,"s3-or-dotted","(design, x, by = NULL, total = FALSE, round = 2, pvalue = TRUE)"
"tea.1day",FALSE,"s3-or-dotted","(years, day, unit = ""gram"", sweeten = FALSE, caffeinate = FALSE, green = FALSE, black = FALSE, oolong = FALSE, iced = FALSE, hot = FALSE, normT = FALSE, leaf = FALSE, instant = FALSE, bottle = FALSE, food.code = NULL)"
"tea.food.code",FALSE,"s3-or-dotted","(years, food.code = NULL)"
"unique_no.NA",FALSE,"s3-or-dotted","(x)"
"value.numbar",TRUE,"s3-or-dotted","(data)"
"which.na",FALSE,"s3-or-dotted","(x)"
"write.yier",TRUE,"s3-or-dotted","(df, file = NULL, project = NULL, row.names = FALSE, root = ""c"")"
"youth.obesity",TRUE,"s3-or-dotted","(data, age = ""age"", sex = ""sex"", bmi = ""bmi"")"
"svy_barplot",TRUE,"svy_","(x, beside = TRUE, ...)"
"svy_count",TRUE,"svy_","(design, x, by = NULL, value = FALSE, per = FALSE, se = FALSE, low.high = FALSE, ci = FALSE, perSQse = FALSE, valueSQper = FALSE, direction = c(""h"", ""v""), na.rm = TRUE, remove.name = FALSE, remove.suffix = FALSE, round = 2)"
"svy_coxplot",TRUE,"svy_","(model, ..., ci = FALSE, legend.title = NULL, legend.name = NULL)"
"svy_design",TRUE,"svy_","(data, weights = ""nhs_wt"", psu = ""sdmvpsu"", strata = ""sdmvstra"")"
"svy_design.data.frame",FALSE,"svy_","(data, weights = ""nhs_wt"", psu = ""sdmvpsu"", strata = ""sdmvstra"")"
"svy_design.mids",FALSE,"svy_","(data, weights = ""nhs_wt"", psu = ""sdmvpsu"", strata = ""sdmvstra"")"
"svy_kmplot",TRUE,"svy_","(x, ...)"
"svy_kmplot.svykm",FALSE,"svy_","(x, ci = FALSE, xlab = ""Time"", ylab = ""Survival Probability"", pvalue = FALSE, round = 2, margin = c(30, 30, 90, 20), risktable = TRUE, freq = T, weighted.prop = T, rt.title.xy = NULL, rt.title = ""Risk Table"", rt.title.color = ""black"", rt.title.size = 4, rt.text.y = -0.3, color = ""black"", rt.text.size = 4, ...)"
"svy_kmplot.svykmlist",FALSE,"svy_","(x, ci = FALSE, xlab = ""Time"", ylab = ""Survival Probability"", round = 3, pvalue = TRUE, pvalue.xy = NULL, pvalue.size = 4, xlim = NULL, ylim = NULL, xbreaks = waiver(), ybreaks = waiver(), line.width = 0.7, axis.line.width = 0.6, axis.ticks.length = 0.15, axis.ticks.with = 0.6, axis.text.size = 10, axis.title = 12, margin = c(30, 30, 90, 20), legend.title = NULL, legend.position = ""right"", legend.title.size = 13, legend.text.size = 10, risktable = TRUE, freq = T, weighted.prop = T, rt.title.xy = NULL, rt.title = ""Risk Table"", rt.title.color = ""black"", rt.title.size = 4, rt.text.y = NULL, color = NULL, rt.text.size = 4, ...)"
"svy_mean",TRUE,"svy_","(design, x, by = NULL, value = FALSE, se = FALSE, low.high = FALSE, ci = FALSE, meanPMse = FALSE, meanSQse = FALSE, geometric = FALSE, round = 2, remove.suffix = FALSE, na.rm = TRUE)"
"svy_missValue",TRUE,"svy_","(design, plot = TRUE)"
"svy_population",TRUE,"svy_","(design, by = NULL)"
"svy_quantile",TRUE,"svy_","(design, x, by = NULL, quantile = FALSE, q0.25 = FALSE, q0.5 = FALSE, q0.75 = FALSE, round = 2, remove.prefix = FALSE, remove.suffix = FALSE, na.rm = TRUE)"
"svy_reg_lm",FALSE,"svy_","(fit, round = 2, style = 2, x = NULL, view = T)"
"svy_reg_logistic",FALSE,"svy_","(fit, round = 2, style = 2, x = NULL, view = T)"
"svy_roc",TRUE,"svy_","(design, score, class, rescale = TRUE)"
"svy_roc_plot",TRUE,"svy_","(..., color = NULL, lwd = 1.05, legend.title = NULL, legend.names = NULL)"
"svy_tableone",TRUE,"svy_","(design, cv = NULL, cv.nn = NULL, gv = NULL, by = NULL, c_meanSQse = FALSE, c_meanPMse = FALSE, c_ci = FALSE, c_geometric = FALSE, g_N = FALSE, g_percent = FALSE, g_perSQse = FALSE, g_NSQper = FALSE, g_nSQper = FALSE, g_ci = FALSE, g_direction = ""v"", total = FALSE, round = 2, view = T, xlsx = NULL, pvalue = TRUE)"
"svy_uv.cox",TRUE,"svy_","(design, time, status, x, adjust = NULL, round = 2, view = T, xlsx = NULL)"
"svy_uv.glm",TRUE,"svy_","(design, y, x, adjust = NULL, round = 2, view = T, xlsx = NULL)"
"svy_uv.logit",TRUE,"svy_","(design, y, x, adjust = NULL, round = 2, family = quasibinomial, view = T, xlsx = NULL)"
