"function_name"	"title"	"usage"	"description"
"%=%"	"exact match"	"a %=% b"	"exact match"
"add_col"	"add new column for dataframe"	"add_col(data, colname = NULL, value = NULL, condition = NULL, position = NULL)"	"add new column for dataframe"
"add_col.data.frame"	""	"add_col.data.frame(...)"	""
"add_col.survey.design"	""	"add_col.survey.design(...)"	""
"add_color_to_text"	""	"add_color_to_text(...)"	""
"add_masc"	""	"add_masc(...)"	""
"add_style"	""	"add_style(...)"	""
"add_variable"	""	"add_variable(...)"	""
"ageAdjust"	"age adjust prevalence"	"ageAdjust(   design,   agecat = NULL,   population = NULL,   disease = NULL,   mean_var = NULL,   by = NULL,   subset = NULL )"	"age adjust prevalence"
"aggregate_max"	"aggregate max"	"aggregate_max(data, x, by, na.rm = T)"	"aggregate max"
"aggregate_mean"	"aggregate mean"	"aggregate_mean(data, x, by, na.rm = T)"	"aggregate mean"
"aggregate_min"	"aggregate min"	"aggregate_min(data, x, by, na.rm = T)"	"aggregate min"
"aggregate_sum"	"aggregate sum"	"aggregate_sum(data, x, by, na.rm = T)"	"aggregate sum"
"aggregate2"	""	"aggregate2(...)"	""
"append<-"	"append"	"append(x) <- value"	"append"
"attach_file"	""	"attach_file(...)"	""
"attach_read"	""	"attach_read(...)"	""
"BA.i"	""	"BA.i(...)"	""
"bind_col"	"bind columns"	"bind_col(df)"	"bind columns"
"bold_change"	""	"bold_change(...)"	""
"browse_rxq_Drug"	"Browse rxq_Drug"	"browse_rxq_Drug()"	"Browse rxq_Drug"
"browse_rxq_Rx"	"Browse rxq_Rx"	"browse_rxq_Rx(years)"	"Browse rxq_Rx"
"browser.fndds"	"browser fndds"	"browser.fndds()"	"browser fndds"
"browser.fped"	"browser fped"	"browser.fped()"	"browser fped"
"browser.survey"	"browser survey"	"browser.survey()"	"browser survey"
"bu"	"build new variable"	"bu(x, rule)"	"build new variable"
"bu_above.equal"	"build new variable"	"bu_above.equal(x, n)"	"build new variable"
"bu_lower.equal"	"build new variable"	"bu_lower.equal(x, n)"	"build new variable"
"build_codebook"	"Build codebook file"	"build_codebook(progress = T)"	"Build codebook file"
"build_drug_data"	""	"build_drug_data(...)"	""
"build_drug_search_data"	""	"build_drug_search_data(...)"	""
"build_html"	""	"build_html(...)"	""
"build_varLabel"	"Build variable label file"	"build_varLabel(progress = TRUE)"	"Build variable label file"
"census_2000.age20.40.60plus"	""	"census_2000.age20.40.60plus(...)"	""
"census_2000.age20plus"	""	"census_2000.age20plus(...)"	""
"census_2000.age6plus"	""	"census_2000.age6plus(...)"	""
"census_2000.All.ages"	"census 2000"	"census_2000.All.ages()"	"census 2000"
"census_2010.age20.40.60plus"	""	"census_2010.age20.40.60plus(...)"	""
"census_2010.age20plus"	""	"census_2010.age20plus(...)"	""
"census_2010.age6plus"	""	"census_2010.age6plus(...)"	""
"census_2010.All.ages"	"census 2010"	"census_2010.All.ages()"	"census 2010"
"census_range"	"Title"	"census_range(..., sum = FALSE)"	"Title"
"census_range.2010"	"Title"	"census_range.2010(..., sum = FALSE)"	"Title"
"character2numeric"	"convert character to integer"	"character2numeric(x)"	"convert character to integer"
"check1"	"check variable with only one"	"check1(x)"	"check variable with only one"
"ci.no.by"	""	"ci.no.by(...)"	""
"ci_by"	""	"ci_by(...)"	""
"codebook_url"	""	"codebook_url(...)"	""
"coffee.1day"	""	"coffee.1day(...)"	""
"coffee.food.code"	""	"coffee.food.code(...)"	""
"col.counts"	"col count"	"col.counts(data)"	"col count"
"col.max"	"max value in col"	"col.max(data)"	"max value in col"
"col.means"	"col mean"	"col.means(data, na.rm = TRUE)"	"col mean"
"col.sums"	"col sum"	"col.sums(data, na.rm = TRUE)"	"col sum"
"col_rename"	"rename colname names"	"col_rename(data, ...)"	"rename colname names"
"col_rename<-"	"rename colname names"	"col_rename(x) <- value"	"rename colname names"
"config_items"	"Config items of 'NHANES' database"	"config_items(items)"	"Config items of 'NHANES' database"
"config_path"	"Config path of 'NHANES' database"	"config_path(path)"	"Config path of 'NHANES' database"
"config_temp"	"temporary config directory"	"config_temp()"	"temporary config directory"
"config_years"	"Config years of 'NHANES' database"	"config_years(cat = T)"	"Config years of 'NHANES' database"
"copy_with_structure"	""	"copy_with_structure(...)"	""
"create_db_dr.live.microbes"	""	"create_db_dr.live.microbes(...)"	""
"create_db_sprint"	""	"create_db_sprint(...)"	""
"create_dex_CMI"	""	"create_dex_CMI(...)"	""
"create_dex_LE8"	""	"create_dex_LE8(...)"	""
"create_dex_SDoH"	""	"create_dex_SDoH(...)"	""
"create_diag_MASLD.cap"	"create table"	"create_diag_MASLD.cap(version = 2)"	"create table"
"create_diag_MASLD.FLI"	""	"create_diag_MASLD.FLI(...)"	""
"create_diag_MASLD.usFLI"	""	"create_diag_MASLD.usFLI(...)"	""
"create_diag_smoke"	""	"create_diag_smoke(...)"	""
"crude.Model.n"	"crude model, model 1, model 2"	"crude.Model.n(   ...,   round = 2,   xlsx = NULL,   style = 1,   character2integer = TRUE,   quadratic = FALSE,   browseXLSX = TRUE )"	"crude model, model 1, model 2"
"cut_headtail"	"cut data by head and tail"	"cut_headtail(x, col, ..., cat = T)"	"cut data by head and tail"
"cut_headtail.data.frame"	""	"cut_headtail.data.frame(...)"	""
"cut_headtail.numeric"	""	"cut_headtail.numeric(...)"	""
"cvd.points.men.table"	""	"cvd.points.men.table(...)"	""
"cvd.points.women.table"	""	"cvd.points.women.table(...)"	""
"d2db"	"\","	"d2db(d)"	"\","
"data_years"	""	"data_years(...)"	""
"DataDist"	"modify datadist"	"DataDist(   ...,   data,   q.display,   q.effect = c(0.25, 0.75),   adjto.cat = c(\"mode\", \"first\"),   n.unique = 10 )"	"modify datadist"
"db_Alcohol.drinks"	"alcohol drinks In the past 12 months, on those days that you drank alcoholic beverages, on the average, how many drinks did you have?"	"db_Alcohol.drinks(data, years, Year = FALSE, join = \"left\")"	"alcohol drinks In the past 12 months, on those days that you drank alcoholic beverages, on the average, how many drinks did you have?"
"db_alpha.rb"	"Alpha Diversity - DADA2 Remove unassigned bacteria"	"db_alpha.rb(data, join = \"left\", Year = F)"	"Alpha Diversity - DADA2 Remove unassigned bacteria"
"db_alpha.rsv"	"Alpha Diversity - DADA2 Remove SV1032"	"db_alpha.rsv(data, join = \"left\", Year = F)"	"Alpha Diversity - DADA2 Remove SV1032"
"db_aux"	"Audiometry"	"db_aux(   data,   years,   self_reported_better_ear = FALSE,   self_reported_better_ear2 = FALSE,   excessive_cerumen_left_ear = FALSE,   impacted_cerumen_left_ear = FALSE,   otoscopy_left_ear = FALSE,   collapsing_ear_canals_left_ear = FALSE,   other_ear_exam_abnormality_left = FALSE,   normal_otoscopy_right_ear = FALSE,   excessive_cerumen_right_ear = FALSE,   impacted_cerumen_right_ear = FALSE,   collapsing_ear_canals_right_ear = FALSE,   comment_other_ear_exam_abnormality_right = FALSE,   tympanic_right_middle_ear_pressure_dapa = FALSE,   tympanic_right_physical_volume_cc = FALSE,   tympanic_right_width = FALSE,   tympanic_right_compliance = FALSE,   tympanic_left_middle_ear_pressure_dapa = FALSE,   tympanic_left_physical_volume_cc = FALSE,   tympanic_left_width = FALSE,   tympanic_left_compliance = FALSE,   which_ear_tested_first = FALSE,   audio_test_mode = FALSE,   frequency_switch_to_manual_mode_left = FALSE,   frequency_switch_to_manual_mode_right = FALSE,   right_threshold_1000hz_db = FALSE,   right_threshold_500hz_db = FALSE,   right_threshold_1000hz_2nd_read_db = FALSE,   right_threshold_2000hz_db = FALSE,   right_threshold_3000hz_db = FALSE,   right_threshold_4000hz_db = FALSE,   right_threshold_6000hz_db = FALSE,   right_threshold_8000hz_db = FALSE,   left_threshold_1000hz_db = FALSE,   left_threshold_500hz_db = FALSE,   left_threshold_1000hz_2nd_read_db = FALSE,   left_threshold_2000hz_db = FALSE,   left_threshold_3000hz_db = FALSE,   left_threshold_4000hz_db = FALSE,   left_threshold_6000hz_db = FALSE,   left_threshold_8000hz_db = FALSE,   right_retest_threshold_1000hz_db = FALSE,   right_retest_threshold_500hz_db = FALSE,   right_retest_threshold_1000hz_2nd_read = FALSE,   right_retest_threshold_2000hz_db = FALSE,   right_retest_threshold_3000hz_db = FALSE,   right_retest_threshold_4000hz_db = FALSE,   right_retest_threshold_6000hz_db = FALSE,   right_retest_threshold_8000hz_db = FALSE,   left_retest_threshold_1000hz_db = FALSE,   left_retest_threshold_500hz_db = FALSE,   left_retest_threshold_1000_2nd_read = FALSE,   left_retest_threshold_2000hz_db = FALSE,   left_retest_threshold_3000hz_db = FALSE,   left_retest_threshold_4000hz_db = FALSE,   left_retest_threshold_6000hz_db = FALSE,   left_retest_threshold_8000hz_db = FALSE,   left_ear_quality_code = FALSE,   right_ear_quality_code = FALSE,   tympanogram_type_right_ear = FALSE,   tympanogram_type_left_ear = FALSE,   weight = FALSE,   cat = TRUE,   Year = FALSE,   join = \"left\" )"	"Audiometry"
"db_auxar1"	"Audiometry - Acoustic Reflex before 2012"	"db_auxar1(   data,   years,   left = FALSE,   right = FALSE,   khz1 = FALSE,   khz2 = FALSE,   right_1khz = FALSE,   right_2khz = FALSE,   left_1khz = FALSE,   left_2khz = FALSE,   weight = FALSE,   Year = FALSE,   join = \"left\" )"	"Audiometry - Acoustic Reflex before 2012"
"db_auxar2"	"Audiometry - Acoustic Reflex after 2015"	"db_auxar2(   data,   years,   ear_tested = FALSE,   sound_stimulus_level = FALSE,   detected = FALSE,   time = FALSE,   compliance = FALSE,   Year = FALSE,   join = \"left\" )"	"Audiometry - Acoustic Reflex after 2015"
"db_auxtym1"	"Audiometry - Tympanometry before 2012"	"db_auxtym1(   data,   years,   left = FALSE,   right = FALSE,   weight = FALSE,   Year = FALSE,   join = \"left\" )"	"Audiometry - Tympanometry before 2012"
"db_auxtym2"	"Audiometry - Tympanometry after 2015"	"db_auxtym2(   data,   years,   ear_tested = FALSE,   pressure = FALSE,   admittance = FALSE,   Year = FALSE,   join = \"left\" )"	"Audiometry - Tympanometry after 2015"
"db_auxwbr"	"Audiometry – Wideband Reflectance"	"db_auxwbr(   data,   years,   ear_tested = FALSE,   frequency = FALSE,   absorbance = FALSE,   Year = FALSE,   join = \"left\" )"	"Audiometry – Wideband Reflectance"
"db_beta.rsv.braycurtis"	"Beta Diversity - DADA2 Remove SV1032"	"db_beta.rsv.braycurtis(data, join = \"left\", Year = F) db_beta.rsv.braycurtis(data, join = \"left\", Year = F)"	"Beta Diversity - DADA2 Remove SV1032 Beta Diversity - DADA2 Remove unassigned bacteria"
"db_beta.rsv.unwunifrac"	"Beta Diversity - DADA2 Remove SV1032"	"db_beta.rsv.unwunifrac(data, join = \"left\", Year = F) db_beta.rsv.unwunifrac(data, join = \"left\", Year = F)"	"Beta Diversity - DADA2 Remove SV1032 Beta Diversity - DADA2 Remove unassigned bacteria"
"db_beta.rsv.wunifrac"	"Beta Diversity - DADA2 Remove SV1032"	"db_beta.rsv.wunifrac(data, join = \"left\", Year = F) db_beta.rsv.wunifrac(data, join = \"left\", Year = F)"	"Beta Diversity - DADA2 Remove SV1032 Beta Diversity - DADA2 Remove unassigned bacteria"
"db_blood.pressure"	"attach blood pressure"	"db_blood.pressure(   data,   years,   bpx = TRUE,   dar = TRUE,   n = 4,   Year = FALSE,   join = \"left\" )"	"attach blood pressure"
"db_bodyMeasure"	"body measurement data from bmx file"	"db_bodyMeasure(   data,   years,   head_circumference_cm,   arm_circumference_cm,   upper_arm_length_cm,   triceps_skinfold_mm,   subscapular_skinfold_mm,   sagittal_abdominal_diameter_1st_cm,   sagittal_abdominal_diameter_2nd_cm,   sagittal_abdominal_diameter_3rd_cm,   sagittal_abdominal_diameter_4th_cm,   average_sagittal_abdominal_diameter_cm,   waist_circumference_cm,   hip_circumference_cm,   thigh_circumference_cm,   upper_leg_length_cm,   maximal_calf_circumference_cm,   height_cm,   recumbent_length_cm,   Weight_kg,   BMI_kg.m2,   BMI_Category_Children.Adolescents,   Year = FALSE,   join = \"left\" )"	"body measurement data from bmx file"
"db_carotenoid"	"daily carotenoid intake(mcg)"	"db_carotenoid(   data,   years,   day = 1,   both2days = TRUE,   fun = \"mean\",   all.5 = TRUE,   component = FALSE,   ds = TRUE,   Year = FALSE,   join = \"left\" )"	"daily carotenoid intake(mcg)"
"db_cbc"	"Complete Blood Count with 5 Part Differential Whole Blood"	"db_cbc(   data,   years,   wbc_1000cells.ul,   Lymphocyte_percent,   Monocyte_percent,   Segmented_neutrophils_percent,   Eosinophils_percent,   Basophils_percent,   lymphocyte_number_1000cells.ul,   Monocyte_number_1000cells.ul,   Segmented_neutrophils_number_1000cells.ul,   Eosinophils_number_1000cells.ul,   Basophils_number_1000cells.ul,   Red_blood_cell_count_MillionCells.uL,   hemoglobin_g.dl,   hematocrit,   Mean_cell_volume_fL,   Mean_cell_hemoglobin_pg,   Mean_cell_hemoglobin_concentration_g.dL,   Red_cell_distribution_width,   Platelet_count_1000cells.uL,   Mean_platelet_volume_fL,   Year = FALSE,   join = \"left\" )"	"Complete Blood Count with 5 Part Differential Whole Blood"
"db_cfq"	"Cognitive Functioning 1999-2013"	"db_cfq(   data,   years,   all = F,   cfq_status = FALSE,   language = FALSE,   cerad_completion_status = FALSE,   cerad_reason_not_complete = FALSE,   cerad_score_trial_1_recall = FALSE,   cerad_score_trial_2_recall = FALSE,   cerad_score_trial_3_recall = FALSE,   cerad_score_delayed_recall = FALSE,   cerad_intrusion_word_count_trial_1 = FALSE,   cerad_intrusion_word_count_trial_2 = FALSE,   cerad_intrusion_word_count_trial_3 = FALSE,   cerad_intrusion_word_count_recall = FALSE,   animal_fluency_sample_practice_pretest = FALSE,   animal_fluency_reason_not_done = FALSE,   animal_fluency_score_total = FALSE,   digit_symbol_sample_practice_pretest = FALSE,   digit_symbol_reason_not_done = FALSE,   digit_symbol_score = FALSE,   Year = FALSE,   join = \"left\" )"	"Cognitive Functioning 1999-2013"
"db_coffee"	"coffee consumption"	"db_coffee(   data,   years,   day = 1,   fun = c(\"mean\", \"alone\", \"sum\"),   both2days = TRUE,   unit = c(\"gram\", \"kcal\", \"cup\"),   caffeinate = FALSE,   sweeten = FALSE,   fat = FALSE,   milk = FALSE,   cappuccino = FALSE,   cuban = FALSE,   espresso = FALSE,   frappuccino = FALSE,   latte = FALSE,   macchiato = FALSE,   mexican = FALSE,   mocha = FALSE,   turkish = FALSE,   Year = FALSE,   join = \"left\",   food.code = NULL )"	"coffee consumption"
"db_coffee.time"	"咖啡引用时间"	"db_coffee.time(data = NULL, years, day = 1, Year = F, join = \"left\")"	"返回咖啡每个时间段的平均引用频率, 咖啡提取的方法：以编码921开头的食物，参考文献pmid：39776171"
"db_demo"	"extract demo data"	"db_demo(   data,   years,   ageyr,   agemth,   sex,   eth1,   eth2,   eth3,   military,   country_of_birth,   citizenship,   time_in_US,   edu,   in_school,   marital,   household_size,   family_size,   annual_household_income,   annual_family_income,   poverty,   status,   exam_month,   wtint2yr,   wtint4yr,   wtmec2yr,   wtmec4yr,   psu_strat = TRUE,   Year = FALSE,   join = \"left\",   lower_cd = FALSE )"	"extract demo data"
"db_dnmepi"	"DNA甲基化数据"	"db_dnmepi(   data,   all = FALSE,   xy_estimation,   horvathage,   hannumage,   skinbloodage,   phenoage,   gdf15mort,   b2mmort,   cystatincmort,   timp1mort,   admmort,   pai1mort,   leptinmort,   packyrsmort,   crpmort,   loga1cmort,   grimagemort,   grimage2mort,   horvathtelo,   yangcell,   zhangage,   linage,   weidnerage,   vidalbraloage,   dunedinpoam,   cd8tpp,   cd4tpp,   nkcell,   bcell,   monopp,   neupp,   wtdn4yr,   join = \"left\" )"	"DNA甲基化数据"
"db_dr.alcoh.beverages"	"酒精饮料 alcoholic beverages"	"提取以能量为单位的 db_dr.alcoh.beverages(years=2011,kcal=TRUE) 提取以克为单位的 db_dr.alcoh.beverages(years=2011,grams=TRUE)"	"酒精饮料包括：  beer  wine  liquor  cocktails  mixed beverages 返回两个值：alcoh.beverages_kcal和alcoh.beverages_grams  alcoh.beverages_kcal：指的是酒精饮料摄入的能量  alcoh.beverages_grams：指的是酒精饮料摄入的克数"
"db_dr.apple"	"苹果 apple"	"提取以能量为单位的 db_dr.apple(years=2011,kcal=TRUE) 提取以克为单位的 db_dr.apple(years=2011,grams=TRUE)"	"返回两个值：apple_kcal和apple_grams  apple_kcal：指的是苹果摄入的能量  apple_grams：指的是苹果摄入的克数 论文中的描述方法：从FNDDS数据中提取饮食数据，并根据WWEIA Category分类提取apple，包括apple和apple juice"
"db_dr.bananas"	"香蕉 bananas"	"提取以能量为单位的 db_dr.bananas(years=2011,kcal=TRUE) 提取以克为单位的 db_dr.bananas(years=2011,grams=TRUE)"	"返回两个值：bananas_kcal和bananas_grams  bananas_kcal：指的是香蕉摄入的能量  bananas_grams：指的是香蕉摄入的克数 论文中的描述方法：从FNDDS数据中提取饮食数据，并根据WWEIA Category分类提取bananas"
"db_dr.fdcd"	"extract us food.code from dietary"	"db_dr.fdcd(data, years, Year = FALSE, lower = T)"	"extract us food.code from dietary"
"db_dr.iceCream"	"冰淇淋和冷冻乳制品甜点 Ice cream and frozen dairy desserts"	"提取以能量为单位的 db_dr.iceCream(years=2011,kcal=TRUE) 提取以克为单位的 db_dr.iceCream(years=2011,grams=TRUE)"	"返回两个值：iceCream_kcal和iceCream_grams  iceCream_kcal：指的是冰淇淋摄入的能量  iceCream_grams：指的是冰淇淋摄入的克数 论文中的描述方法：从FNDDS数据中提取饮食数据，并根据WWEIA Category分类提取iceCream"
"db_dr.live.microbes"	"live.microbes"	"db_dr.live.microbes(   data,   years,   grams_Lo,   grams_Med,   grams_Hi,   Year,   join = \"left\" )"	"live.microbes"
"db_dr.milk"	"饮食奶"	"提取以克为单位的数据 db_dr.milk(years=2011,grams=TRUE) 提取以能量为单位的数据 db_dr.milk(years=2011,kcal=TRUE)"	"饮食奶分位4个部分  whole milk  nonfat milk  reduced fat milk  low fat milk  milk substitutes 返回的数据以kcal结尾的是能量，以grams结尾的是克"
"db_dr.nuts"	"坚果 nuts and seeds"	"提取以能量为单位的 db_dr.nuts(years=2011,kcal=TRUE) 提取以克为单位的 db_dr.nuts(years=2011,grams=TRUE)"	"返回两个值：nuts_kcal和nuts_grams  nuts_kcal：指的是坚果摄入的能量  nuts_grams：指的是坚果摄入的克数 论文中的描述方法：从FNDDS数据中提取饮食数据，并根据WWEIA Category分类提取nuts and seeds"
"db_dr.ProcessedMeat"	"ProcessedMeat预处理肉的摄入"	"db_dr.ProcessedMeat(   data,   all = FALSE,   years,   day = 1,   Year = F,   pf_meat,   pf_curedmeat,   cured_redmeat,   total_redmeat,   pf_poult,   unproc_poultry,   cured_poultry,   nug_pat_fil,   total_proc_poultry,   total_poultry,   red_and_cured_1,   red_and_processed_2,   join = \"left\" )"	"ProcessedMeat预处理肉的摄入"
"db_dr.ssb"	"含糖饮料 Sugar-Sweetened Beverages"	"提取以能量为单位的 db_dr.ssb(years=2011,kcal=TRUE) 提取以克为单位的 db_dr.ssb(years=2011,grams=TRUE)"	"含糖饮料包括：  Soft drinks  fruit drinks (not 100%)  sport and energy drinks  nutritional beverages  smoothies  grain drinks  bottled water  carbonated water  sweetened coffee and tea 返回两个值：ssb_kcal和ssb_grams  ssb_kcal：指的是含糖饮料摄入的能量  ssb_grams：指的是含糖饮料摄入的克数"
"db_driff"	"Dietary Interview - Individual Foods"	"db_driff(   data,   years,   day = 1,   both2days = FALSE,   fun = \"mean\",   NA20 = F,   wtdrd1 = FALSE,   wtdr2d = FALSE,   wtdr4yr = FALSE,   rstz = FALSE,   breast_fed_infant = FALSE,   day_of_week = FALSE,   combination_food_number = FALSE,   combination_food_type = FALSE,   time_of_eating_occasion_hh.mm = FALSE,   meal_name = FALSE,   source_of_food = FALSE,   eaten_at_home = FALSE,   grams = FALSE,   energy_kcal = FALSE,   protein_g = FALSE,   carbohydrate_g = FALSE,   total_sugars_g = FALSE,   dietary_fiber_g = FALSE,   total_fat_g = FALSE,   total_sfat_g = FALSE,   total_mfat_g = FALSE,   total_pfat_g = FALSE,   cholesterol_mg = FALSE,   vitamin_E_as_alpha_tocopherol_mg = FALSE,   added_alpha_tocopherol_vitamin_E_mg = FALSE,   retinol_mcg = FALSE,   vitamin_A_rae_mcg = FALSE,   alpha_carotene_mcg = FALSE,   beta_carotene_mcg = FALSE,   beta_cryptoxanthin_mcg = FALSE,   lycopene_mcg = FALSE,   lutein_zeaxanthin_mcg = FALSE,   thiamin_vitamin_B1_mg = FALSE,   riboflavin_vitamin_B2_mg = FALSE,   niacin_mg = FALSE,   vitamin_B6_mg = FALSE,   total_folate_mcg = FALSE,   folic_acid_mcg = FALSE,   food_folate_mcg = FALSE,   folate_dfe_mcg = FALSE,   vitamin_B12_mcg = FALSE,   added_vitamin_B12_mcg = FALSE,   vitamin_C_mg = FALSE,   vitamin_K_mcg = FALSE,   calcium_mg = FALSE,   phosphorus_mg = FALSE,   magnesium_mg = FALSE,   iron_mg = FALSE,   zinc_mg = FALSE,   copper_mg = FALSE,   sodium_mg = FALSE,   potassium_mg = FALSE,   selenium_mcg = FALSE,   caffeine_mg = FALSE,   theobromine_mg = FALSE,   alcohol_g = FALSE,   moisture_g = FALSE,   sfa_4.0_butanoic_g = FALSE,   sfa_6.0_hexanoic_g = FALSE,   sfa_8.0_octanoic_g = FALSE,   sfa_10.0_decanoic_g = FALSE,   sfa_12.0_dodecanoic_g = FALSE,   sfa_14.0_tetradecanoic_g = FALSE,   sfa_16.0_hexadecanoic_g = FALSE,   sfa_18.0_octadecanoic_g = FALSE,   mfa_16.1_hexadecenoic_g = FALSE,   mfa_18.1_octadecenoic_g = FALSE,   mfa_20.1_eicosenoic_g = FALSE,   mfa_22.1_docosenoic_g = FALSE,   pfa_18.2_octadecadienoic_g = FALSE,   pfa_18.3_octadecatrienoic_g = FALSE,   pfa_18.4_octadecatetraenoic_g = FALSE,   pfa_20.4_eicosatetraenoic_g = FALSE,   pfa_20.5_eicosapentaenoic_g = FALSE,   pfa_22.5_docosapentaenoic_g = FALSE,   pfa_22.6_docosahexaenoic_g = FALSE,   total_choline_mg = FALSE,   number_of_days = FALSE,   vitamin_D_d2_d3_mcg = FALSE,   Year = FALSE,   join = \"left\",   group_sum = FALSE )"	"Dietary Interview - Individual Foods"
"db_drtot"	"attach tot data"	"db_drtot(   data,   years,   day = 1,   fun = c(\"mean\", \"sum\", \"alone\"),   wtdrd1 = FALSE,   wtdr4yr = FALSE,   wtdr2d = FALSE,   rstz = FALSE,   breast_fed_infant = FALSE,   day_of_week = FALSE,   foods_number = FALSE,   diet_on_special = FALSE,   diet_wllh = FALSE,   diet_lowfat = FALSE,   diet_lowsalt = FALSE,   diet_lowsugar = FALSE,   diet_lowfiber = FALSE,   diet_highfiber = FALSE,   diet_diabetic = FALSE,   diet_weightgain = FALSE,   diet_lowcarbohydrate = FALSE,   diet_highprotein = FALSE,   diet_glutenfree = FALSE,   diet_kidney = FALSE,   diet_otherspecial = FALSE,   energy_kcal = FALSE,   protein_g = FALSE,   carbohydrate_g = FALSE,   total_sugars_g = FALSE,   dietary_fiber_g = FALSE,   total_fat_g = FALSE,   total_sfat_g = FALSE,   total_mfat_g = FALSE,   total_pfat_g = FALSE,   cholesterol_mg = FALSE,   vitamin_A_rae_mcg = FALSE,   retinol_mcg = FALSE,   carotene_re.1999 = FALSE,   alpha_carotene_mcg = FALSE,   beta_carotene_mcg = FALSE,   beta_cryptoxanthin_mcg = FALSE,   lycopene_mcg = FALSE,   lutein_zeaxanthin_mcg = FALSE,   thiamin_vitamin_B1_mg = FALSE,   riboflavin_vitamin_B2_mg = FALSE,   niacin_mg = FALSE,   vitamin_B6_mg = FALSE,   total_folate_mcg = FALSE,   folic_acid_mcg = FALSE,   food_folate_mcg = FALSE,   folate_dfe_mcg = FALSE,   total_choline_mg = FALSE,   vitamin_B12_mcg = FALSE,   added_vitamin_B12_mcg = FALSE,   vitamin_C_mg = FALSE,   vitamin_D_d2_d3_mcg = FALSE,   vitamin_E_as_alpha_tocopherol_mg = FALSE,   added_alpha_tocopherol_vitamin_E_mg = FALSE,   vitamin_K_mcg = FALSE,   calcium_mg = FALSE,   phosphorus_mg = FALSE,   magnesium_mg = FALSE,   iron_mg = FALSE,   zinc_mg = FALSE,   copper_mg = FALSE,   sodium_mg = FALSE,   potassium_mg = FALSE,   selenium_mcg = FALSE,   caffeine_mg = FALSE,   theobromine_mg = FALSE,   alcohol_g = FALSE,   moisture_g = FALSE,   sfa_4.0_butanoic_g = FALSE,   sfa_6.0_hexanoic_g = FALSE,   sfa_8.0_g = FALSE,   sfa_10.0_g = FALSE,   sfa_12.0_g = FALSE,   sfa_14.0_g = FALSE,   sfa_16.0_g = FALSE,   sfa_18.0_g = FALSE,   mfa_16.1_g = FALSE,   mfa_18.1_g = FALSE,   mfa_20.1_g = FALSE,   mfa_22.1_g = FALSE,   pfa_18.2_g = FALSE,   pfa_18.3_g = FALSE,   pfa_18.4_g = FALSE,   pfa_20.4_g = FALSE,   pfa_20.5_g = FALSE,   pfa_22.5_g = FALSE,   pfa_22.6_g = FALSE,   compare_to_usual = FALSE,   water_total_plain_g = FALSE,   water_total_tap_g = FALSE,   water_total_bottled_g = FALSE,   water_plain_carbonated_g = FALSE,   water_tap_source = FALSE,   salt_type = FALSE,   salt_added_frequency = FALSE,   salt_used_in_preparation = FALSE,   salt_used_at_table_yesterday = FALSE,   shellfish = FALSE,   clams = FALSE,   clams_times = FALSE,   crabs = FALSE,   crabs_times = FALSE,   crayfish = FALSE,   crayfish_times = FALSE,   lobsters = FALSE,   lobsters_times = FALSE,   mussels = FALSE,   mussels_times = FALSE,   oysters = FALSE,   oysters_times = FALSE,   scallops = FALSE,   scallops_times = FALSE,   shrimp = FALSE,   shrimp_times = FALSE,   other_shellfish = FALSE,   other_shellfish_times = FALSE,   unknown_shellfish = FALSE,   unknown_shellfish_times = FALSE,   refused_shellfish = FALSE,   fish = FALSE,   breaded_fish = FALSE,   breaded_fish_times = FALSE,   tuna = FALSE,   tuna_times = FALSE,   bass = FALSE,   bass_times = FALSE,   catfish = FALSE,   catfish_times = FALSE,   cod = FALSE,   cod_times = FALSE,   flatfish = FALSE,   flatfish_times = FALSE,   haddock = FALSE,   haddock_times = FALSE,   mackerel = FALSE,   mackerel_times = FALSE,   perch = FALSE,   perch_times = FALSE,   pike = FALSE,   pike_times = FALSE,   pollock = FALSE,   pollock_times = FALSE,   porgy = FALSE,   porgy_times = FALSE,   salmon = FALSE,   salmon_times = FALSE,   sardines = FALSE,   sardines_times = FALSE,   sea_bass = FALSE,   sea_bass_times = FALSE,   shark = FALSE,   shark_times = FALSE,   swordfish = FALSE,   swordfish_times = FALSE,   trout = FALSE,   trout_times = FALSE,   walleye = FALSE,   walleye_times = FALSE,   other_fish = FALSE,   other_fish_times = FALSE,   unknown_fish = FALSE,   unknown_fish_times = FALSE,   refused_fish = FALSE,   Year = FALSE,   both2days = TRUE,   join = \"left\" )"	"attach tot data"
"db_ds.manganese"	"db_ds.manganese"	"db_ds.manganese(data, years, Year = FALSE, join = \"left\")"	"db_ds.manganese"
"db_ds.melatonin"	"melatonin in dietary supplement unit: mg, exclude:1999"	"db_ds.melatonin(data, years, Year = FALSE, join = \"left\")"	"melatonin in dietary supplement unit: mg, exclude:1999"
"db_ds.silicon"	"silicon in dietary supplement unit: mg, exclude:1999"	"db_ds.silicon(data, years, Year = FALSE, join = \"left\")"	"silicon in dietary supplement unit: mg, exclude:1999"
"db_ds.zinc"	"db_ds.zinc"	"db_ds.zinc(data, years, Year = FALSE, join = \"left\")"	"db_ds.zinc"
"db_DSD"	"diatery supplement database before 2005"	"db_DSD(   ...,   data,   supplement_name = TRUE,   supplement_type = TRUE,   ingredient_name = TRUE,   ingredient_unit = TRUE,   ingredient_category = TRUE,   blend_flag = TRUE,   blend_component_name = TRUE,   blend_component_category = TRUE,   Year = FALSE,   join = \"left\" )"	"diatery supplement database before 2005"
"db_dsids"	"Dietary Supplement Use 24-Hour - Individual Dietary Supplements after 2007"	"db_dsids(   data,   years,   day = 1,   fun = c(\"mean\", \"sum\", \"alone\"),   both2days = TRUE,   supplement_name = FALSE,   wtdrd1 = FALSE,   wtdr2d = FALSE,   rstz = FALSE,   day_of_week = FALSE,   location_supplement_originally_recorded = FALSE,   language = FALSE,   antacid_containing_calcium.magnesium = FALSE,   matching_code = FALSE,   reported_serving_size.label_serving_size = FALSE,   energy_kcal = FALSE,   protein_g = FALSE,   carbohydrate_g = FALSE,   total_sugars_g = FALSE,   dietary_fiber_g = FALSE,   total_fat_g = FALSE,   total_saturated_fatty_acids_g = FALSE,   total_monounsaturated_fatty_acids_g = FALSE,   total_polyunsaturated_fatty_acids_g = FALSE,   cholesterol_mg = FALSE,   lycopene_mcg = FALSE,   lutein_zeaxanthin_mcg = FALSE,   thiamin_vitamin_b1_mg = FALSE,   riboflavin_vitamin_b2_mg = FALSE,   niacin_mg = FALSE,   vitamin_b6_mg = FALSE,   folic_acid_mcg = FALSE,   folate_dfe_mcg = FALSE,   total_choline_mg = FALSE,   vitamin_b12_mcg = FALSE,   vitamin_c_mg = FALSE,   vitamin_k_mcg = FALSE,   vitamin_d_d2_d3_mcg = FALSE,   calcium_mg = FALSE,   phosphorus_mg = FALSE,   magnesium_mg = FALSE,   iron_mg = FALSE,   zinc_mg = FALSE,   copper_mg = FALSE,   sodium_mg = FALSE,   potassium_mg = FALSE,   selenium_mcg = FALSE,   caffeine_mg = FALSE,   iodine_mcg = FALSE,   Year = FALSE,   join = \"left\" )"	"Dietary Supplement Use 24-Hour - Individual Dietary Supplements after 2007"
"db_dsids.30"	"Dietary Supplement Use 30 Day - Individual Dietary Supplements"	"db_dsids.30(   data,   years,   supplement_name = FALSE,   was_container_seen = FALSE,   matching_code = FALSE,   antacid_calcium_supplement_or_both = FALSE,   how_long_supplement_taken_days = FALSE,   days_supplement_taken_past_30_days = FALSE,   quantity_of_supplement_taken_daily = FALSE,   dosage_form = FALSE,   reported_serving_size.label_serving_size = FALSE,   antacid_reported_as_a_dietary_supplement = FALSE,   energy_kcal = FALSE,   carbohydrate_g = FALSE,   protein_g = FALSE,   total_sugars_g = FALSE,   dietary_fiber_g = FALSE,   total_fat_g = FALSE,   total_saturated_fatty_acids_g = FALSE,   total_monounsaturated_fatty_acids_g = FALSE,   total_polyunsaturated_fatty_acids_g = FALSE,   cholesterol_mg = FALSE,   lycopene_ug = FALSE,   lutein_zeaxanthin_ug = FALSE,   thiamin_vitamin_b1_mg = FALSE,   riboflavin_vitamin_b2_mg = FALSE,   niacin_mg = FALSE,   vitamin_b6_mg = FALSE,   folic_acid_ug = FALSE,   folate_dfe_ug = FALSE,   total_choline_mg = FALSE,   vitamin_b12_ug = FALSE,   vitamin_c_mg = FALSE,   vitamin_k_ug = FALSE,   vitamin_d_d2_d3_ug = FALSE,   calcium_mg = FALSE,   phosphorus_mg = FALSE,   magnesium_mg = FALSE,   iron_mg = FALSE,   zinc_mg = FALSE,   copper_mg = FALSE,   sodium_mg = FALSE,   potassium_mg = FALSE,   selenium_ug = FALSE,   caffeine_mg = FALSE,   iodine_ug = FALSE,   reported_product_during_day_1 = FALSE,   reported_product_during_day_2 = FALSE,   took_product_on_own_or_doctor_advised = FALSE,   for_good_bowel.colon_health = FALSE,   for_prostate_health = FALSE,   for_mental_health = FALSE,   to_prevent_health_problems = FALSE,   to_improve_my_overall_health = FALSE,   for_teeth_prevent_cavities = FALSE,   to_supplement_my_diet_food_not_enough = FALSE,   to_stay_healthy = FALSE,   to_prevent_colds_boost_immune_system = FALSE,   for_heart_health_cholesterol = FALSE,   for_eye_health = FALSE,   for_healthy_joints_arthritis = FALSE,   for_skin_health_dry_skin = FALSE,   for_weight_loss = FALSE,   for_bone_health = FALSE,   to_get_more_energy = FALSE,   for_pregnancy = FALSE,   for_anemia_such_as_low_iron = FALSE,   other_specify = FALSE,   to_maintain_blood_sugar_diabetes = FALSE,   for_healthy_hair_and_nails = FALSE,   for_kidney_and_bladder_health = FALSE,   for_respiratory_health_asthma = FALSE,   for_allergies = FALSE,   currently_breastfeeding = FALSE,   to_improve_digestion = FALSE,   for_menopause_hot_flashes = FALSE,   for_muscle_related_issues = FALSE,   to_improve_sleep = FALSE,   for_nervous_system_health = FALSE,   for_relaxation_decrease_stress = FALSE,   for_liver_health_detoxification = FALSE,   for_antioxidants = FALSE,   for_word_of_mouth_advertisement = FALSE,   for_thyroid_health_gout = FALSE,   to_build_muscle.weight_gain = FALSE,   for_low_levels_in_blood = FALSE,   for_support_after_surgery = FALSE,   for_headaches_and_dizziness = FALSE,   to_build_muscle = FALSE,   for_fluid.water_balance = FALSE,   for_inflammation = FALSE,   Year = FALSE,   join = \"left\" )"	"Dietary Supplement Use 30 Day - Individual Dietary Supplements"
"db_dstot"	"Dietary Supplement Use 24-Hour - Total Dietary Supplements after 2007"	"db_dstot(   data,   years,   day = 1,   fun = c(\"mean\", \"sum\", \"alone\"),   both2days = TRUE,   wtdrd1 = FALSE,   wtdr2d = FALSE,   rstz = FALSE,   number_of_days_of_intake = FALSE,   day_of_week = FALSE,   language = FALSE,   main_respondent_for_this_interview = FALSE,   helped_in_responding_for_this_interview = FALSE,   any_dietary_supplements_taken = FALSE,   number_of_dietary_supplements_reported = FALSE,   any_antacids_taken = FALSE,   number_of_antacids_reported = FALSE,   energy_kcal = FALSE,   protein_g = FALSE,   carbohydrate_g = FALSE,   total_sugars_g = FALSE,   dietary_fiber_g = FALSE,   total_fat_g = FALSE,   total_saturated_fatty_acids_g = FALSE,   total_monounsaturated_fatty_acids_g = FALSE,   total_polyunsaturated_fatty_acids_g = FALSE,   cholesterol_mg = FALSE,   lycopene_mcg = FALSE,   lutein_zeaxanthin_mcg = FALSE,   thiamin_vitamin_b1_mg = FALSE,   riboflavin_vitamin_b2_mg = FALSE,   niacin_mg = FALSE,   vitamin_b6_mg = FALSE,   folic_acid_mcg = FALSE,   folate_dfe_mcg = FALSE,   total_choline_mg = FALSE,   vitamin_b12_mcg = FALSE,   vitamin_c_mg = FALSE,   vitamin_k_mcg = FALSE,   vitamin_d_d2_d3_mcg = FALSE,   calcium_mg = FALSE,   phosphorus_mg = FALSE,   magnesium_mg = FALSE,   iron_mg = FALSE,   zinc_mg = FALSE,   copper_mg = FALSE,   sodium_mg = FALSE,   potassium_mg = FALSE,   selenium_mcg = FALSE,   caffeine_mg = FALSE,   number_of_days_bw_intake_and_hh_interview = FALSE,   iodine_mcg = FALSE,   Year = FALSE,   join = \"left\" )"	"Dietary Supplement Use 24-Hour - Total Dietary Supplements after 2007"
"db_dstot.30"	"Dietary Supplement Use 30-Day - Total Dietary Supplements"	"db_dstot.30(   data,   years,   any_dietary_supplements_taken = FALSE,   total_number_of_dietary_supplements_taken = FALSE,   any_antacids_taken = FALSE,   total_number_of_antacids_taken = FALSE,   energy_kcal = FALSE,   protein_g = FALSE,   carbohydrate_g = FALSE,   total_sugars_g = FALSE,   dietary_fiber_g = FALSE,   total_fat_g = FALSE,   total_saturated_fatty_acids_g = FALSE,   total_monosaturated_fatty_acids_g = FALSE,   total_polyunsaturated_fatty_acids_g = FALSE,   cholesterol_mg = FALSE,   lycopene_mcg = FALSE,   lutein_zeaxanthin_mcg = FALSE,   vitamin_b1_thiamin_mg = FALSE,   vitamin_b2_riboflavin_mg = FALSE,   niacin_mg = FALSE,   vitamin_b6_mg = FALSE,   folic_acid_mcg = FALSE,   folate_dfe_mcg = FALSE,   total_choline_mg = FALSE,   vitamin_b12_mcg = FALSE,   vitamin_c_mg = FALSE,   vitamin_k_mcg = FALSE,   vitamin_d_d2_d3_mcg = FALSE,   calcium_mg = FALSE,   phosphorus_mg = FALSE,   magnesium_mg = FALSE,   iron_mg = FALSE,   zinc_mg = FALSE,   copper_mg = FALSE,   sodium_mg = FALSE,   potassium_mg = FALSE,   selenium_mcg = FALSE,   caffeine_mg = FALSE,   iodine_mcg = FALSE,   Year = FALSE,   join = \"left\" )"	"Dietary Supplement Use 30-Day - Total Dietary Supplements"
"db_dxx"	"Dual-Energy X-ray Absorptiometry - Whole Body"	"db_dxx(   data,   years,   head_area_cm2 = FALSE,   head_bmc_g = FALSE,   head_bmd_g.cm2 = FALSE,   head_fat_g = FALSE,   head_lean_excl_bmc_g = FALSE,   head_lean_incl_bmc_g = FALSE,   head_total_g = FALSE,   head_percent_fat = FALSE,   left_arm_area_cm2 = FALSE,   left_arm_bmc_g = FALSE,   left_arm_bmd_g.cm2 = FALSE,   left_arm_fat_g = FALSE,   left_arm_lean_excl_bmc_g = FALSE,   left_arm_lean_incl_bmc_g = FALSE,   left_arm_total_g = FALSE,   left_arm_percent_fat = FALSE,   left_leg_area_cm2 = FALSE,   left_leg_bmc_g = FALSE,   left_leg_bmd_g.cm2 = FALSE,   left_leg_fat_g = FALSE,   left_leg_lean_excl_bmc_g = FALSE,   left_leg_lean_incl_bmc_g = FALSE,   left_leg_total_g = FALSE,   left_leg_percent_fat = FALSE,   right_arm_area_cm2 = FALSE,   right_arm_bmc_g = FALSE,   right_arm_bmd_g.cm2 = FALSE,   right_arm_fat_g = FALSE,   right_arm_lean_excl_bmc_g = FALSE,   right_arm_lean_incl_bmc_g = FALSE,   right_arm_total_g = FALSE,   right_arm_percent_fat = FALSE,   right_leg_area_cm2 = FALSE,   right_leg_bmc_g = FALSE,   right_leg_bmd_g.cm2 = FALSE,   right_leg_fat_g = FALSE,   right_leg_lean_excl_bmc_g = FALSE,   right_leg_lean_incl_bmc_g = FALSE,   right_leg_total_g = FALSE,   right_leg_percent_fat = FALSE,   left_ribs_area_cm2 = FALSE,   left_ribs_bmc_g = FALSE,   left_ribs_bmd_g.cm2 = FALSE,   right_ribs_area_cm2 = FALSE,   right_ribs_bmc_g = FALSE,   right_ribs_bmd_g.cm2 = FALSE,   thoracic_spine_area_cm2 = FALSE,   thoracic_spine_bmc_g = FALSE,   thoracic_spine_bmd_g.cm2 = FALSE,   lumbar_spine_area_cm2 = FALSE,   lumbar_spine_bmc_g = FALSE,   lumbar_spine_bmd_g.cm2 = FALSE,   pelvis_area_cm2 = FALSE,   pelvis_bmc_g = FALSE,   pelvis_bmd_g.cm2 = FALSE,   trunk_bone_area_cm2 = FALSE,   trunk_bmc_g = FALSE,   trunk_bone_bmd_g.cm2 = FALSE,   trunk_fat_g = FALSE,   trunk_lean_excl_bmc_g = FALSE,   trunk_lean_incl_bmc_g = FALSE,   trunk_totalg = FALSE,   trunk_percent_fat = FALSE,   subtotal_area_cm2 = FALSE,   subtotal_bmc_g = FALSE,   subtotal_bmd_g.cm2 = FALSE,   subtotal_fat_g = FALSE,   subtotal_lean_excl_bmc_g = FALSE,   subtotal_lean_incl_bmc_g = FALSE,   subtotal_total_excl_head_g = FALSE,   subtotal_percent_fat = FALSE,   total_area_cm2 = FALSE,   total_bmc_g = FALSE,   total_bmd_g.cm2 = FALSE,   total_fat_g = FALSE,   total_lean_excl_bmc_g = FALSE,   total_lean_incl_bmc_g = FALSE,   total_lean_plus_fat_g = FALSE,   total_percent_fat = FALSE,   mult.fun = c(\"mean\", \"median\", \"unique\"),   Year = FALSE,   join = \"left\" )"	"Dual-Energy X-ray Absorptiometry - Whole Body"
"db_dxxag"	"Dual-Energy X-ray Absorptiometry - Android/Gynoid Measurements"	"db_dxxag(   data,   years,   android_fat_mass = FALSE,   android_lean_mass = FALSE,   android_total_mass = FALSE,   gynoid_fat_mass = FALSE,   gynoid_lean_mass = FALSE,   gynoid_total_mass = FALSE,   android_to_gynoid_ratio = FALSE,   android_percent_fat = FALSE,   gynoid_percent_fat = FALSE,   subcutaneous_fat_area = FALSE,   subcutaneous_fat_mass = FALSE,   subcutaneous_fat_volume = FALSE,   total_abdominal_fat_area = FALSE,   total_abdominal_fat_mass = FALSE,   total_abdominal_fat_volume = FALSE,   visceral_adipose_tissue_area = FALSE,   visceral_adipose_tissue_mass = FALSE,   visceral_adipose_tissue_volume = FALSE,   Year = FALSE,   join = \"left\" )"	"Dual-Energy X-ray Absorptiometry - Android/Gynoid Measurements"
"db_dxxfem"	"Dual Energy X-ray Absorptiometry - Femur"	"db_dxxfem(   data,   years,   total_femur_area_cm2 = FALSE,   total_femur_bmc_g = FALSE,   total_femur_bmd_g.cm2 = FALSE,   femoral_neck_area_cm2 = FALSE,   femoral_neck_bmc_g = FALSE,   femoral_neck_bmd_g.cm2 = FALSE,   trochanter_area_cm2 = FALSE,   trochanter_bmc_g = FALSE,   trochanter_bmd_g.cm2 = FALSE,   intertrochanter_area_cm2 = FALSE,   intertrochanter_bmc_g = FALSE,   intertrochanter_bmd_g.cm2 = FALSE,   ward_triangle_area_cm2 = FALSE,   ward_triangle_bmc_g = FALSE,   ward_triangle_bmd_g.cm2 = FALSE,   calculated_k_for_femur = FALSE,   calculated_do_for_femur = FALSE,   Year = FALSE,   join = \"left\" )"	"Dual Energy X-ray Absorptiometry - Femur"
"db_dxxspn"	"Dual Energy X-ray Absorptiometry - Spine"	"db_dxxspn(   data,   years,   total_spine_area_cm2 = FALSE,   total_spine_bmc_g = FALSE,   total_spine_bmd_g.cm2 = FALSE,   l1_area_cm2 = FALSE,   l1_bmc_g = FALSE,   l1_bmd_g.cm2 = FALSE,   l2_area_cm2 = FALSE,   l2_bmc_g = FALSE,   l2_bmd_g.cm2 = FALSE,   l3_area_cm2 = FALSE,   l3_bmc_g = FALSE,   l3_bmd_g.cm2 = FALSE,   l4_area_cm2 = FALSE,   l4_bmc_g = FALSE,   l4_bmd_g.cm2 = FALSE,   calculated_k_for_spine = FALSE,   calculated_d0_for_spine = FALSE,   total_trabecular_bone_score = FALSE,   l1_tbs = FALSE,   l2_tbs = FALSE,   l3_tbs = FALSE,   l4_tbs = FALSE,   Year = FALSE,   join = \"left\" )"	"Dual Energy X-ray Absorptiometry - Spine"
"db_eating.occasion"	"eating occasion"	"db_eating.occasion(years, day = 1)"	"eating occasion"
"db_EVD68"	"提取EV-D68"	"db_EVD68(   data = NULL,   all = FALSE,   years,   wt_y2,   wt_y4,   d68_frm,   d68_frmq,   d68_953,   d68_953q,   d68_087,   d68_087q,   Year = F,   join = \"left\" )"	"提取EV-D68"
"db_flavonoids"	"Flavonoids"	"db_flavonoids(   data,   years,   dietary = c(\"tot\", \"iff\"),   day = 1,   fun = c(\"mean\", \"sum\", \"alone\"),   Daidzein_mg = FALSE,   Genistein_mg = FALSE,   Glycitein_mg = FALSE,   Cyanidin_mg = FALSE,   Petunidin_mg = FALSE,   Delphinidin_mg = FALSE,   Malvidin_mg = FALSE,   Pelargonidin_mg = FALSE,   Peonidin_mg = FALSE,   Catechin_mg = FALSE,   Epigallocatechin_mg = FALSE,   Epicatechin_mg = FALSE,   Epicatechin_3_gallate_mg = FALSE,   Epigallocatechin_3_gallate_mg = FALSE,   Theaflavin_mg = FALSE,   Thearubigins_mg = FALSE,   Eriodictyol_mg = FALSE,   Hesperetin_mg = FALSE,   Naringenin_mg = FALSE,   Apigenin_mg = FALSE,   Luteolin_mg = FALSE,   Isorhamnetin_mg = FALSE,   Kaempferol_mg = FALSE,   Myricetin_mg = FALSE,   Quercetin_mg = FALSE,   Theaflavin_3_3_digallate_mg = FALSE,   Theaflavin_3q_gallate_mg = FALSE,   Theaflavin_3_gallate_mg = FALSE,   Gallocatechin_mg = FALSE,   Subtotal_Catechins_mg = FALSE,   Total_Isoflavones_mg = FALSE,   Total_Anthocyanidins_mg = FALSE,   Total_Flavan_3_ols_mg = FALSE,   Total_Flavanones_mg = FALSE,   Total_Flavones_mg = FALSE,   Total_Flavonols_mg = FALSE,   Total_Sum_of_all_29_flavonoids_mg = FALSE,   both2days = TRUE,   join = \"left\",   Year = FALSE )"	"Flavonoids"
"db_flxcln"	"Fluorosis - Clinical"	"db_flxcln(   data,   years,   central_incisor = FALSE,   lateral_incisor = FALSE,   cuspid = FALSE,   bicuspid1 = FALSE,   bicuspid2 = FALSE,   molar1 = FALSE,   molar2 = FALSE,   Year = FALSE,   join = \"left\",   lower_cd = TRUE )"	"Fluorosis - Clinical"
"db_fndds"	"fndds"	"db_fndds(data, years, files, Year = FALSE, join = \"left\", nrow = Inf) fndds_MainFoodDesc(   ...,   data,   years,   start = NULL,   Year = FALSE,   abbr = TRUE,   fortify = TRUE,   wweia = TRUE,   join = \"left\" ) fndds_AddFoodDesc(..., data, years, start = NULL, Year = FALSE, join = \"left\") fndds_FoodWeights(data, years, Year = FALSE, join = \"left\") fndds_FoodSubcodeLinks(data, years, Year = FALSE, join = \"left\") fndds_SubcodeDesc(data, years, Year = FALSE, join = \"left\") fndds_FoodPortionDesc(data, years, Year = FALSE, join = \"left\") fndds_FNDDSNutVal(data, years, Year = FALSE, join = \"left\") fndds_MoistAdjust(data, years, Year = FALSE, join = \"left\") fndds_NutDesc(data, years, Year = FALSE, join = \"left\") fndds_FNDDSIngred(data, years, Year = FALSE, join = \"left\") fndds_IngredNutVal(data, years, Year = FALSE, join = \"left\") fndds_DerivDesc(data, years, Year = FALSE, join = \"left\")"	"fndds"
"db_FoodCD"	"attach USDA food code Food Code Description File"	"db_FoodCD(data, short = TRUE, long = TRUE, lower_cd = FALSE)"	"attach USDA food code Food Code Description File"
"db_fped"	"attach fped"	"db_fped(   data,   years,   day = c(\"1\", \"2\"),   dietary = c(\"tot\", \"iff\"),   version = c(\"2015\", \"2010\"),   fun = c(\"sum\", \"mean\"),   f_citmlb = FALSE,   f_other = FALSE,   f_whole = FALSE,   f_juice = FALSE,   f_total = FALSE,   v_drkgr = FALSE,   v_redor_tomato = FALSE,   v_redor_other = FALSE,   v_redor_total = FALSE,   v_starchy_potato = FALSE,   v_starchy_other = FALSE,   v_starchy_total = FALSE,   v_other = FALSE,   v_total = FALSE,   v_legumes = FALSE,   g_whole = FALSE,   g_refined = FALSE,   g_total = FALSE,   d_milk = FALSE,   d_yogurt = FALSE,   d_cheese = FALSE,   d_total = FALSE,   pf_meat = FALSE,   pf_curedmeat = FALSE,   pf_organ = FALSE,   pf_poult = FALSE,   pf_seafd_hi = FALSE,   pf_seafd_low = FALSE,   pf_mps_total = FALSE,   pf_eggs = FALSE,   pf_soy = FALSE,   pf_nutsds = FALSE,   pf_legumes = FALSE,   pf_total = FALSE,   add_sugars = FALSE,   oils = FALSE,   solid_fats = FALSE,   a_drinks = FALSE,   seaplant = FALSE,   addsugc = FALSE,   solfatc = FALSE,   vtotalleg = FALSE,   vdrkgrleg = FALSE,   pfallprotleg = FALSE,   pfseaplantleg = FALSE,   Year = F,   join = \"left\" )"	"attach fped"
"db_fped.g"	""	"db_fped.g(...)"	""
"db_fped.kcal"	""	"db_fped.kcal(...)"	""
"db_HemalBiochemistry"	"Hemal Biochemistry"	"db_HemalBiochemistry(   data,   years,   fast_glucose_mg.dl = FALSE,   fast_glucose_mmol.L = FALSE,   refrige_glucose_mg.dl = FALSE,   refrige_glucose_mmol.L = FALSE,   fast_insulin_uu.ml = FALSE,   fast_insulin_pmol.L = FALSE,   HbA1c = FALSE,   Alt = FALSE,   Ast = FALSE,   bilirubin_total_mg.dl = FALSE,   bilirubin_total_umol.L = FALSE,   alkaline_phosphatase_u.L = FALSE,   protein_total_g.dl = FALSE,   protein_total_g.L = FALSE,   albumin_g.L = FALSE,   albumin_g.dl = FALSE,   globulin_g.dl = FALSE,   globulin_g.L = FALSE,   gamma_glutamyl_transferase_13u.l_iu.l = FALSE,   creatinine_mg.dl = FALSE,   creatinine_umol.L = FALSE,   uric_acid_mg.dl = FALSE,   uric_acid_umol.L = FALSE,   blood_urea_nitrogen_mg.dl = FALSE,   blood_urea_nitrogen_mmol.L = FALSE,   sodium_mmol.L = FALSE,   phosphorus_mg.dl = FALSE,   phosphorus_mmol.L = FALSE,   calcium_total_mg.dl = FALSE,   calcium_total_mmol.L = FALSE,   calcium_albumin_corrected_mg.dl = FALSE,   calcium_albumin_corrected_mmol.L = FALSE,   potassium_mmol.L = FALSE,   iron_ug.dl = FALSE,   iron_umol.L = FALSE,   chloride_mmol.L = FALSE,   osmolality_mosm.kg = FALSE,   bicarbonate_mmol.L = FALSE,   fast_triglyceride_mg.dl = FALSE,   fast_triglyceride_mmol.L = FALSE,   refrige_triglycerides_mg.dl = FALSE,   refrige_triglycerides_mmol.L = FALSE,   fast_total_cholesterol_mg.dl = FALSE,   fast_total_cholesterol_mmol.L = FALSE,   refrige_total_cholesterol_mg.dl = FALSE,   refrige_total_cholesterol_mmol.L = FALSE,   hdl_cholesterol_mmol.L = FALSE,   hdl_cholesterol_mg.dl = FALSE,   hdl_cholesterol_direct_mg.dl = FALSE,   hdl_cholesterol_direct_mmol.L = FALSE,   ldl_cholesterol_mmol.L = FALSE,   ldl_cholesterol_mg.dl = FALSE,   creatine_phosphokinase_cpk_iu.L = FALSE,   follicle_stimulating_hormone_iu.L = FALSE,   follicle_stimulating_hormone_miu.ml = FALSE,   luteinizing_hormone_iu.L = FALSE,   luteinizing_hormone_miu.ml = FALSE,   ldh_lactate_dehydrogenase_u.L = FALSE,   C_reactive_protein_mg.dl = FALSE,   hs_C_reactive_protein_mg.L = FALSE,   Year = FALSE,   join = \"left\",   wtsaf2yr = FALSE,   wtsaf4yr = FALSE,   all = FALSE )"	"Hemal Biochemistry"
"db_hormone"	"hormone"	"db_hormone(   data,   years,   testosterone_ng.dl = FALSE,   free_testosterone_ng.dl = FALSE,   bioavailable_testosterone_ng.dl = FALSE,   sex_hormone_binding_globulin_nmol.l = FALSE,   estradiol_pg.ml = FALSE,   androstanedione_glucuronide_ng.ml = FALSE,   Year = FALSE,   join = \"left\" )"	"hormone"
"db_IgE"	"al ige"	"db_IgE(   all = FALSE,   respondent.sequence.number,   sIgE_ku.l,   sIgE_cmt,   dust.farinae_ku.l,   dust.farinae_cmt,   dust.pteronyssinus_ku.l,   dust.pteronyssin_cmt,   cat_ku.l,   cat_cmt,   dog_ku.l,   dog_cmt,   cockroach_ku.l,   cockroach_cmt,   alternaria_ku.l,   alternaria_cmt,   peanut_ku.l,   peanut_cmt,   egg_ku.l,   egg_cmt,   milk_ku.l,   milk_cmt,   ragweed_ku.l,   ragweed_cmt,   rye.grass_ku.l,   rye.grass_cmt,   bermuda.grass_ku.l,   bermuda.grass_cmt,   oak_ku.l,   oak_cmt,   birch_ku.l,   birch_cmt,   shrimp_ku.l,   shrimp_cmt,   aspergillus_ku.l,   aspergillus_cmt,   thistle_ku.l,   thistle_cmt,   mouse_ku.l,   mouse_cmt,   rat_ku.l,   rat_cmt,   join = \"left\" )"	"al ige"
"db_mango"	"Mango consumption"	"db_mango(   data,   years,   day = 1,   fun = c(\"mean\", \"alone\", \"sum\"),   both2days = TRUE,   food.code = NULL,   Year = FALSE,   join = \"left\" )"	"Mango consumption"
"db_MCD"	"attach Modification Code Description File Modification Code Description File"	"db_MCD(data, lower_cd = FALSE)"	"attach Modification Code Description File Modification Code Description File"
"db_Menopause"	"db_Menopause"	"db_Menopause(data, years, Year = FALSE, join = \"left\")"	"db_Menopause"
"db_mort"	"Add mortality data"	"db_mort(   data,   years,   varLabel = TRUE,   codebook = TRUE,   Year = FALSE,   join = \"left\" )"	"Add mortality data"
"db_muscle.strength"	"muscle strength in exam"	"db_muscle.strength(   data,   years,   grip_test_status = TRUE,   ever_had_surgery_on_hands_or_wrists = TRUE,   recent_pain_aching_stiffness_right_hand = TRUE,   recent_pain_aching_stiffness_left_hand = TRUE,   dominant_hand = FALSE,   index_finger_90_degree = FALSE,   testing_position = FALSE,   hassigned_for_practice_trial = FALSE,   begin_test_hand = FALSE,   gs_t1_h1.kg = FALSE,   gs_t1_h1_effort = FALSE,   gs_t1_h2.kg = FALSE,   gs_t1_h2_effort = FALSE,   gs_t2_h1.kg = FALSE,   gs_t2_h1_effort = FALSE,   gs_t2_h2.kg = FALSE,   gs_t2_h2_effort = FALSE,   gs_t3_h1.kg = FALSE,   gs_t3_h1_effort = FALSE,   gs_t3_h2.kg = FALSE,   gs_t3_h2_effort = FALSE,   combined_grip_strength_kg = FALSE,   Year = FALSE,   join = \"left\" )"	"muscle strength in exam"
"db_nova"	"nova超加工食物"	"db_nova(   data = NULL,   all = FALSE,   day = 1,   years,   unprocessed_minimal.grams,   ingredients.grams,   processed.grams,   ultra_processed.grams,   unprocessed_minimal.kcal,   ingredients.kcal,   processed.kcal,   ultra_processed.kcal,   Year = F,   join = \"left\" )"	"参考文献PMID: 26626606"
"db_ogtt"	"Title"	"db_ogtt(   data,   years,   ogtt_subsample_2_year_mec_weight = FALSE,   two_hour_glucose_ogtt_mg.dl = FALSE,   two_hour_glucose_ogtt_mmol.l = FALSE,   total_length_of_food_fast_hours = FALSE,   total_length_of_food_fast_minutes = FALSE,   glucose_challenge_administer_time_in_min = FALSE,   time_from_fast_glucose_challenge_min = FALSE,   time_from_fasting_glucose_ogtt_min = FALSE,   time_from_glucose_challenge_ogtt_min = FALSE,   amount_of_glucose_challenge_drank = FALSE,   incomplete_ogtt_comment_code = FALSE,   Year = FALSE,   join = \"left\" )"	"Title"
"db_ohxden"	"Oral Health - Dentition"	"db_ohxden(   data,   years,   exam_status = FALSE,   dental_implant = FALSE,   dental_restoration = FALSE,   dental_sealant = FALSE,   root_cary = FALSE,   other_root_lesion = FALSE,   root_restoration = FALSE,   other_root_restoration = FALSE,   dental_decay = FALSE,   edentulous = FALSE,   tooth_condition = FALSE,   coronal_cary_tooth = FALSE,   coronal_cary_surface = FALSE,   coronal_caries_2nd_restoration_sc = FALSE,   coronal_caries_2nd_restoration_tc = FALSE,   sealants = FALSE,   foc = FALSE,   label = FALSE,   Year = FALSE,   join = \"left\" )"	"Oral Health - Dentition"
"db_paxraw"	""	"db_paxraw(...)"	""
"db_PbCd"	"Blood PbCd start from 2005"	"db_PbCd(   data,   years,   blood_cadmium_ug.l,   blood_cadmium_umol.l,   blood_cadmium_comment_code,   blood_lead_ug.dl,   blood_lead_umol.l,   blood_lead_comment_code,   blood_mercury_total_ug.l,   blood_mercury_total_umol.l,   blood_mercury_total_comment_code,   blood_manganese_ug.l,   blood_manganese_umol.l,   blood_manganese_comment_code,   blood_selenium_ug.l,   blood_selenium_umol.l,   blood_selenium_comment_code,   weight = FALSE,   Year = FALSE,   join = \"left\" )"	"Blood PbCd start from 2005"
"db_pooltf"	""	"db_pooltf(...)"	""
"db_sandwiches"	"sandwiches consumption"	"db_sandwiches(   data,   years,   day = 1,   fun = \"mean\",   both2days = TRUE,   unit = \"gram\",   Year = FALSE,   join = \"left\" )"	"sandwiches consumption"
"db_slq"	"Sleep Disorders from 2005 to 2019"	"db_slq(   data,   years,   how_long_to_fall_asleep_minutes = FALSE,   how_much_sleep_do_you_get_hours = FALSE,   ever_told_doctor_had_trouble_sleeping = FALSE,   ever_told_by_doctor_have_sleep_disorder = FALSE,   sleep_disorder_sleep_apnea = FALSE,   sleep_disorder_insomnia = FALSE,   sleep_disorder_restless_legs = FALSE,   sleep_disorder_other = FALSE,   how_often_do_you_snore = FALSE,   how_often_do_you_snort_or_stop_breathing = FALSE,   how_often_have_trouble_falling_asleep = FALSE,   how_often_wake_up_during_night = FALSE,   how_often_wake_up_too_early_in_morning = FALSE,   how_often_feel_unrested_during_the_day = FALSE,   how_often_feel_overly_sleepy_during_day = FALSE,   how_often_did_you_not_get_enough_sleep = FALSE,   how_often_take_pills_to_help_you_sleep = FALSE,   how_often_have_leg_jerks_while_sleeping = FALSE,   how_often_have_legs_cramp_while_sleeping = FALSE,   difficulty_concentrating_when_tired = FALSE,   difficulty_remembering_when_tired = FALSE,   difficulty_eating_when_tired = FALSE,   difficulty_with_a_hobby_when_tired = FALSE,   difficulty_getting_things_done = FALSE,   difficulty_with_finance_when_tired = FALSE,   difficulty_at_work_because_tired = FALSE,   difficulty_on_phone_when_tired = FALSE,   usual_sleep_time_on_weekdays_or_workdays = FALSE,   usual_wake_time_on_weekdays_or_workdays = FALSE,   sleep_hours_weekdays_or_workdays = FALSE,   usual_sleep_time_on_weekends = FALSE,   usual_wake_time_on_weekends = FALSE,   sleep_hours_weekends = FALSE,   Year = FALSE,   join = \"left\" )"	"Sleep Disorders from 2005 to 2019"
"db_sprint"	"population simulated by Systolic Blood Pressure Intervention Trial"	"db_sprint(data, years, Year = FALSE, join = \"left\")"	"population simulated by Systolic Blood Pressure Intervention Trial"
"db_spx"	"Spirometry - Pre and Post-Bronchodilator"	"db_spx(   data,   years,   test_status_first,   test_comment_first,   fvc_baseline_ml,   extrapolated_volume_baseline_ml,   fev_0.5_baseline_ml,   fev_0.75_baseline_ml,   fev_1_baseline_ml,   fev_3_baseline_ml,   fev_6_baseline_ml,   pef_baseline_ml.s,   fef_25.75_baseline_ml.s,   forced_expiratory_time_baseline_s,   fvc_quality_attribute_baseline,   fev1_quality_attribute_baseline,   number_of_acceptable_curves_baseline,   effort_quality_attribute_baseline,   selected_for_bronchodilator,   spirometry_second_test_status,   spirometry_second_test_comment,   fvc_2nd_ml,   extrapolated_volume_2nd_ml,   fev_0.5_2nd_ml,   fev_0.75_2nd_ml,   fev_1_2nd_ml,   fev_3_2nd_ml,   fev_6_2nd_ml,   pef_2nd_ml.s,   fef_25.75_2nd_ml.s,   forced_expiratory_time_2nd_s,   fvc_quality_attribute_2nd,   fev1_quality_attribute_2nd,   number_of_acceptable_curves_2nd,   effort_quality_attribute_2nd,   Year = FALSE,   join = \"left\" )"	"Spirometry - Pre and Post-Bronchodilator"
"db_tea"	"tea consumption"	"db_tea(   data,   years,   day = 1,   fun = c(\"mean\", \"alone\", \"sum\"),   unit = c(\"gram\", \"kcal\", \"cup\"),   sweeten = FALSE,   caffeinate = FALSE,   green = FALSE,   black = FALSE,   oolong = FALSE,   iced = FALSE,   hot = FALSE,   normT = FALSE,   leaf = FALSE,   instant = FALSE,   bottle = FALSE,   both2days = TRUE,   food.code = NULL,   Year = FALSE,   join = \"left\" )"	"tea consumption"
"db_urine.alb.cr"	"Albumin & Creatinine - Urine"	"db_urine.alb.cr(   data,   years,   albumin_urine_mg.l = FALSE,   albumin_urine_ug.ml = FALSE,   creatinine_urine_mg.dl = FALSE,   creatinine_urine_umol.l = FALSE,   uACR_mg.g = FALSE,   Year = FALSE,   join = \"left\" )"	"Albumin & Creatinine - Urine"
"delet_masc"	""	"delet_masc(...)"	""
"delete_variable"	""	"delete_variable(...)"	""
"delete_variable_rcs_keepx"	""	"delete_variable_rcs_keepx(...)"	""
"design4matchit"	"extract weight for matchit"	"design4matchit(design)"	"extract weight for matchit"
"deviance_svycoxph"	""	"deviance_svycoxph(...)"	""
"dex_ABPI"	"Ankle Brachial Blood Pressure Index"	"dex_ABPI(   data,   years,   left_abpi = TRUE,   right_abpi = TRUE,   Year = FALSE,   join = \"left\" )"	"Ankle Brachial Blood Pressure Index"
"dex_ABSI"	"a body shape index ABSI"	"dex_ABSI(data, years, Year = FALSE, join = \"left\")"	"a body shape index ABSI"
"dex_AHA.PREVENT"	"AHA.PREVENT"	"dex_AHA.PREVENT(   data,   years,   CVD_10yr.risk = F,   ASCVD_10yr.risk = F,   HF_10yr.risk = F,   component = F,   Year = F,   join = \"left\" )"	"AHA.PREVENT"
"dex_AIP"	"atherogenic index of plasma"	"dex_AIP(   data = NULL,   years,   weight = FALSE,   Year = FALSE,   join = \"left\",   cat = TRUE )"	"atherogenic index of plasma"
"dex_animal.protein"	""	"dex_animal.protein(...)"	""
"dex_ASCVD.h10yr"	"ONLY white people, 10-Year Risk of a First Hard ASCVD Event"	"dex_ASCVD.h10yr(   data,   years,   age = \"[40,79]\",   restrict.Race = TRUE,   component = FALSE,   weight = FALSE,   Year = FALSE,   join = \"left\" )"	"ONLY white people, 10-Year Risk of a First Hard ASCVD Event"
"dex_BARD"	"BARD score for non-alcoholic liver disease (NAFLD)"	"dex_BARD(data, years, Year = FALSE, join = \"left\")"	"BARD score for non-alcoholic liver disease (NAFLD)"
"dex_BiologicalAge"	"Biological Age"	"dex_BiologicalAge(data, biomarkers = NULL, by = NULL)"	"Biological Age"
"dex_body.fat.percentage"	"body fat percentage"	"dex_body.fat.percentage(data, years, Year = FALSE, join = \"left\")"	"body fat percentage"
"dex_BRI"	"Body roundness index BRI,pmid:23519954"	"dex_BRI(data, years, Year = FALSE, join = \"left\")"	"Body roundness index BRI,pmid:23519954"
"dex_CALLY"	"CALLY"	"dex_CALLY(   data,   years,   all = FALSE,   CALLY = T,   crp,   alb,   lym,   Year = F,   join = \"left\" )"	"从1999到2009年，参考文献pmid: 34244053"
"dex_CCI"	"Charlson Comorbidity Index"	"dex_CCI(data, years, cci_number = FALSE, Year = FALSE, join = \"left\")"	"Charlson Comorbidity Index"
"dex_CDAI"	"Composite Dietary Antioxidant Index"	"dex_CDAI(   data,   years,   day = 1,   both2days = T,   component = FALSE,   Year = FALSE,   join = \"left\",   round = 3 )"	"Composite Dietary Antioxidant Index"
"dex_CMDS"	"cardiometabolic disease staging system"	"dex_CMDS(data, years, weight = FALSE, Year = FALSE, join = \"left\")"	"cardiometabolic disease staging system"
"dex_CMI"	"Cardiometabolic index (CMI)"	"dex_CMI(   data,   years,   CMI,   tg_mmol.L,   hdl_mmol.L,   WHtR,   Year = FALSE,   join = \"left\" )"	"Cardiometabolic index (CMI)"
"dex_CONUT"	"Controlling Nutritional Status"	"dex_CONUT(data, years, Year = FALSE, join = \"left\")"	"Controlling Nutritional Status"
"dex_DASH.Mellen"	"Dietary Approaches to Stop Hypertension DASH score, 0-9 by Mellen"	"dex_DASH.Mellen(   data,   years,   day = 1,   both2days = T,   component = F,   Year = FALSE,   join = \"left\" )"	"Dietary Approaches to Stop Hypertension DASH score, 0-9 by Mellen"
"dex_DI_GM"	"DI_GM"	"dex_DI_GM(   data,   years,   day = 1,   score = F,   component = F,   Year = FALSE,   join = \"left\" )"	"只能从2007年开始计算，因为官方没有提供2007年之前红肉和加工肉计算的方法。（Dietary Index for Gut Microbiota，肠道微生物群膳食指数）, 树老师V：Charleszhanggo"
"dex_DII"	"calculate dietary inflammatory index"	"dex_DII(   data,   years,   day = 1,   rawComponet = FALSE,   both2days = F,   cat = TRUE,   Year = FALSE,   join = \"left\" )"	"calculate dietary inflammatory index"
"dex_eGDR"	"估计的葡萄糖处理率eGDR"	"dex_eGDR(data = NULL, all = FALSE, years, eGDR = T, Year = F, join = \"left\")"	"参考文献PMID: 10871201"
"dex_eGFR"	"Caculate eGFR"	"dex_eGFR(data, years, method = \"CKD_EPI_Scr_2009\", Year = FALSE, join = \"left\")"	"Caculate eGFR"
"dex_ePWV"	"Estimated Pulse Wave Velocity"	"dex_ePWV(data, years, Year = FALSE, join = \"left\", component = F)"	"Estimated Pulse Wave Velocity"
"dex_fasting.time"	"禁食时间"	"dex_fasting.time(   data = NULL,   years,   day = 1,   fasting.time = T,   Year = F,   join = \"left\" )"	"参考文献：pmid:39300516"
"dex_fat.mass"	"fat mass"	"dex_fat.mass(data, years, Year = FALSE, join = \"left\")"	"fat mass"
"dex_FIB.4"	"FIB-4"	"dex_FIB.4(data, years, Year = FALSE, join = \"left\")"	"FIB-4"
"dex_fii"	"Food inflammation index"	"dex_fii(data = NULL, all = FALSE, day = 1, years, Year = F, join = \"left\")"	"参考文献PMID: 39401693"
"dex_FLI"	"fatty liver index"	"dex_FLI(data, years, Year = FALSE, join = \"left\")"	"fatty liver index"
"dex_Frailty"	"Frailty Index"	"dex_Frailty(data, years, component = FALSE)"	"Frailty Index"
"dex_FS"	"Forns score"	"dex_FS(data, years, Year = FALSE, join = \"left\", weight = FALSE)"	"Forns score"
"dex_FSI"	"framingham steatosis index (fsi)"	"dex_FSI(data, years, Year = FALSE, join = \"left\", weight = FALSE)"	"framingham steatosis index (fsi)"
"dex_GNRI"	"Geriatric Nutritional Risk Index, GNRI"	"dex_GNRI(data, years, cut, method = c(\"22\", \"105\", \"wlo\"))"	"Geriatric Nutritional Risk Index, GNRI"
"dex_GPS"	"Glasgow Prognostic Score and modified GPS GPS"	"dex_GPS(data, years, Year = FALSE, join = \"left\")"	"Glasgow Prognostic Score and modified GPS GPS"
"dex_HeartAge"	"Heart Age/vascular age/ CVD 10 years risk"	"dex_HeartAge(   data,   years,   CVD.10yr.risk = FALSE,   component = FALSE,   points_var = FALSE,   Year = FALSE,   join = \"left\" )"	"Heart Age/vascular age/ CVD 10 years risk"
"dex_HEI"	"Calculate Healthy Eating Index"	"dex_HEI(   data,   years,   version = c(\"2015\", \"2010\"),   method = c(\"ssum\", \"pratio\"),   dietary = c(\"tot\", \"iff\"),   day = 1,   both2days = F,   varLabel = FALSE,   energy = TRUE,   component = TRUE,   density = FALSE,   seed = NULL )"	"Calculate Healthy Eating Index"
"dex_high.quality.carbohydrate"	""	"dex_high.quality.carbohydrate(...)"	""
"dex_HOMA"	"Homeostasis model assessment"	"dex_HOMA(   data,   years,   IR = TRUE,   IS = TRUE,   beta = TRUE,   fglu = FALSE,   finsulin = FALSE,   Year = FALSE,   join = \"left\" )"	"Homeostasis model assessment"
"dex_HSI"	"hepatic steatosis index"	"dex_HSI(data, years, Year = FALSE, join = \"left\")"	"hepatic steatosis index"
"dex_LAP"	"lipid accumulation product age >= 18"	"dex_LAP(data, years, Year = FALSE, join = \"left\")"	"lipid accumulation product age >= 18"
"dex_LC9"	"Life’s Crucial 9 age over and equal 20 years population"	"dex_LC9(data, years, day = 1, componet = FALSE, Year = FALSE, join = \"left\")"	"Life’s Crucial 9 age over and equal 20 years population"
"dex_LE8"	"Life Essential 8 age over and equal 20 years population"	"dex_LE8(data, years, day = 1, componet = FALSE, Year = FALSE, join = \"left\")"	"Life Essential 8 age over and equal 20 years population"
"dex_lean.mass"	"lean mass"	"dex_lean.mass(data, years, Year = FALSE, join = \"left\")"	"lean mass"
"dex_low.qulity.carbohydrate"	""	"dex_low.qulity.carbohydrate(...)"	""
"dex_LS7"	"Life's Simple 7"	"dex_LS7(   data,   years,   count = FALSE,   component_score = FALSE,   component_raw = FALSE,   hei_version = 2010,   Year = FALSE,   join = \"left\" )"	"Life's Simple 7"
"dex_MAO"	"metabolically abnormal obese"	"dex_MAO(data, years, Year = FALSE, yes1 = FALSE, join = \"left\")"	"metabolically abnormal obese"
"dex_METS.IR"	"metabolic Score for Insulin Resistance"	"dex_METS.IR(data, years, Year = FALSE, join = \"left\")"	"metabolic Score for Insulin Resistance"
"dex_METS.VF"	"Metabolic Score for Visceral Fat"	"dex_METS.VF(data, years, Year = FALSE, join = \"left\")"	"Metabolic Score for Visceral Fat"
"dex_MgDS"	"Magnesium Depletion Score"	"dex_MgDS(data, years, component = FALSE, Year = FALSE, join = \"left\")"	"Magnesium Depletion Score"
"dex_MHO"	"metabolically healthy obese"	"dex_MHO(data, years, Year = FALSE, yes1 = FALSE, join = \"left\")"	"metabolically healthy obese"
"dex_MMII"	"MMII尿金属混合物炎症指数"	"dex_MMII(data = NULL, years, MMII = T, component = F, Year = F, join = \"left\")"	"参考文献PMID: 38977088，参考补充表格s7"
"dex_MQI"	"Muscle quality index"	"dex_MQI(   data,   years,   MQI.total = TRUE,   MQI.app = FALSE,   MQI.arm = FALSE,   ASM = FALSE,   ASMI = FALSE,   Year = FALSE,   QC = TRUE,   GF.dominant = FALSE,   join = \"left\" )"	"Muscle quality index"
"dex_Muscle.strength"	"Muscle strength"	"dex_Muscle.strength(   data,   years,   activity = FALSE,   times = FALSE,   MET = FALSE,   week = TRUE,   Year = FALSE,   join = \"left\" )"	"Muscle strength"
"dex_NAFLD.LFS"	"NAFLD Liver Fat Score NAFLD Liver Fat Score"	"dex_NAFLD.LFS(   data,   years,   Year = FALSE,   Mets = c(\"IDF2006\", \"ATP\", \"IDF2009\", \"Harm\"),   join = \"left\",   cat = TRUE,   component = FALSE )"	"NAFLD Liver Fat Score NAFLD Liver Fat Score"
"dex_NFS"	"NAFLD fibrosis score"	"dex_NFS(data, years, Year = FALSE, join = \"left\", weight = FALSE)"	"NAFLD fibrosis score"
"dex_NLR"	"NLR 中性粒细胞淋巴细胞比值"	"dex_NLR(data = NULL, all = FALSE, years, NLR, Year = F, join = \"left\")"	"NLR 中性粒细胞淋巴细胞比值"
"dex_NPS"	"Naples Prognostic Score"	"dex_NPS(data, years, Year = FALSE, join = \"left\")"	"Naples Prognostic Score"
"dex_OBS"	"Oxidative Balance Score"	"dex_OBS(   data,   years,   day = c(1, 2),   OBS.dietary = FALSE,   OBS.lifestyle = FALSE,   component = FALSE,   score = FALSE,   Year = FALSE,   join = \"left\",   cat = T )"	"Oxidative Balance Score"
"dex_PAiaf"	"Physical Activity Individual Activities File"	"dex_PAiaf(   data,   years,   activity = FALSE,   level = FALSE,   times = FALSE,   duration = FALSE,   mets = FALSE,   weight_type = FALSE,   PA_iaf = FALSE,   Year = FALSE,   week = FALSE,   join = \"left\" )"	"Physical Activity Individual Activities File"
"dex_phenoAge"	"phenotypic age by Levine 1999 - 2009"	"dex_phenoAge(data, years, component = FALSE, Year = FALSE, join = \"left\")"	"phenotypic age by Levine 1999 - 2009"
"dex_PhysicalActivity"	"Physical Activity walk or bicycle + task around home or yard + muscle strength + work activity + recreational activity"	"dex_PhysicalActivity(   data,   years,   all.5 = FALSE,   walk_bicycle = FALSE,   Tasks.HomeYard = FALSE,   Muscle.strength = FALSE,   WorkActivity = FALSE,   RecreationalActivity = FALSE,   activity = FALSE,   time = FALSE,   MET = FALSE,   week = TRUE,   direction = c(\"m\", \"v\", \"no\"),   total_time,   total_MET,   component = FALSE,   Year = FALSE,   join = \"left\" )"	"Physical Activity walk or bicycle + task around home or yard + muscle strength + work activity + recreational activity"
"dex_plant.protein"	""	"dex_plant.protein(...)"	""
"dex_PLF"	"Percentage of Liver fat"	"dex_PLF(data, years, Year = FALSE, join = \"left\")"	"Percentage of Liver fat"
"dex_PLR"	"PLR 血小板淋巴细胞比值"	"dex_PLR(data = NULL, all = FALSE, years, PLR = T, Year = F, join = \"left\")"	"PLR 血小板淋巴细胞比值"
"dex_PRAL.NEAP"	"Potential renal acid load and  net endogenous acid production mEq/d. using the calculation model by Remer and Manz"	"dex_PRAL.NEAP(   data,   years,   day = 1,   both2days = TRUE,   fun = c(\"mean\", \"sum\", \"alone\"),   Year = FALSE,   join = \"left\",   component = FALSE )"	"Potential renal acid load and  net endogenous acid production mEq/d. using the calculation model by Remer and Manz"
"dex_RecreationalActivity"	"recreational activity"	"dex_RecreationalActivity(   data,   years,   activity = FALSE,   time = FALSE,   MET = FALSE,   direction = c(\"m\", \"v\", \"no\"),   Year = FALSE,   join = \"left\" )"	"recreational activity"
"dex_SARC.F"	"SARC-F"	"dex_SARC.F(data, years, component = F, Year = FALSE, join = \"left\")"	"SARC-F"
"dex_SDoH"	"健康的社会决定因素SDoH"	"dex_SDoH(data, years, score = F, component = F, Year = F, join = \"left\")"	"树老师微信：Charleszhanggo  从2003年开始，没有2019年  参考文献PMID: 37244672"
"dex_SHR"	"SHR"	"dex_SHR(   data = NULL,   years,   SHR = T,   glucose_mg.dL = F,   HbA1c = F,   Year = F,   join = \"left\" )"	"方法学描述参考这篇文献，pmid：40128747"
"dex_SII"	"Systemic immune-inflammation index"	"dex_SII(data, years, Year = FALSE, join = \"left\")"	"Systemic immune-inflammation index"
"dex_Tasks.HomeYard"	"Tasks.HomeYard Tasks around Home/Yard  metabolic equivalent"	"dex_Tasks.HomeYard(   data,   years,   activity = FALSE,   time = FALSE,   MET = FALSE,   week = TRUE,   direction = c(\"m\", \"v\", \"no\"),   Year = FALSE,   join = \"left\" )"	"Tasks.HomeYard Tasks around Home/Yard  metabolic equivalent"
"dex_TyG"	"fasting triglycerides and glucose index"	"dex_TyG(data, years, Year = FALSE, join = \"left\")"	"参考文献pmid: 19067533"
"dex_ulb"	"Unhealthy lifestyle behaviors"	"dex_ulb(   data,   years,   component = FALSE,   weight = FALSE,   Year = FALSE,   join = \"left\" )"	"Unhealthy lifestyle behaviors"
"dex_usFLI"	"fatty liver index"	"dex_usFLI(data, years, Year = FALSE, join = \"left\")"	"fatty liver index"
"dex_VAI"	"Visceral Adiposity Index(VAI)"	"dex_VAI(data, years)"	"Visceral Adiposity Index(VAI)"
"dex_VAT"	"visceral fat"	"dex_VAT(data, years, Year = FALSE, join = \"left\")"	"visceral fat"
"dex_walk_bicycle"	"walk_bicycle walk bicycle metabolic equivalent"	"dex_walk_bicycle(   data,   years,   activity = FALSE,   time = FALSE,   MET = FALSE,   week = TRUE,   direction = c(\"m\", \"v\", \"no\"),   Year = FALSE,   join = \"left\" )"	"walk_bicycle walk bicycle metabolic equivalent"
"dex_WHR"	"腰臀比"	"dex_WHR(data, years, Year = FALSE, join = \"left\")"	"腰臀比"
"dex_WHtR"	"腰身高比"	"dex_WHtR(data, years, Year = FALSE, join = \"left\")"	"腰身高比"
"dex_WorkActivity"	"work activity"	"dex_WorkActivity(   data,   years,   activity = FALSE,   time = FALSE,   MET = FALSE,   direction = c(\"m\", \"v\", \"no\"),   Year = FALSE,   join = \"left\" )"	"work activity"
"dex_YJP"	"Young Jin Park"	"dex_YJP(data, years, cut = 4, Year = FALSE, cat = TRUE, join = \"left\")"	"Young Jin Park"
"dex_ZJU"	"ZJU index a novel model for detecting NAFLD (nonalcoholic fatty liver disease)"	"dex_ZJU(data, years, Year = FALSE, join = \"left\")"	"ZJU index a novel model for detecting NAFLD (nonalcoholic fatty liver disease)"
"df.tolower"	""	"df.tolower(...)"	""
"diag_ACO"	"Asthma/COPD overlap"	"diag_ACO(data, years, Year = FALSE, join = \"left\")"	"Asthma/COPD overlap"
"diag_alcohol.associated.liver.disease"	"alcohol associated liver disease"	"diag_alcohol.associated.liver.disease(   data,   years,   yes1 = FALSE,   colname = \"alcohol.associated.liver.disease\",   Year = FALSE,   join = \"left\" )"	"alcohol associated liver disease"
"diag_alcohol.user"	"alcohol user"	"diag_alcohol.user(   data,   years,   mild = c(1, 2),   moderate = c(2, 3),   heavy = c(3, 4),   binge = TRUE,   Year = FALSE,   join = \"left\" )"	"alcohol user"
"diag_Anemia"	"Anemia at sea level"	"diag_Anemia(data, years, Year = FALSE, join = \"left\")"	"According to WHO standards, four grades of anemia for children, Pregnant women, non-Pregnant women and men."
"diag_angina"	"angina"	"diag_angina(   data,   years,   angina = TRUE,   angina.Age = FALSE,   yes1 = FALSE,   Year = FALSE,   join = \"left\" )"	"angina"
"diag_arthritis"	"arthritis"	"diag_arthritis(   data,   years,   arthritis = FALSE,   arghritis_age = FALSE,   arghritis_type = FALSE,   rheumatoid_arthritis,   psoriatic_arthritis,   osteoarthritis_or_degenerative_arthritis,   Year = FALSE,   join = \"left\" )"	"arthritis"
"diag_ASCVD"	"arteriosclerotic cardiovascular disease"	"diag_ASCVD(   data,   years,   early_ASCVD = FALSE,   early_male = 55,   early_female = 60,   Year = FALSE,   join = \"left\" )"	"arteriosclerotic cardiovascular disease"
"diag_Asthma"	"Asthma"	"diag_Asthma(   data,   years,   told = TRUE,   drug = TRUE,   cat = TRUE,   yes1 = FALSE,   Year = FALSE,   join = \"left\" )"	"Asthma"
"diag_atopic"	"diagnosis of atopic if 2005"	"diag_atopic(data, cut.off = 0.35, component = F, Year = F)"	"diagnosis of atopic if 2005"
"diag_binge"	"binge drink how much days you binge"	"diag_binge(data, years, month = TRUE, Year = FALSE, join = \"left\")"	"binge drink how much days you binge"
"diag_CKD"	"chronic kidney disease"	"diag_CKD(   data,   years,   ckd = c(\"A2\", \"G3a\"),   show_CKD = TRUE,   show_prognosis = TRUE,   show_ACR = FALSE,   show_eGFR = FALSE,   eGFR_method = \"CKD_EPI_Scr_2009\",   yes1 = FALSE,   Year = FALSE,   join = \"left\" )"	"chronic kidney disease"
"diag_CKM"	"CKM"	"diag_CKM(data, years, component = F, Year = F, join = \"left\")"	"CKM"
"diag_congestive.heart.failure"	"congestive heart failure"	"diag_congestive.heart.failure(   data,   years,   yes1 = FALSE,   Year = FALSE,   join = \"left\" )"	"congestive heart failure"
"diag_COPD"	"Chronic Obstructive Pulmonary Disease"	"diag_COPD(   data,   years,   told = T,   emphysema = TRUE,   spx = TRUE,   drug = TRUE,   cat = TRUE,   Year = FALSE,   yes1 = FALSE,   join = \"left\" )"	"Chronic Obstructive Pulmonary Disease"
"diag_coronary.heart.disease"	"coronary heart disease"	"diag_coronary.heart.disease(   data,   years,   coronary.heart.disease = TRUE,   coronary.heart.disease.Age = FALSE,   Year = FALSE,   join = \"left\" )"	"coronary heart disease"
"diag_CVD"	"Cardiovascular Disease"	"diag_CVD(data, years, Year = FALSE, join = \"left\")"	"Cardiovascular Disease"
"diag_DM"	"attach Diabetes Mellitus"	"diag_DM(   data,   years,   told = TRUE,   HbA1c = TRUE,   fast_glu = TRUE,   OGTT2 = TRUE,   rand_glu = TRUE,   drug = TRUE,   DM1 = FALSE,   cat = TRUE,   Year = FALSE,   join = \"left\",   exclude_Pregnant = TRUE )"	"attach Diabetes Mellitus"
"diag_epilepsy"	"epilepsy by icd10 code of G40(epilepsy and recurrent seizures) Years must be after 2013"	"diag_epilepsy(   data,   years,   yes1 = FALSE,   take_drug = FALSE,   DrugNumber = FALSE,   drugname = FALSE,   remove.other = TRUE,   dup.take.drug = c(\"paste\", \"remove\", \"keep\"),   Year = FALSE,   join = \"left\" )"	"epilepsy by icd10 code of G40(epilepsy and recurrent seizures) Years must be after 2013"
"diag_Familial.Hypercholesterolemia"	"familial hypercholesterolaemia"	"diag_Familial.Hypercholesterolemia(   data,   years,   class = TRUE,   score = FALSE,   Year = FALSE,   join = \"left\" )"	"Dutch Lipid Clinic Network diagnostic criteria for familial hypercholesterolaemia"
"diag_Fibrillation"	"Fibrillation"	"diag_Fibrillation(data, years, Year = FALSE, join = \"left\")"	"Fibrillation"
"diag_heart.attack"	"heart attack by mcq160e or spq070e"	"diag_heart.attack(   data,   years,   heart.attack = TRUE,   heart.attack.Age = FALSE,   Year = FALSE,   join = \"left\" )"	"heart attack by mcq160e or spq070e"
"diag_Hyperlipidemia"	"Hyperlipidemia"	"diag_Hyperlipidemia(data, years, yes1 = FALSE, Year = FALSE, join = \"left\")"	"Hyperlipidemia"
"diag_Hypertension"	"attach Hypertension"	"diag_Hypertension(   data,   years,   told = TRUE,   drug = TRUE,   bpx = TRUE,   method = c(\"mean\", \"times\"),   systolic = 140,   diastolic = 90,   n = 3,   component = FALSE,   yes1 = FALSE,   cat = TRUE,   Year = FALSE,   join = \"left\" )"	"attach Hypertension"
"diag_hypoparathyroidism"	"hypoparathyroidism for 2003 and 2005"	"diag_hypoparathyroidism(data, years, Year = FALSE, join = \"left\")"	"hypoparathyroidism for 2003 and 2005"
"diag_icd10"	"icd10 by icd code and description"	"diag_icd10(   ...,   data,   years,   Year = FALSE,   join = \"left\",   colname = \"target\",   yes1 = FALSE,   icd10 = FALSE )"	"icd10 by icd code and description"
"diag_infertility"	"infertility start from 2013"	"diag_infertility(   data,   years,   infertility_care = FALSE,   Year = FALSE,   join = \"left\" )"	"infertility start from 2013"
"diag_MAFLD"	"Metabolic (dysfunction) associated fatty liver disease (MAFLD)"	"diag_MAFLD(   data,   years,   steatosis = FALSE,   second3 = FALSE,   met = FALSE,   CAP.cutoff = 248,   above.equal = FALSE,   cat = TRUE,   Year = FALSE,   join = \"left\" )"	"Metabolic (dysfunction) associated fatty liver disease (MAFLD)"
"diag_MAFLD.FLI"	"Metabolic (dysfunction) associated fatty liver disease (MAFLD)"	"diag_MAFLD.FLI(   data,   years,   steatosis = FALSE,   second3 = FALSE,   met = FALSE,   cutoff.FLI = NULL,   cat = TRUE,   Year = FALSE,   join = \"left\" )"	"使用FLI来诊断MAFLD"
"diag_MAFLD.usFLI"	"Metabolic (dysfunction) associated fatty liver disease (MAFLD)"	"diag_MAFLD.usFLI(   data,   years,   steatosis = FALSE,   second3 = FALSE,   met = FALSE,   cutoff.usFLI = NULL,   cat = TRUE,   Year = FALSE,   join = \"left\" )"	"使用usFLI来诊断MAFLD"
"diag_MASLD.cap"	"cap diagnoses Metabolic Dysfunction Associated Steatotic Liver Disease in adults MASLD"	"diag_MASLD.cap(data, years, cutoff.cap = 248, Year = FALSE, join = \"left\")"	"cap diagnoses Metabolic Dysfunction Associated Steatotic Liver Disease in adults MASLD"
"diag_MASLD.FLI"	"FLI diagnoses Metabolic Dysfunction Associated Steatotic Liver Disease in adults"	"diag_MASLD.FLI(data, years, cutoff.FLI = NULL, Year = FALSE, join = \"left\")"	"MASLD"
"diag_MASLD.usFLI"	"usFLI diagnoses Metabolic Dysfunction Associated Steatotic Liver Disease in adults MASLD"	"diag_MASLD.usFLI(data, years, cutoff.usFLI = 30, Year = FALSE, join = \"left\")"	"usFLI diagnoses Metabolic Dysfunction Associated Steatotic Liver Disease in adults MASLD"
"diag_MetS"	"Attach Metabolic Syndrome"	"diag_MetS(   data,   years,   methods = c(\"ATP\", \"IDF2006\", \"IDF2009\", \"Harm\"),   component = FALSE,   yes1 = FALSE,   join = \"left\",   Year = FALSE,   cat = TRUE )"	"Attach Metabolic Syndrome"
"diag_mFried.frailty"	"modified Fried frailty"	"diag_mFried.frailty(   data = NULL,   all = FALSE,   years,   Fried.frailty,   Fried.frailty_count,   weakness,   low.pa,   exhaustion,   slow.walking.speed,   weight.change,   Year = F,   join = \"left\" )"	"参考文献pmid:34470533"
"diag_NAFLD"	"Nonalcoholic fatty liver disease"	"diag_NAFLD(   data,   years,   cap.cutoff = 248,   colname = \"Nonalcoholic.fatty.liver.disease\",   Year = FALSE,   join = \"left\" )"	"Nonalcoholic fatty liver disease"
"diag_OSAS.3"	"obstructive sleep apnea(2005-2008, 2015-2018)"	"diag_OSAS.3(data, years, Year = FALSE, join = \"left\", component = F)"	"obstructive sleep apnea(2005-2008, 2015-2018)"
"diag_OSAS.3a"	"obstructive sleep apnea(2005-2008) 3 key signs and apnea"	"diag_OSAS.3a(data, years, Year = FALSE, join = \"left\", component = F)"	"obstructive sleep apnea(2005-2008) 3 key signs and apnea"
"diag_OSAS.3ha"	"obstructive sleep apnea(2005-2008) 3 key signs with hypertension and apnea"	"diag_OSAS.3ha(data, years, Year = FALSE, join = \"left\", component = F)"	"obstructive sleep apnea(2005-2008) 3 key signs with hypertension and apnea"
"diag_OSAS.MAP"	"obstructive sleep apnea(2005-2008, 2015-2018)"	"diag_OSAS.MAP(data, years, Year = FALSE, join = \"left\", component = F)"	"obstructive sleep apnea(2005-2008, 2015-2018)"
"diag_osteoporosis"	"骨质疏松"	"diag_osteoporosis(   data,   years,   fem.neck.mean = 0.86,   fem.neck.sd = 0.12,   lum.mean = 1.064,   lum.sd = 0.106,   Tscore = FALSE,   Year = FALSE,   join = \"left\" )"	"骨质疏松"
"diag_Overactive.bladder"	"膀胱过度活动"	"diag_Overactive.bladder(data, years, Year = FALSE, join = \"left\")"	"膀胱过度活动"
"diag_PAD"	"peripheral artery disease"	"diag_PAD(data, years, yes1 = FALSE, Year = FALSE, join = \"left\")"	"peripheral artery disease"
"diag_Parkinson"	"Parkinson diagnose by taking antiparkinson agents"	"diag_Parkinson(data, years, Year = FALSE, yes1 = FALSE, join = \"left\")"	"Parkinson diagnose by taking antiparkinson agents"
"diag_periodontitis"	"periodontitis"	"diag_periodontitis(data, years, Year = FALSE, join = \"left\")"	"periodontitis"
"diag_periodontitis_CDC.AAP"	"periodontitis by CDC-AAP"	"diag_periodontitis_CDC.AAP(data, years, Year = FALSE, join = \"left\")"	"periodontitis by CDC-AAP"
"diag_PHQ9"	"add depression of \"PHQ-9\""	"diag_PHQ9(   data,   years,   cut,   na0 = FALSE,   score = FALSE,   dpq = FALSE,   varLabel = FALSE,   cat = T )"	"add depression of \"PHQ-9\""
"diag_preDM"	"prediabetes"	"diag_preDM(data, years, Year = FALSE, cat = TRUE, join = \"left\")"	"prediabetes"
"diag_Pregnant"	"Pregnant Now?"	"diag_Pregnant(data, years, yes1 = FALSE, Year = FALSE, join = \"left\")"	"Pregnant Now?"
"diag_Resistant.hypertension"	"Resistant hypertension take at least 3 kinds of anti-hypertensive drugs and still have hypertension"	"diag_Resistant.hypertension(   data,   years,   systolic = 140,   diastolic = 90,   Year = FALSE,   join = \"left\" )"	"Resistant hypertension take at least 3 kinds of anti-hypertensive drugs and still have hypertension"
"diag_Retinal.Emboli"	"Retinal Emboli"	"diag_Retinal.Emboli(data, years, Year = FALSE, join = \"left\")"	"Retinal Emboli"
"diag_RMetS"	"Reverse metabolic syndrome"	"diag_RMetS(data, years, component = F, Year = FALSE, join = \"left\")"	"Reverse metabolic syndrome"
"diag_sarcopenia"	"Title"	"diag_sarcopenia(data, years, yes1 = FALSE, Year = FALSE, join = \"left\")"	"Title"
"diag_sarcopenia_low.muscle"	"Title"	"diag_sarcopenia_low.muscle(   data,   years,   yes1 = FALSE,   Year = FALSE,   join = \"left\" )"	"Title"
"diag_smoke"	"smoke"	"diag_smoke(   data,   years,   smoke = T,   start_age = F,   quit_years = F,   smoking_years = F,   pack_years = F,   cigarettes_per_day_when_quit = F,   avg_cigarettes_per_day_past_30_days = F,   anyone.smoke.in.home = F,   days.used.nicotine.stop.smoking.aid_past5days = F,   never = \"never\",   former = \"former\",   now = \"now\",   Year = FALSE,   join = \"left\" )"	"smoke"
"diag_stroke"	"stroke by mcq160f or spq070d"	"diag_stroke(   data,   years,   stroke = TRUE,   stroke.Age = FALSE,   Year = FALSE,   join = \"left\" )"	"stroke by mcq160f or spq070d"
"diag_viral.hepatitis"	"diagnose of viral hepatitis"	"diag_viral.hepatitis(   data,   years,   HBV = TRUE,   HCV = TRUE,   Year = FALSE,   yes1 = FALSE,   colname = \"viral.hepatitis\",   join = \"left\" )"	"diagnose of viral hepatitis"
"diag_youth.hypertension"	"youth hypertension age: 1-17"	"diag_youth.hypertension(   data,   years,   levels = c(\"90th\", \"50th\", \"95th\", \"95th+\"),   Year = FALSE,   join = \"left\" )"	"youth hypertension age: 1-17"
"diag_youth.obesity"	"youth obesity age < 18 years old"	"diag_youth.obesity(data, years, Year = FALSE, join = \"left\")"	"youth obesity age < 18 years old"
"dietary_food.code"	""	"dietary_food.code(...)"	""
"digit"	""	"digit(...)"	""
"digit2character"	"to numeric"	"digit2character(x, round = 2)"	"to numeric"
"digit2character<-"	"to numeric"	"digit2character(x) <- value"	"to numeric"
"digit2numeric"	"to numeric"	"digit2numeric(x, round = 2)"	"to numeric"
"digit2numeric<-"	"to numeric"	"digit2numeric(x) <- value"	"to numeric"
"dii"	"calculate dietary inflammatory index"	"dii(component, x)"	"calculate dietary inflammatory index"
"dii.xlsx"	""	"dii.xlsx(...)"	""
"distinct"	"distinct"	"distinct(.data, ..., .keep_all = FALSE)"	"distinct"
"distinct.survey.design"	""	"distinct.survey.design(...)"	""
"dl"	""	"dl(...)"	""
"drop_col"	"drop column in dataframe"	"drop_col(x, ...)"	"drop column in dataframe"
"drop_col<-"	"dataframe"	"drop_col(x) <- value"	"dataframe"
"drop_row"	"drop row"	"drop_row(x, ...)"	"drop row"
"drop_row.data.frame"	"drop row"	"drop_rowdata.frame(   x,   ...,   cat = TRUE,   title = NULL,   title.space = \"\",   subtitle.space = \"\" )"	"drop row"
"drop_row.survey.design"	""	"drop_row.survey.design(...)"	""
"drop_row_high_percent"	"删除数据中某列高于于某一个百分位的数值"	"drop_row_high_percent(d, ..., percent = 97.5)"	"删除数据中某列高于于某一个百分位的数值"
"drop_row_low_percent"	"删除数据中某列低于某一个百分位的数值"	"drop_row_low_percent(d, ..., percent = 2.5)"	"删除数据中某列低于某一个百分位的数值"
"drop_row<-"	"drop row"	"drop_row(x) <- value"	"drop row"
"Drug"	"Attach medication usage by drug name, fda, ndc, dcn or icn"	"Drug(   ...,   data = NULL,   years,   take_drug = \"take_drug\",   DrugNumber = FALSE,   drugname = FALSE,   fdaNDC = FALSE,   dcn = FALSE,   icn = FALSE,   icd10 = FALSE,   yes.code = NULL,   other.code = NULL,   no.code = NULL,   remove.other = T,   dup.take.drug = c(\"remove\", \"paste\", \"keep\"),   join = \"left\",   Year = FALSE ) drug_anti.Diabetic(   data,   years,   take_drug = TRUE,   DrugNumber = FALSE,   drugname = FALSE,   fdaNDC = FALSE,   dcn = FALSE,   icn = FALSE,   icd10 = FALSE,   yes.code = NULL,   other.code = NULL,   no.code = NULL,   remove.other = TRUE,   dup.take.drug = \"remove\",   join = \"left\",   Year = FALSE ) drug_anti.Hypertensive(   data,   years,   take_drug = TRUE,   DrugNumber = FALSE,   drugname = FALSE,   fdaNDC = FALSE,   dcn = FALSE,   icn = FALSE,   icd10 = FALSE,   yes.code = NULL,   other.code = NULL,   no.code = NULL,   remove.other = TRUE,   dup.take.drug = \"remove\",   join = \"left\",   Year = FALSE ) drug_anti.Hyperlipidemic(   data,   years,   take_drug = TRUE,   DrugNumber = FALSE,   drugname = FALSE,   fdaNDC = FALSE,   dcn = FALSE,   icn = FALSE,   icd10 = FALSE,   yes.code = NULL,   other.code = NULL,   no.code = NULL,   remove.other = TRUE,   dup.take.drug = \"remove\",   join = \"left\",   Year = FALSE ) drug_anti.infectives(   data,   years,   take_drug = TRUE,   DrugNumber = FALSE,   drugname = FALSE,   fdaNDC = FALSE,   dcn = FALSE,   icn = FALSE,   icd10 = FALSE,   yes.code = NULL,   other.code = NULL,   no.code = NULL,   remove.other = TRUE,   dup.take.drug = \"remove\",   join = \"left\",   Year = FALSE ) drug_anti.parkinson(   data,   years,   take_drug = TRUE,   DrugNumber = FALSE,   drugname = FALSE,   fdaNDC = FALSE,   dcn = FALSE,   icn = FALSE,   icd10 = FALSE,   yes.code,   other.code,   no.code,   remove.other = TRUE,   dup.take.drug = \"remove\",   join = \"left\",   Year = FALSE ) drug_fibrates(   data,   years,   take_drug = TRUE,   DrugNumber = FALSE,   drugname = FALSE,   fdaNDC = FALSE,   dcn = FALSE,   icn = FALSE,   icd10 = FALSE,   yes.code = NULL,   other.code = NULL,   no.code = NULL,   remove.other = TRUE,   dup.take.drug = \"remove\",   join = \"left\",   Year = FALSE ) drug_niacin(   data,   years,   take_drug = TRUE,   DrugNumber = FALSE,   drugname = FALSE,   fdaNDC = FALSE,   dcn = FALSE,   icn = FALSE,   icd10 = FALSE,   yes.code = NULL,   other.code = NULL,   no.code = NULL,   remove.other = TRUE,   dup.take.drug = \"remove\",   join = \"left\",   Year = FALSE )"	"Attach medication usage by drug name, fda, ndc, dcn or icn"
"drug_anti.Diabetic"	"Attach medication usage by drug name, fda, ndc, dcn or icn"	"Drug(   ...,   data = NULL,   years,   take_drug = \"take_drug\",   DrugNumber = FALSE,   drugname = FALSE,   fdaNDC = FALSE,   dcn = FALSE,   icn = FALSE,   icd10 = FALSE,   yes.code = NULL,   other.code = NULL,   no.code = NULL,   remove.other = T,   dup.take.drug = c(\"remove\", \"paste\", \"keep\"),   join = \"left\",   Year = FALSE ) drug_anti.Diabetic(   data,   years,   take_drug = TRUE,   DrugNumber = FALSE,   drugname = FALSE,   fdaNDC = FALSE,   dcn = FALSE,   icn = FALSE,   icd10 = FALSE,   yes.code = NULL,   other.code = NULL,   no.code = NULL,   remove.other = TRUE,   dup.take.drug = \"remove\",   join = \"left\",   Year = FALSE ) drug_anti.Hypertensive(   data,   years,   take_drug = TRUE,   DrugNumber = FALSE,   drugname = FALSE,   fdaNDC = FALSE,   dcn = FALSE,   icn = FALSE,   icd10 = FALSE,   yes.code = NULL,   other.code = NULL,   no.code = NULL,   remove.other = TRUE,   dup.take.drug = \"remove\",   join = \"left\",   Year = FALSE ) drug_anti.Hyperlipidemic(   data,   years,   take_drug = TRUE,   DrugNumber = FALSE,   drugname = FALSE,   fdaNDC = FALSE,   dcn = FALSE,   icn = FALSE,   icd10 = FALSE,   yes.code = NULL,   other.code = NULL,   no.code = NULL,   remove.other = TRUE,   dup.take.drug = \"remove\",   join = \"left\",   Year = FALSE ) drug_anti.infectives(   data,   years,   take_drug = TRUE,   DrugNumber = FALSE,   drugname = FALSE,   fdaNDC = FALSE,   dcn = FALSE,   icn = FALSE,   icd10 = FALSE,   yes.code = NULL,   other.code = NULL,   no.code = NULL,   remove.other = TRUE,   dup.take.drug = \"remove\",   join = \"left\",   Year = FALSE ) drug_anti.parkinson(   data,   years,   take_drug = TRUE,   DrugNumber = FALSE,   drugname = FALSE,   fdaNDC = FALSE,   dcn = FALSE,   icn = FALSE,   icd10 = FALSE,   yes.code,   other.code,   no.code,   remove.other = TRUE,   dup.take.drug = \"remove\",   join = \"left\",   Year = FALSE ) drug_fibrates(   data,   years,   take_drug = TRUE,   DrugNumber = FALSE,   drugname = FALSE,   fdaNDC = FALSE,   dcn = FALSE,   icn = FALSE,   icd10 = FALSE,   yes.code = NULL,   other.code = NULL,   no.code = NULL,   remove.other = TRUE,   dup.take.drug = \"remove\",   join = \"left\",   Year = FALSE ) drug_niacin(   data,   years,   take_drug = TRUE,   DrugNumber = FALSE,   drugname = FALSE,   fdaNDC = FALSE,   dcn = FALSE,   icn = FALSE,   icd10 = FALSE,   yes.code = NULL,   other.code = NULL,   no.code = NULL,   remove.other = TRUE,   dup.take.drug = \"remove\",   join = \"left\",   Year = FALSE )"	"Attach medication usage by drug name, fda, ndc, dcn or icn"
"drug_anti.Hyperlipidemic"	"Attach medication usage by drug name, fda, ndc, dcn or icn"	"Drug(   ...,   data = NULL,   years,   take_drug = \"take_drug\",   DrugNumber = FALSE,   drugname = FALSE,   fdaNDC = FALSE,   dcn = FALSE,   icn = FALSE,   icd10 = FALSE,   yes.code = NULL,   other.code = NULL,   no.code = NULL,   remove.other = T,   dup.take.drug = c(\"remove\", \"paste\", \"keep\"),   join = \"left\",   Year = FALSE ) drug_anti.Diabetic(   data,   years,   take_drug = TRUE,   DrugNumber = FALSE,   drugname = FALSE,   fdaNDC = FALSE,   dcn = FALSE,   icn = FALSE,   icd10 = FALSE,   yes.code = NULL,   other.code = NULL,   no.code = NULL,   remove.other = TRUE,   dup.take.drug = \"remove\",   join = \"left\",   Year = FALSE ) drug_anti.Hypertensive(   data,   years,   take_drug = TRUE,   DrugNumber = FALSE,   drugname = FALSE,   fdaNDC = FALSE,   dcn = FALSE,   icn = FALSE,   icd10 = FALSE,   yes.code = NULL,   other.code = NULL,   no.code = NULL,   remove.other = TRUE,   dup.take.drug = \"remove\",   join = \"left\",   Year = FALSE ) drug_anti.Hyperlipidemic(   data,   years,   take_drug = TRUE,   DrugNumber = FALSE,   drugname = FALSE,   fdaNDC = FALSE,   dcn = FALSE,   icn = FALSE,   icd10 = FALSE,   yes.code = NULL,   other.code = NULL,   no.code = NULL,   remove.other = TRUE,   dup.take.drug = \"remove\",   join = \"left\",   Year = FALSE ) drug_anti.infectives(   data,   years,   take_drug = TRUE,   DrugNumber = FALSE,   drugname = FALSE,   fdaNDC = FALSE,   dcn = FALSE,   icn = FALSE,   icd10 = FALSE,   yes.code = NULL,   other.code = NULL,   no.code = NULL,   remove.other = TRUE,   dup.take.drug = \"remove\",   join = \"left\",   Year = FALSE ) drug_anti.parkinson(   data,   years,   take_drug = TRUE,   DrugNumber = FALSE,   drugname = FALSE,   fdaNDC = FALSE,   dcn = FALSE,   icn = FALSE,   icd10 = FALSE,   yes.code,   other.code,   no.code,   remove.other = TRUE,   dup.take.drug = \"remove\",   join = \"left\",   Year = FALSE ) drug_fibrates(   data,   years,   take_drug = TRUE,   DrugNumber = FALSE,   drugname = FALSE,   fdaNDC = FALSE,   dcn = FALSE,   icn = FALSE,   icd10 = FALSE,   yes.code = NULL,   other.code = NULL,   no.code = NULL,   remove.other = TRUE,   dup.take.drug = \"remove\",   join = \"left\",   Year = FALSE ) drug_niacin(   data,   years,   take_drug = TRUE,   DrugNumber = FALSE,   drugname = FALSE,   fdaNDC = FALSE,   dcn = FALSE,   icn = FALSE,   icd10 = FALSE,   yes.code = NULL,   other.code = NULL,   no.code = NULL,   remove.other = TRUE,   dup.take.drug = \"remove\",   join = \"left\",   Year = FALSE )"	"Attach medication usage by drug name, fda, ndc, dcn or icn"
"drug_anti.Hypertensive"	"Attach medication usage by drug name, fda, ndc, dcn or icn"	"Drug(   ...,   data = NULL,   years,   take_drug = \"take_drug\",   DrugNumber = FALSE,   drugname = FALSE,   fdaNDC = FALSE,   dcn = FALSE,   icn = FALSE,   icd10 = FALSE,   yes.code = NULL,   other.code = NULL,   no.code = NULL,   remove.other = T,   dup.take.drug = c(\"remove\", \"paste\", \"keep\"),   join = \"left\",   Year = FALSE ) drug_anti.Diabetic(   data,   years,   take_drug = TRUE,   DrugNumber = FALSE,   drugname = FALSE,   fdaNDC = FALSE,   dcn = FALSE,   icn = FALSE,   icd10 = FALSE,   yes.code = NULL,   other.code = NULL,   no.code = NULL,   remove.other = TRUE,   dup.take.drug = \"remove\",   join = \"left\",   Year = FALSE ) drug_anti.Hypertensive(   data,   years,   take_drug = TRUE,   DrugNumber = FALSE,   drugname = FALSE,   fdaNDC = FALSE,   dcn = FALSE,   icn = FALSE,   icd10 = FALSE,   yes.code = NULL,   other.code = NULL,   no.code = NULL,   remove.other = TRUE,   dup.take.drug = \"remove\",   join = \"left\",   Year = FALSE ) drug_anti.Hyperlipidemic(   data,   years,   take_drug = TRUE,   DrugNumber = FALSE,   drugname = FALSE,   fdaNDC = FALSE,   dcn = FALSE,   icn = FALSE,   icd10 = FALSE,   yes.code = NULL,   other.code = NULL,   no.code = NULL,   remove.other = TRUE,   dup.take.drug = \"remove\",   join = \"left\",   Year = FALSE ) drug_anti.infectives(   data,   years,   take_drug = TRUE,   DrugNumber = FALSE,   drugname = FALSE,   fdaNDC = FALSE,   dcn = FALSE,   icn = FALSE,   icd10 = FALSE,   yes.code = NULL,   other.code = NULL,   no.code = NULL,   remove.other = TRUE,   dup.take.drug = \"remove\",   join = \"left\",   Year = FALSE ) drug_anti.parkinson(   data,   years,   take_drug = TRUE,   DrugNumber = FALSE,   drugname = FALSE,   fdaNDC = FALSE,   dcn = FALSE,   icn = FALSE,   icd10 = FALSE,   yes.code,   other.code,   no.code,   remove.other = TRUE,   dup.take.drug = \"remove\",   join = \"left\",   Year = FALSE ) drug_fibrates(   data,   years,   take_drug = TRUE,   DrugNumber = FALSE,   drugname = FALSE,   fdaNDC = FALSE,   dcn = FALSE,   icn = FALSE,   icd10 = FALSE,   yes.code = NULL,   other.code = NULL,   no.code = NULL,   remove.other = TRUE,   dup.take.drug = \"remove\",   join = \"left\",   Year = FALSE ) drug_niacin(   data,   years,   take_drug = TRUE,   DrugNumber = FALSE,   drugname = FALSE,   fdaNDC = FALSE,   dcn = FALSE,   icn = FALSE,   icd10 = FALSE,   yes.code = NULL,   other.code = NULL,   no.code = NULL,   remove.other = TRUE,   dup.take.drug = \"remove\",   join = \"left\",   Year = FALSE )"	"Attach medication usage by drug name, fda, ndc, dcn or icn"
"drug_anti.infectives"	"Attach medication usage by drug name, fda, ndc, dcn or icn"	"Drug(   ...,   data = NULL,   years,   take_drug = \"take_drug\",   DrugNumber = FALSE,   drugname = FALSE,   fdaNDC = FALSE,   dcn = FALSE,   icn = FALSE,   icd10 = FALSE,   yes.code = NULL,   other.code = NULL,   no.code = NULL,   remove.other = T,   dup.take.drug = c(\"remove\", \"paste\", \"keep\"),   join = \"left\",   Year = FALSE ) drug_anti.Diabetic(   data,   years,   take_drug = TRUE,   DrugNumber = FALSE,   drugname = FALSE,   fdaNDC = FALSE,   dcn = FALSE,   icn = FALSE,   icd10 = FALSE,   yes.code = NULL,   other.code = NULL,   no.code = NULL,   remove.other = TRUE,   dup.take.drug = \"remove\",   join = \"left\",   Year = FALSE ) drug_anti.Hypertensive(   data,   years,   take_drug = TRUE,   DrugNumber = FALSE,   drugname = FALSE,   fdaNDC = FALSE,   dcn = FALSE,   icn = FALSE,   icd10 = FALSE,   yes.code = NULL,   other.code = NULL,   no.code = NULL,   remove.other = TRUE,   dup.take.drug = \"remove\",   join = \"left\",   Year = FALSE ) drug_anti.Hyperlipidemic(   data,   years,   take_drug = TRUE,   DrugNumber = FALSE,   drugname = FALSE,   fdaNDC = FALSE,   dcn = FALSE,   icn = FALSE,   icd10 = FALSE,   yes.code = NULL,   other.code = NULL,   no.code = NULL,   remove.other = TRUE,   dup.take.drug = \"remove\",   join = \"left\",   Year = FALSE ) drug_anti.infectives(   data,   years,   take_drug = TRUE,   DrugNumber = FALSE,   drugname = FALSE,   fdaNDC = FALSE,   dcn = FALSE,   icn = FALSE,   icd10 = FALSE,   yes.code = NULL,   other.code = NULL,   no.code = NULL,   remove.other = TRUE,   dup.take.drug = \"remove\",   join = \"left\",   Year = FALSE ) drug_anti.parkinson(   data,   years,   take_drug = TRUE,   DrugNumber = FALSE,   drugname = FALSE,   fdaNDC = FALSE,   dcn = FALSE,   icn = FALSE,   icd10 = FALSE,   yes.code,   other.code,   no.code,   remove.other = TRUE,   dup.take.drug = \"remove\",   join = \"left\",   Year = FALSE ) drug_fibrates(   data,   years,   take_drug = TRUE,   DrugNumber = FALSE,   drugname = FALSE,   fdaNDC = FALSE,   dcn = FALSE,   icn = FALSE,   icd10 = FALSE,   yes.code = NULL,   other.code = NULL,   no.code = NULL,   remove.other = TRUE,   dup.take.drug = \"remove\",   join = \"left\",   Year = FALSE ) drug_niacin(   data,   years,   take_drug = TRUE,   DrugNumber = FALSE,   drugname = FALSE,   fdaNDC = FALSE,   dcn = FALSE,   icn = FALSE,   icd10 = FALSE,   yes.code = NULL,   other.code = NULL,   no.code = NULL,   remove.other = TRUE,   dup.take.drug = \"remove\",   join = \"left\",   Year = FALSE )"	"Attach medication usage by drug name, fda, ndc, dcn or icn"
"drug_anti.parkinson"	"Attach medication usage by drug name, fda, ndc, dcn or icn"	"Drug(   ...,   data = NULL,   years,   take_drug = \"take_drug\",   DrugNumber = FALSE,   drugname = FALSE,   fdaNDC = FALSE,   dcn = FALSE,   icn = FALSE,   icd10 = FALSE,   yes.code = NULL,   other.code = NULL,   no.code = NULL,   remove.other = T,   dup.take.drug = c(\"remove\", \"paste\", \"keep\"),   join = \"left\",   Year = FALSE ) drug_anti.Diabetic(   data,   years,   take_drug = TRUE,   DrugNumber = FALSE,   drugname = FALSE,   fdaNDC = FALSE,   dcn = FALSE,   icn = FALSE,   icd10 = FALSE,   yes.code = NULL,   other.code = NULL,   no.code = NULL,   remove.other = TRUE,   dup.take.drug = \"remove\",   join = \"left\",   Year = FALSE ) drug_anti.Hypertensive(   data,   years,   take_drug = TRUE,   DrugNumber = FALSE,   drugname = FALSE,   fdaNDC = FALSE,   dcn = FALSE,   icn = FALSE,   icd10 = FALSE,   yes.code = NULL,   other.code = NULL,   no.code = NULL,   remove.other = TRUE,   dup.take.drug = \"remove\",   join = \"left\",   Year = FALSE ) drug_anti.Hyperlipidemic(   data,   years,   take_drug = TRUE,   DrugNumber = FALSE,   drugname = FALSE,   fdaNDC = FALSE,   dcn = FALSE,   icn = FALSE,   icd10 = FALSE,   yes.code = NULL,   other.code = NULL,   no.code = NULL,   remove.other = TRUE,   dup.take.drug = \"remove\",   join = \"left\",   Year = FALSE ) drug_anti.infectives(   data,   years,   take_drug = TRUE,   DrugNumber = FALSE,   drugname = FALSE,   fdaNDC = FALSE,   dcn = FALSE,   icn = FALSE,   icd10 = FALSE,   yes.code = NULL,   other.code = NULL,   no.code = NULL,   remove.other = TRUE,   dup.take.drug = \"remove\",   join = \"left\",   Year = FALSE ) drug_anti.parkinson(   data,   years,   take_drug = TRUE,   DrugNumber = FALSE,   drugname = FALSE,   fdaNDC = FALSE,   dcn = FALSE,   icn = FALSE,   icd10 = FALSE,   yes.code,   other.code,   no.code,   remove.other = TRUE,   dup.take.drug = \"remove\",   join = \"left\",   Year = FALSE ) drug_fibrates(   data,   years,   take_drug = TRUE,   DrugNumber = FALSE,   drugname = FALSE,   fdaNDC = FALSE,   dcn = FALSE,   icn = FALSE,   icd10 = FALSE,   yes.code = NULL,   other.code = NULL,   no.code = NULL,   remove.other = TRUE,   dup.take.drug = \"remove\",   join = \"left\",   Year = FALSE ) drug_niacin(   data,   years,   take_drug = TRUE,   DrugNumber = FALSE,   drugname = FALSE,   fdaNDC = FALSE,   dcn = FALSE,   icn = FALSE,   icd10 = FALSE,   yes.code = NULL,   other.code = NULL,   no.code = NULL,   remove.other = TRUE,   dup.take.drug = \"remove\",   join = \"left\",   Year = FALSE )"	"Attach medication usage by drug name, fda, ndc, dcn or icn"
"drug_fibrates"	"Attach medication usage by drug name, fda, ndc, dcn or icn"	"Drug(   ...,   data = NULL,   years,   take_drug = \"take_drug\",   DrugNumber = FALSE,   drugname = FALSE,   fdaNDC = FALSE,   dcn = FALSE,   icn = FALSE,   icd10 = FALSE,   yes.code = NULL,   other.code = NULL,   no.code = NULL,   remove.other = T,   dup.take.drug = c(\"remove\", \"paste\", \"keep\"),   join = \"left\",   Year = FALSE ) drug_anti.Diabetic(   data,   years,   take_drug = TRUE,   DrugNumber = FALSE,   drugname = FALSE,   fdaNDC = FALSE,   dcn = FALSE,   icn = FALSE,   icd10 = FALSE,   yes.code = NULL,   other.code = NULL,   no.code = NULL,   remove.other = TRUE,   dup.take.drug = \"remove\",   join = \"left\",   Year = FALSE ) drug_anti.Hypertensive(   data,   years,   take_drug = TRUE,   DrugNumber = FALSE,   drugname = FALSE,   fdaNDC = FALSE,   dcn = FALSE,   icn = FALSE,   icd10 = FALSE,   yes.code = NULL,   other.code = NULL,   no.code = NULL,   remove.other = TRUE,   dup.take.drug = \"remove\",   join = \"left\",   Year = FALSE ) drug_anti.Hyperlipidemic(   data,   years,   take_drug = TRUE,   DrugNumber = FALSE,   drugname = FALSE,   fdaNDC = FALSE,   dcn = FALSE,   icn = FALSE,   icd10 = FALSE,   yes.code = NULL,   other.code = NULL,   no.code = NULL,   remove.other = TRUE,   dup.take.drug = \"remove\",   join = \"left\",   Year = FALSE ) drug_anti.infectives(   data,   years,   take_drug = TRUE,   DrugNumber = FALSE,   drugname = FALSE,   fdaNDC = FALSE,   dcn = FALSE,   icn = FALSE,   icd10 = FALSE,   yes.code = NULL,   other.code = NULL,   no.code = NULL,   remove.other = TRUE,   dup.take.drug = \"remove\",   join = \"left\",   Year = FALSE ) drug_anti.parkinson(   data,   years,   take_drug = TRUE,   DrugNumber = FALSE,   drugname = FALSE,   fdaNDC = FALSE,   dcn = FALSE,   icn = FALSE,   icd10 = FALSE,   yes.code,   other.code,   no.code,   remove.other = TRUE,   dup.take.drug = \"remove\",   join = \"left\",   Year = FALSE ) drug_fibrates(   data,   years,   take_drug = TRUE,   DrugNumber = FALSE,   drugname = FALSE,   fdaNDC = FALSE,   dcn = FALSE,   icn = FALSE,   icd10 = FALSE,   yes.code = NULL,   other.code = NULL,   no.code = NULL,   remove.other = TRUE,   dup.take.drug = \"remove\",   join = \"left\",   Year = FALSE ) drug_niacin(   data,   years,   take_drug = TRUE,   DrugNumber = FALSE,   drugname = FALSE,   fdaNDC = FALSE,   dcn = FALSE,   icn = FALSE,   icd10 = FALSE,   yes.code = NULL,   other.code = NULL,   no.code = NULL,   remove.other = TRUE,   dup.take.drug = \"remove\",   join = \"left\",   Year = FALSE )"	"Attach medication usage by drug name, fda, ndc, dcn or icn"
"drug_niacin"	"Attach medication usage by drug name, fda, ndc, dcn or icn"	"Drug(   ...,   data = NULL,   years,   take_drug = \"take_drug\",   DrugNumber = FALSE,   drugname = FALSE,   fdaNDC = FALSE,   dcn = FALSE,   icn = FALSE,   icd10 = FALSE,   yes.code = NULL,   other.code = NULL,   no.code = NULL,   remove.other = T,   dup.take.drug = c(\"remove\", \"paste\", \"keep\"),   join = \"left\",   Year = FALSE ) drug_anti.Diabetic(   data,   years,   take_drug = TRUE,   DrugNumber = FALSE,   drugname = FALSE,   fdaNDC = FALSE,   dcn = FALSE,   icn = FALSE,   icd10 = FALSE,   yes.code = NULL,   other.code = NULL,   no.code = NULL,   remove.other = TRUE,   dup.take.drug = \"remove\",   join = \"left\",   Year = FALSE ) drug_anti.Hypertensive(   data,   years,   take_drug = TRUE,   DrugNumber = FALSE,   drugname = FALSE,   fdaNDC = FALSE,   dcn = FALSE,   icn = FALSE,   icd10 = FALSE,   yes.code = NULL,   other.code = NULL,   no.code = NULL,   remove.other = TRUE,   dup.take.drug = \"remove\",   join = \"left\",   Year = FALSE ) drug_anti.Hyperlipidemic(   data,   years,   take_drug = TRUE,   DrugNumber = FALSE,   drugname = FALSE,   fdaNDC = FALSE,   dcn = FALSE,   icn = FALSE,   icd10 = FALSE,   yes.code = NULL,   other.code = NULL,   no.code = NULL,   remove.other = TRUE,   dup.take.drug = \"remove\",   join = \"left\",   Year = FALSE ) drug_anti.infectives(   data,   years,   take_drug = TRUE,   DrugNumber = FALSE,   drugname = FALSE,   fdaNDC = FALSE,   dcn = FALSE,   icn = FALSE,   icd10 = FALSE,   yes.code = NULL,   other.code = NULL,   no.code = NULL,   remove.other = TRUE,   dup.take.drug = \"remove\",   join = \"left\",   Year = FALSE ) drug_anti.parkinson(   data,   years,   take_drug = TRUE,   DrugNumber = FALSE,   drugname = FALSE,   fdaNDC = FALSE,   dcn = FALSE,   icn = FALSE,   icd10 = FALSE,   yes.code,   other.code,   no.code,   remove.other = TRUE,   dup.take.drug = \"remove\",   join = \"left\",   Year = FALSE ) drug_fibrates(   data,   years,   take_drug = TRUE,   DrugNumber = FALSE,   drugname = FALSE,   fdaNDC = FALSE,   dcn = FALSE,   icn = FALSE,   icd10 = FALSE,   yes.code = NULL,   other.code = NULL,   no.code = NULL,   remove.other = TRUE,   dup.take.drug = \"remove\",   join = \"left\",   Year = FALSE ) drug_niacin(   data,   years,   take_drug = TRUE,   DrugNumber = FALSE,   drugname = FALSE,   fdaNDC = FALSE,   dcn = FALSE,   icn = FALSE,   icd10 = FALSE,   yes.code = NULL,   other.code = NULL,   no.code = NULL,   remove.other = TRUE,   dup.take.drug = \"remove\",   join = \"left\",   Year = FALSE )"	"Attach medication usage by drug name, fda, ndc, dcn or icn"
"drug_search"	"search drug by drug name, fda/ndc, dcn or icn"	"drug_search(..., years = NULL)"	"search drug by drug name, fda/ndc, dcn or icn"
"DSD"	"extract from DSD database"	"DSD(   data,   years,   prebiotic = FALSE,   probiotic = FALSE,   synbiotic = F,   component = F,   Year = F,   join = \"left\" )"	"extract from DSD database"
"dxa.aspx"	""	"dxa.aspx(...)"	""
"each_id_first_row"	"select the first row in a dataframe by id"	"each_id_first_row(data = NULL, ...)"	"select the first row in a dataframe by id"
"each_id_last_row"	"select the last row in a dataframe by id"	"each_id_last_row(data = NULL, ...)"	"select the last row in a dataframe by id"
"eGFR_CKD_EPI_Scr_2021"	""	"eGFR_CKD_EPI_Scr_2021(...)"	""
"eGFR_FAS_age"	""	"eGFR_FAS_age(...)"	""
"eGFR_FAS_height"	""	"eGFR_FAS_height(...)"	""
"equal"	""	"equal(...)"	""
"even"	""	"even(...)"	""
"evenl"	""	"evenl(...)"	""
"explicit1"	""	"explicit1(...)"	""
"Factor"	"create for factor()"	"Factor(x)"	"create for factor()"
"fdup_seqn.foodcode"	""	"fdup_seqn.foodcode(...)"	""
"file.info2"	""	"file.info2(...)"	""
"filepage"	""	"filepage(...)"	""
"filesize"	""	"filesize(...)"	""
"Flavonoids_download"	"download Flavonoids"	"Flavonoids_download()"	"download Flavonoids"
"fndds.db.food"	""	"fndds.db.food(...)"	""
"fndds.db.food.and.weight"	""	"fndds.db.food.and.weight(...)"	""
"fndds.mango"	""	"fndds.mango(...)"	""
"fndds_AddFoodDesc"	"fndds"	"db_fndds(data, years, files, Year = FALSE, join = \"left\", nrow = Inf) fndds_MainFoodDesc(   ...,   data,   years,   start = NULL,   Year = FALSE,   abbr = TRUE,   fortify = TRUE,   wweia = TRUE,   join = \"left\" ) fndds_AddFoodDesc(..., data, years, start = NULL, Year = FALSE, join = \"left\") fndds_FoodWeights(data, years, Year = FALSE, join = \"left\") fndds_FoodSubcodeLinks(data, years, Year = FALSE, join = \"left\") fndds_SubcodeDesc(data, years, Year = FALSE, join = \"left\") fndds_FoodPortionDesc(data, years, Year = FALSE, join = \"left\") fndds_FNDDSNutVal(data, years, Year = FALSE, join = \"left\") fndds_MoistAdjust(data, years, Year = FALSE, join = \"left\") fndds_NutDesc(data, years, Year = FALSE, join = \"left\") fndds_FNDDSIngred(data, years, Year = FALSE, join = \"left\") fndds_IngredNutVal(data, years, Year = FALSE, join = \"left\") fndds_DerivDesc(data, years, Year = FALSE, join = \"left\")"	"fndds"
"fndds_comp.food.Desc"	"extract data from food description part"	"fndds_comp.food.Desc(   ...,   data,   years,   start = NULL,   Year = FALSE,   abbr = TRUE,   fortify = TRUE,   wweia = TRUE,   add = TRUE,   join = \"left\" )"	"extract data from food description part"
"fndds_comp.food.Portion.Weight"	"food Portion Weight"	"fndds_comp.food.Portion.Weight(   ...,   data,   years,   start = NULL,   Year = FALSE,   join = \"left\" )"	"food Portion Weight"
"fndds_comp.nutrients"	"nutrients"	"fndds_comp.nutrients(..., data, years, Year = FALSE, join = \"left\")"	"nutrients"
"fndds_DerivDesc"	"fndds"	"db_fndds(data, years, files, Year = FALSE, join = \"left\", nrow = Inf) fndds_MainFoodDesc(   ...,   data,   years,   start = NULL,   Year = FALSE,   abbr = TRUE,   fortify = TRUE,   wweia = TRUE,   join = \"left\" ) fndds_AddFoodDesc(..., data, years, start = NULL, Year = FALSE, join = \"left\") fndds_FoodWeights(data, years, Year = FALSE, join = \"left\") fndds_FoodSubcodeLinks(data, years, Year = FALSE, join = \"left\") fndds_SubcodeDesc(data, years, Year = FALSE, join = \"left\") fndds_FoodPortionDesc(data, years, Year = FALSE, join = \"left\") fndds_FNDDSNutVal(data, years, Year = FALSE, join = \"left\") fndds_MoistAdjust(data, years, Year = FALSE, join = \"left\") fndds_NutDesc(data, years, Year = FALSE, join = \"left\") fndds_FNDDSIngred(data, years, Year = FALSE, join = \"left\") fndds_IngredNutVal(data, years, Year = FALSE, join = \"left\") fndds_DerivDesc(data, years, Year = FALSE, join = \"left\")"	"fndds"
"fndds_download"	"download fndds"	"fndds_download()"	"download fndds"
"fndds_file_colnames"	"fndds file colnames"	"fndds_file_colnames(files = NULL, years, view = TRUE)"	"fndds file colnames"
"fndds_file_names"	"fndds file names"	"fndds_file_names(view = TRUE)"	"fndds file names"
"fndds_FNDDSIngred"	"fndds"	"db_fndds(data, years, files, Year = FALSE, join = \"left\", nrow = Inf) fndds_MainFoodDesc(   ...,   data,   years,   start = NULL,   Year = FALSE,   abbr = TRUE,   fortify = TRUE,   wweia = TRUE,   join = \"left\" ) fndds_AddFoodDesc(..., data, years, start = NULL, Year = FALSE, join = \"left\") fndds_FoodWeights(data, years, Year = FALSE, join = \"left\") fndds_FoodSubcodeLinks(data, years, Year = FALSE, join = \"left\") fndds_SubcodeDesc(data, years, Year = FALSE, join = \"left\") fndds_FoodPortionDesc(data, years, Year = FALSE, join = \"left\") fndds_FNDDSNutVal(data, years, Year = FALSE, join = \"left\") fndds_MoistAdjust(data, years, Year = FALSE, join = \"left\") fndds_NutDesc(data, years, Year = FALSE, join = \"left\") fndds_FNDDSIngred(data, years, Year = FALSE, join = \"left\") fndds_IngredNutVal(data, years, Year = FALSE, join = \"left\") fndds_DerivDesc(data, years, Year = FALSE, join = \"left\")"	"fndds"
"fndds_FNDDSNutVal"	"fndds"	"db_fndds(data, years, files, Year = FALSE, join = \"left\", nrow = Inf) fndds_MainFoodDesc(   ...,   data,   years,   start = NULL,   Year = FALSE,   abbr = TRUE,   fortify = TRUE,   wweia = TRUE,   join = \"left\" ) fndds_AddFoodDesc(..., data, years, start = NULL, Year = FALSE, join = \"left\") fndds_FoodWeights(data, years, Year = FALSE, join = \"left\") fndds_FoodSubcodeLinks(data, years, Year = FALSE, join = \"left\") fndds_SubcodeDesc(data, years, Year = FALSE, join = \"left\") fndds_FoodPortionDesc(data, years, Year = FALSE, join = \"left\") fndds_FNDDSNutVal(data, years, Year = FALSE, join = \"left\") fndds_MoistAdjust(data, years, Year = FALSE, join = \"left\") fndds_NutDesc(data, years, Year = FALSE, join = \"left\") fndds_FNDDSIngred(data, years, Year = FALSE, join = \"left\") fndds_IngredNutVal(data, years, Year = FALSE, join = \"left\") fndds_DerivDesc(data, years, Year = FALSE, join = \"left\")"	"fndds"
"fndds_food.code"	"fndds food code files"	"fndds_food.code(years, cat = TRUE)"	"fndds food code files"
"fndds_FoodPortionDesc"	"fndds"	"db_fndds(data, years, files, Year = FALSE, join = \"left\", nrow = Inf) fndds_MainFoodDesc(   ...,   data,   years,   start = NULL,   Year = FALSE,   abbr = TRUE,   fortify = TRUE,   wweia = TRUE,   join = \"left\" ) fndds_AddFoodDesc(..., data, years, start = NULL, Year = FALSE, join = \"left\") fndds_FoodWeights(data, years, Year = FALSE, join = \"left\") fndds_FoodSubcodeLinks(data, years, Year = FALSE, join = \"left\") fndds_SubcodeDesc(data, years, Year = FALSE, join = \"left\") fndds_FoodPortionDesc(data, years, Year = FALSE, join = \"left\") fndds_FNDDSNutVal(data, years, Year = FALSE, join = \"left\") fndds_MoistAdjust(data, years, Year = FALSE, join = \"left\") fndds_NutDesc(data, years, Year = FALSE, join = \"left\") fndds_FNDDSIngred(data, years, Year = FALSE, join = \"left\") fndds_IngredNutVal(data, years, Year = FALSE, join = \"left\") fndds_DerivDesc(data, years, Year = FALSE, join = \"left\")"	"fndds"
"fndds_FoodSubcodeLinks"	"fndds"	"db_fndds(data, years, files, Year = FALSE, join = \"left\", nrow = Inf) fndds_MainFoodDesc(   ...,   data,   years,   start = NULL,   Year = FALSE,   abbr = TRUE,   fortify = TRUE,   wweia = TRUE,   join = \"left\" ) fndds_AddFoodDesc(..., data, years, start = NULL, Year = FALSE, join = \"left\") fndds_FoodWeights(data, years, Year = FALSE, join = \"left\") fndds_FoodSubcodeLinks(data, years, Year = FALSE, join = \"left\") fndds_SubcodeDesc(data, years, Year = FALSE, join = \"left\") fndds_FoodPortionDesc(data, years, Year = FALSE, join = \"left\") fndds_FNDDSNutVal(data, years, Year = FALSE, join = \"left\") fndds_MoistAdjust(data, years, Year = FALSE, join = \"left\") fndds_NutDesc(data, years, Year = FALSE, join = \"left\") fndds_FNDDSIngred(data, years, Year = FALSE, join = \"left\") fndds_IngredNutVal(data, years, Year = FALSE, join = \"left\") fndds_DerivDesc(data, years, Year = FALSE, join = \"left\")"	"fndds"
"fndds_FoodWeights"	"fndds"	"db_fndds(data, years, files, Year = FALSE, join = \"left\", nrow = Inf) fndds_MainFoodDesc(   ...,   data,   years,   start = NULL,   Year = FALSE,   abbr = TRUE,   fortify = TRUE,   wweia = TRUE,   join = \"left\" ) fndds_AddFoodDesc(..., data, years, start = NULL, Year = FALSE, join = \"left\") fndds_FoodWeights(data, years, Year = FALSE, join = \"left\") fndds_FoodSubcodeLinks(data, years, Year = FALSE, join = \"left\") fndds_SubcodeDesc(data, years, Year = FALSE, join = \"left\") fndds_FoodPortionDesc(data, years, Year = FALSE, join = \"left\") fndds_FNDDSNutVal(data, years, Year = FALSE, join = \"left\") fndds_MoistAdjust(data, years, Year = FALSE, join = \"left\") fndds_NutDesc(data, years, Year = FALSE, join = \"left\") fndds_FNDDSIngred(data, years, Year = FALSE, join = \"left\") fndds_IngredNutVal(data, years, Year = FALSE, join = \"left\") fndds_DerivDesc(data, years, Year = FALSE, join = \"left\")"	"fndds"
"fndds_IngredNutVal"	"fndds"	"db_fndds(data, years, files, Year = FALSE, join = \"left\", nrow = Inf) fndds_MainFoodDesc(   ...,   data,   years,   start = NULL,   Year = FALSE,   abbr = TRUE,   fortify = TRUE,   wweia = TRUE,   join = \"left\" ) fndds_AddFoodDesc(..., data, years, start = NULL, Year = FALSE, join = \"left\") fndds_FoodWeights(data, years, Year = FALSE, join = \"left\") fndds_FoodSubcodeLinks(data, years, Year = FALSE, join = \"left\") fndds_SubcodeDesc(data, years, Year = FALSE, join = \"left\") fndds_FoodPortionDesc(data, years, Year = FALSE, join = \"left\") fndds_FNDDSNutVal(data, years, Year = FALSE, join = \"left\") fndds_MoistAdjust(data, years, Year = FALSE, join = \"left\") fndds_NutDesc(data, years, Year = FALSE, join = \"left\") fndds_FNDDSIngred(data, years, Year = FALSE, join = \"left\") fndds_IngredNutVal(data, years, Year = FALSE, join = \"left\") fndds_DerivDesc(data, years, Year = FALSE, join = \"left\")"	"fndds"
"fndds_MainFoodDesc"	"fndds"	"db_fndds(data, years, files, Year = FALSE, join = \"left\", nrow = Inf) fndds_MainFoodDesc(   ...,   data,   years,   start = NULL,   Year = FALSE,   abbr = TRUE,   fortify = TRUE,   wweia = TRUE,   join = \"left\" ) fndds_AddFoodDesc(..., data, years, start = NULL, Year = FALSE, join = \"left\") fndds_FoodWeights(data, years, Year = FALSE, join = \"left\") fndds_FoodSubcodeLinks(data, years, Year = FALSE, join = \"left\") fndds_SubcodeDesc(data, years, Year = FALSE, join = \"left\") fndds_FoodPortionDesc(data, years, Year = FALSE, join = \"left\") fndds_FNDDSNutVal(data, years, Year = FALSE, join = \"left\") fndds_MoistAdjust(data, years, Year = FALSE, join = \"left\") fndds_NutDesc(data, years, Year = FALSE, join = \"left\") fndds_FNDDSIngred(data, years, Year = FALSE, join = \"left\") fndds_IngredNutVal(data, years, Year = FALSE, join = \"left\") fndds_DerivDesc(data, years, Year = FALSE, join = \"left\")"	"fndds"
"fndds_MoistAdjust"	"fndds"	"db_fndds(data, years, files, Year = FALSE, join = \"left\", nrow = Inf) fndds_MainFoodDesc(   ...,   data,   years,   start = NULL,   Year = FALSE,   abbr = TRUE,   fortify = TRUE,   wweia = TRUE,   join = \"left\" ) fndds_AddFoodDesc(..., data, years, start = NULL, Year = FALSE, join = \"left\") fndds_FoodWeights(data, years, Year = FALSE, join = \"left\") fndds_FoodSubcodeLinks(data, years, Year = FALSE, join = \"left\") fndds_SubcodeDesc(data, years, Year = FALSE, join = \"left\") fndds_FoodPortionDesc(data, years, Year = FALSE, join = \"left\") fndds_FNDDSNutVal(data, years, Year = FALSE, join = \"left\") fndds_MoistAdjust(data, years, Year = FALSE, join = \"left\") fndds_NutDesc(data, years, Year = FALSE, join = \"left\") fndds_FNDDSIngred(data, years, Year = FALSE, join = \"left\") fndds_IngredNutVal(data, years, Year = FALSE, join = \"left\") fndds_DerivDesc(data, years, Year = FALSE, join = \"left\")"	"fndds"
"fndds_NutDesc"	"fndds"	"db_fndds(data, years, files, Year = FALSE, join = \"left\", nrow = Inf) fndds_MainFoodDesc(   ...,   data,   years,   start = NULL,   Year = FALSE,   abbr = TRUE,   fortify = TRUE,   wweia = TRUE,   join = \"left\" ) fndds_AddFoodDesc(..., data, years, start = NULL, Year = FALSE, join = \"left\") fndds_FoodWeights(data, years, Year = FALSE, join = \"left\") fndds_FoodSubcodeLinks(data, years, Year = FALSE, join = \"left\") fndds_SubcodeDesc(data, years, Year = FALSE, join = \"left\") fndds_FoodPortionDesc(data, years, Year = FALSE, join = \"left\") fndds_FNDDSNutVal(data, years, Year = FALSE, join = \"left\") fndds_MoistAdjust(data, years, Year = FALSE, join = \"left\") fndds_NutDesc(data, years, Year = FALSE, join = \"left\") fndds_FNDDSIngred(data, years, Year = FALSE, join = \"left\") fndds_IngredNutVal(data, years, Year = FALSE, join = \"left\") fndds_DerivDesc(data, years, Year = FALSE, join = \"left\")"	"fndds"
"fndds_SubcodeDesc"	"fndds"	"db_fndds(data, years, files, Year = FALSE, join = \"left\", nrow = Inf) fndds_MainFoodDesc(   ...,   data,   years,   start = NULL,   Year = FALSE,   abbr = TRUE,   fortify = TRUE,   wweia = TRUE,   join = \"left\" ) fndds_AddFoodDesc(..., data, years, start = NULL, Year = FALSE, join = \"left\") fndds_FoodWeights(data, years, Year = FALSE, join = \"left\") fndds_FoodSubcodeLinks(data, years, Year = FALSE, join = \"left\") fndds_SubcodeDesc(data, years, Year = FALSE, join = \"left\") fndds_FoodPortionDesc(data, years, Year = FALSE, join = \"left\") fndds_FNDDSNutVal(data, years, Year = FALSE, join = \"left\") fndds_MoistAdjust(data, years, Year = FALSE, join = \"left\") fndds_NutDesc(data, years, Year = FALSE, join = \"left\") fndds_FNDDSIngred(data, years, Year = FALSE, join = \"left\") fndds_IngredNutVal(data, years, Year = FALSE, join = \"left\") fndds_DerivDesc(data, years, Year = FALSE, join = \"left\")"	"fndds"
"fndds_tsv"	"fndds tsv files"	"fndds_tsv(..., years, cat = TRUE)"	"fndds tsv files"
"food.code_used"	"show food code used in db fndds series"	"food.code_used(d)"	"show food code used in db fndds series"
"forestplot"	"森林图"	"forestplot(x, ...)"	"森林图"
"forestplot.stratum_model_1"	"森林图"	"forestplotstratum_model_1(   x,   ci_position = 3,   ci_wd = 18,   ci_col = \"gray\",   txt.size = 11,   family = \"\",   redtxt = T,   xlim = NULL,   xticks = NULL,   xticks_size = 1.1,   box_col = \"black\",   box_size = 0.4,   box_pch = 19,   zero_wd = 1.6,   bg_color = \"#f0f3f2\",   H1 = NULL,   H2 = NULL,   H3 = NULL,   H4 = NULL,   H5 = NULL,   H6 = NULL,   H7 = NULL,   H8 = NULL,   H9 = NULL,   h1 = 0,   h2 = -1,   h3 = 0,   h4 = -1,   h5 = 0,   h6 = 0,   h7 = 0,   h8 = 0,   h9 = 0,   file = NULL,   width = par(\"din\")[1],   height = par(\"din\")[2],   dpi = 300 )"	"森林图"
"forestplot.stratum_model_2"	"森林图"	"forestplotstratum_model_2(   x,   ci_position = 3,   txt.size = 11,   family = \"\",   redtxt = T,   bg_color = \"#f0f3f2\",   ci_wd1 = NULL,   ci_wd2 = NULL,   ci_wd3 = NULL,   ci_wd4 = NULL,   ci_wd5 = NULL,   ci_wd6 = NULL,   ci_wd7 = NULL,   ci_wd8 = NULL,   ci_wd9 = NULL,   ci_wd10 = NULL,   xlim1 = NULL,   xlim2 = NULL,   xlim3 = NULL,   xlim4 = NULL,   xlim5 = NULL,   xlim6 = NULL,   xlim7 = NULL,   xlim8 = NULL,   xlim9 = NULL,   xlim10 = NULL,   xticks1 = NULL,   xticks2 = NULL,   xticks3 = NULL,   xticks4 = NULL,   xticks5 = NULL,   xticks6 = NULL,   xticks7 = NULL,   xticks8 = NULL,   xticks9 = NULL,   xticks10 = NULL,   xticks_size = 10,   box_col = NULL,   box_size = 0.4,   zero_wd = 1.6,   H1 = NULL,   H2 = NULL,   H3 = NULL,   H4 = \"P value\",   H5 = NULL,   H6 = NULL,   H7 = NULL,   H8 = NULL,   H9 = NULL,   H10 = NULL,   H11 = NULL,   H12 = NULL,   H13 = NULL,   H14 = NULL,   H15 = NULL,   H16 = NULL,   H17 = NULL,   H18 = NULL,   H19 = NULL,   H20 = NULL,   H21 = NULL,   H22 = NULL,   H23 = NULL,   H24 = NULL,   H25 = NULL,   H26 = NULL,   H27 = NULL,   H28 = NULL,   H29 = NULL,   H30 = NULL,   H31 = NULL,   H32 = NULL,   H33 = NULL,   H34 = NULL,   H35 = NULL,   H36 = NULL,   H37 = NULL,   H38 = NULL,   H39 = NULL,   H40 = NULL,   H41 = NULL,   H42 = NULL,   H43 = NULL,   H44 = NULL,   H45 = NULL,   H46 = NULL,   H47 = NULL,   H48 = NULL,   H49 = NULL,   H50 = NULL,   h1 = 0,   h2 = -1,   h3 = 0.4,   h4 = 0,   h5 = -1,   h6 = 0,   h7 = 0,   h8 = 0,   h9 = 0,   h10 = 0,   h11 = 0,   h12 = 0,   h13 = 0,   h14 = 0,   h15 = 0,   h16 = 0,   h17 = 0,   h18 = 0,   h19 = 0,   h20 = 0,   h21 = 0,   h22 = 0,   h23 = 0,   h24 = 0,   h25 = 0,   h26 = 0,   h27 = 0,   h28 = 0,   h29 = 0,   h30 = 0,   h31 = 0,   h32 = 0,   h33 = 0,   h34 = 0,   h35 = 0,   h36 = 0,   h37 = 0,   h38 = 0,   h39 = 0,   h40 = 0,   h41 = 0,   h42 = 0,   h43 = 0,   h44 = 0,   h45 = 0,   h46 = 0,   h47 = 0,   h48 = 0,   h49 = 0,   h50 = 0,   file = NULL,   width = par(\"din\")[1],   height = par(\"din\")[2],   dpi = 300 )"	"森林图"
"formula2arguments"	""	"formula2arguments(...)"	""
"fped_download"	"Download FPED data"	"fped_download()"	"Download FPED data"
"fped_occasion"	"extract fped by eating occasion"	"fped_occasion(   data,   years,   day = 1,   fun = c(\"sum\", \"mean\"),   occasion = c(\"Breakfast\", \"Lunch\", \"Dinner\"),   f_citmlb = FALSE,   f_other = FALSE,   f_whole = FALSE,   f_juice = FALSE,   f_total = FALSE,   v_drkgr = FALSE,   v_redor_tomato = FALSE,   v_redor_other = FALSE,   v_redor_total = FALSE,   v_starchy_potato = FALSE,   v_starchy_other = FALSE,   v_starchy_total = FALSE,   v_other = FALSE,   v_total = FALSE,   v_legumes = FALSE,   g_whole = FALSE,   g_refined = FALSE,   g_total = FALSE,   d_milk = FALSE,   d_yogurt = FALSE,   d_cheese = FALSE,   d_total = FALSE,   pf_meat = FALSE,   pf_curedmeat = FALSE,   pf_organ = FALSE,   pf_poult = FALSE,   pf_seafd_hi = FALSE,   pf_seafd_low = FALSE,   pf_mps_total = FALSE,   pf_eggs = FALSE,   pf_soy = FALSE,   pf_nutsds = FALSE,   pf_legumes = FALSE,   pf_total = FALSE,   add_sugars = FALSE,   oils = FALSE,   solid_fats = FALSE,   a_drinks = FALSE,   Year = FALSE,   join = \"left\",   cat = TRUE )"	"extract fped by eating occasion"
"fped_read"	"read FPED data"	"fped_read(   years,   day = c(\"1\", \"2\"),   dietary = c(\"tot\", \"iff\"),   version = c(\"2010\", \"2015\"),   fun = c(\"sum\", \"mean\"),   cat = FALSE )"	"read FPED data"
"fped_read.g"	""	"fped_read.g(...)"	""
"fped_readi"	""	"fped_readi(...)"	""
"fped0304"	""	"fped0304(...)"	""
"Frailty49"	"Frailty Index 49 components"	"Frailty49()"	"Frailty Index 49 components"
"freq_count"	"count"	"freq_count(   design,   x,   by = NULL,   value = FALSE,   per = FALSE,   remove.name = FALSE,   remove.suffix = FALSE,   round = 2,   file = NULL )"	"count"
"freq_mean"	"mean"	"freq_mean(   design,   x,   by = NULL,   value = FALSE,   sd = FALSE,   low.high = FALSE,   ci = FALSE,   meanPMsd = FALSE,   meanSQsd = FALSE,   round = 2,   na.rm = TRUE )"	"mean"
"Full_Join"	"full join"	"Full_Join(..., by = \"seqn\", cat = TRUE, inspect = NULL)"	"full join"
"full_join_character"	""	"full_join_character(...)"	""
"funique.noNA"	""	"funique.noNA(...)"	""
"get_config_items"	"Get config information of \"NHANES\" database"	"get_config_path(slash = FALSE) get_config_items() get_config_years(range = TRUE)"	"Get config information of \"NHANES\" database"
"get_config_path"	"Get config information of \"NHANES\" database"	"get_config_path(slash = FALSE) get_config_items() get_config_years(range = TRUE)"	"Get config information of \"NHANES\" database"
"get_config_years"	"Get config information of \"NHANES\" database"	"get_config_path(slash = FALSE) get_config_items() get_config_years(range = TRUE)"	"Get config information of \"NHANES\" database"
"get_Flavonoids_path"	""	"get_Flavonoids_path(...)"	""
"get_mort_path"	"Show mortality data path"	"get_mort_path()"	"Show mortality data path"
"getChangepoints"	"getChangepoints"	"getChangepoints(r, range = NULL)"	"getChangepoints"
"getChangepoints.m1"	""	"getChangepoints.m1(...)"	""
"getChangepoints.m1by"	""	"getChangepoints.m1by(...)"	""
"getKnot"	"return knot"	"getKnot(fit)"	"return knot"
"getReference"	"adjsut reference for rcs() variable"	"getReference(r)"	"adjsut reference for rcs() variable"
"getReference.m1"	""	"getReference.m1(...)"	""
"getReference.m1by"	""	"getReference.m1by(...)"	""
"ggplot.m1"	"Plot for RCS curve"	"ggplotm1by(   data,   mapping,   ...,   environment = parent.frame(),   vline = TRUE,   hline = TRUE,   point = FALSE,   ylab = NULL,   xlab = NULL,   text = TRUE ) ggplotm1(   data,   mapping,   ...,   environment = parent.frame(),   vline = TRUE,   hline = TRUE,   point = FALSE,   ylab = NULL,   xlab = NULL,   color = \"red\" )"	"Plot for RCS curve Plot for RCS curve"
"ggplot.m1by"	"Plot for RCS curve"	"ggplotm1by(   data,   mapping,   ...,   environment = parent.frame(),   vline = TRUE,   hline = TRUE,   point = FALSE,   ylab = NULL,   xlab = NULL,   text = TRUE ) ggplotm1(   data,   mapping,   ...,   environment = parent.frame(),   vline = TRUE,   hline = TRUE,   point = FALSE,   ylab = NULL,   xlab = NULL,   color = \"red\" )"	"Plot for RCS curve Plot for RCS curve"
"group_cal"	""	"group_cal(...)"	""
"group_max"	""	"group_max(...)"	""
"group_mean"	"mean group"	"group_mean(d, vars = NULL, bys = NULL)"	"mean group"
"group_min"	""	"group_min(...)"	""
"group_paste"	""	"group_paste(...)"	""
"group_sd"	""	"group_sd(...)"	""
"group_sum"	""	"group_sum(...)"	""
"group_unique"	""	"group_unique(...)"	""
"group_use_paste"	""	"group_use_paste(...)"	""
"head4span"	""	"head4span(...)"	""
"HeartAge.table"	""	"HeartAge.table(...)"	""
"hei_2010"	""	"hei_2010(...)"	""
"hei_2010_PerDay_pratio"	""	"hei_2010_PerDay_pratio(...)"	""
"hei_2010_PerDay_ssum"	""	"hei_2010_PerDay_ssum(...)"	""
"hei_2010_PerPerson_pratio"	""	"hei_2010_PerPerson_pratio(...)"	""
"hei_2010_PerPerson_ssum"	""	"hei_2010_PerPerson_ssum(...)"	""
"hei_2015"	""	"hei_2015(...)"	""
"hei_2015_PerDay_pratio"	""	"hei_2015_PerDay_pratio(...)"	""
"hei_2015_PerDay_ssum"	""	"hei_2015_PerDay_ssum(...)"	""
"hei_2015_PerPerson_pratio"	""	"hei_2015_PerPerson_pratio(...)"	""
"hei_2015_PerPerson_ssum"	""	"hei_2015_PerPerson_ssum(...)"	""
"highlight"	"high light"	"highlight(x, ..., colors = NULL)"	"high light"
"histgram_range"	""	"histgram_range(...)"	""
"html_space"	""	"html_space(...)"	""
"html_table"	""	"html_table(...)"	""
"html_URL"	"add URL"	"html_URL(x, href = NULL, name = NULL, target = \"new\")"	"add URL"
"icd10_search"	""	"icd10_search(...)"	""
"ifel"	"if else"	"ifel(...)"	"if else"
"iff.fode.code"	""	"iff.fode.code(...)"	""
"iff.gram.kcl"	""	"iff.gram.kcl(...)"	""
"inf2NA"	""	"inf2NA(...)"	""
"Inner_Join"	"inner join"	"Inner_Join(..., by = \"seqn\", cat = TRUE, inspect = NULL)"	"inner join"
"inset_both_frame"	"inset left frame and right square"	"inset_both_frame()"	"inset left frame and right square"
"inset_both_square"	"inset left frame and right square"	"inset_both_square()"	"inset left frame and right square"
"inset_exact_match"	"inset_exact_match"	"inset_exact_match()"	"inset_exact_match"
"inset_left_frame"	"inset left frame and right square"	"inset_left_frame()"	"inset left frame and right square"
"inset_left_square"	"inset left frame and right square"	"inset_left_square()"	"inset left frame and right square"
"inset_right_frame"	"inset left frame and right square"	"inset_right_frame()"	"inset left frame and right square"
"inset_right_square"	"inset left frame and right square"	"inset_right_square()"	"inset left frame and right square"
"interi"	""	"interi(...)"	""
"intersection"	""	"intersection(...)"	""
"ip_analysis"	"切点分析"	"ip_analysis(fit, ip = NULL, round = 3, xlsx = NULL)"	"切点分析"
"label_table"	""	"label_table(...)"	""
"label2varLabel"	""	"label2varLabel(...)"	""
"Left_Join"	"left join"	"Left_Join(..., by = \"seqn\", cat = TRUE, inspect = NULL)"	"left join"
"leg2010a"	""	"leg2010a(...)"	""
"listn"	""	"listn(...)"	""
"live_microbes_table"	"live_microbes_table"	"live_microbes_table()"	"live_microbes_table"
"look"	"lookup characters"	"look(x, ..., ignore.case = FALSE)"	"lookup characters"
"looki"	""	"looki(...)"	""
"lookl"	"lookup characters"	"lookl(x, ..., ignore.case = TRUE, NA2false = FALSE)"	"lookup characters"
"LS7_Michelle"	""	"LS7_Michelle(...)"	""
"make.formula"	""	"make.formula(...)"	""
"matchit4design"	"matchit for desing"	"matchit4design(design, matchit)"	"matchit for desing"
"md.pattern"	"missing pattern"	"md.pattern(data)"	"missing pattern"
"md.value"	"missing value proportion"	"md.value(data)"	"missing value proportion"
"mdb_files"	"table names in mdb file"	"mdb_files(mdb)"	"table names in mdb file"
"mean_by"	""	"mean_by(...)"	""
"milk.food.code"	""	"milk.food.code(...)"	""
"miss"	""	"miss(...)"	""
"missForest2"	"数据编码"	"missForest2(d, ntree = 5, seed = 1)"	"数据编码"
"missValue"	"missing value"	"missValue(data, ...)"	"missing value"
"model.data"	""	"model.data(...)"	""
"mort_codebook"	""	"mort_codebook(...)"	""
"mort_download"	"Download mortality data"	"mort_download()"	"Download mortality data"
"mort_read"	"mortality data"	"mort_read(years, varLabel = FALSE, codebook = TRUE)"	"mortality data"
"mort_varLabel"	""	"mort_varLabel(...)"	""
"multibyteString"	"check for multibyte string"	"multibyteString(tsv)"	"check for multibyte string"
"mutate.survey.design"	"Create, modify, and delete columns"	"mutatesurvey.design(.data, ...)"	"Create, modify, and delete columns"
"nchar_max"	""	"nchar_max(...)"	""
"newVb"	"给数据框添加新列"	"newVb(df, ...)"	"给数据框添加新列"
"nhanesR_startup_check"	"set whether to check up update"	"nhanesR_startup_check()"	"set whether to check up update"
"nhs.iff.food.code"	""	"nhs.iff.food.code(...)"	""
"nhs.pubmed"	"search nhs paper in pubmed"	"nhs.pubmed(...)"	"search nhs paper in pubmed"
"nhs.pubmed_title"	"search nhs paper in pubmed"	"nhs.pubmed_title(...)"	"search nhs paper in pubmed"
"nhs_brief"	"brief version of nhs_colnames()"	"nhs_brief(...) nhs_briefcharacter(...) nhs_briefdata.frame(...)"	"brief version of nhs_colnames()"
"nhs_brief.character"	"brief version of nhs_colnames()"	"nhs_brief(...) nhs_briefcharacter(...) nhs_briefdata.frame(...)"	"brief version of nhs_colnames()"
"nhs_brief.data.frame"	"brief version of nhs_colnames()"	"nhs_brief(...) nhs_briefcharacter(...) nhs_briefdata.frame(...)"	"brief version of nhs_colnames()"
"nhs_browse"	"Browse \"NHANES\" webpage"	"nhs_browse(years, items, open = TRUE)"	"Browse \"NHANES\" webpage"
"nhs_check"	"Check error files The error file is defined by the absence of the following five formats: xpt or sas7bdat, tsv, varLabel, codebook and update."	"nhs_check(years, items)"	"Check error files The error file is defined by the absence of the following five formats: xpt or sas7bdat, tsv, varLabel, codebook and update."
"nhs_codebook"	"Codebook for variable"	"nhs_codebook(..., tolower = FALSE)"	"Codebook for variable"
"nhs_codebook.character"	""	"nhs_codebook.character(...)"	""
"nhs_codebook.dataframe"	""	"nhs_codebook.dataframe(...)"	""
"nhs_colnames"	"exact colnames name"	"nhs_colnames(..., brief = FALSE) nhs_colnamescharacter(..., brief = FALSE) nhs_colnameslist(..., order = FALSE, brief = FALSE)"	"exact colnames name"
"nhs_colnames.character"	"exact colnames name"	"nhs_colnames(..., brief = FALSE) nhs_colnamescharacter(..., brief = FALSE) nhs_colnameslist(..., order = FALSE, brief = FALSE)"	"exact colnames name"
"nhs_colnames.list"	"exact colnames name"	"nhs_colnames(..., brief = FALSE) nhs_colnamescharacter(..., brief = FALSE) nhs_colnameslist(..., order = FALSE, brief = FALSE)"	"exact colnames name"
"nhs_Connect"	"Connect PostgreSQL"	"nhs_Connect(   user = \"postgres\",   password = \"pg\",   dbname = \"nhanes\",   host = \"localhost\",   port = 5432,   ... )"	"Connect PostgreSQL"
"nhs_copy"	"copy updated data to whole data"	"nhs_copy(dir)"	"copy updated data to whole data"
"nhs_DOC"	"browse DOC page"	"nhs_DOC(tsv)"	"browse DOC page"
"nhs_docFile_pc"	"Document File"	"nhs_docFile_pc(..., items, years, open = FALSE)"	"Document File"
"nhs_download"	"Download data from 'NHANES' database"	"nhs_download(   years,   items,   files,   xpt = TRUE,   tsv = TRUE,   varLabel = TRUE,   codebook = TRUE,   update = TRUE,   filetable = NULL,   cat = TRUE,   redown = TRUE,   updatekeyword = NULL )"	"Download data from 'NHANES' database"
"nhs_file_table"	"create table"	"nhs_file_table(   year,   items,   datafilename,   docFilename,   datafile,   published,   docURL,   dataURL )"	"create table"
"nhs_files_pc"	"available data in NHANES database"	"nhs_files_web(years, items, cat = TRUE) nhs_files_pc(   pattern = NULL,   items,   years,   exclude = NULL,   file_ext = NULL,   cat = TRUE )"	"available data in NHANES database"
"nhs_files_web"	"available data in NHANES database"	"nhs_files_web(years, items, cat = TRUE) nhs_files_pc(   pattern = NULL,   items,   years,   exclude = NULL,   file_ext = NULL,   cat = TRUE )"	"available data in NHANES database"
"nhs_html"	"Open html document"	"nhs_html(x, browse = TRUE)"	"Open html document"
"nhs_html_download"	"download and distribute NHANES htm page"	"nhs_html_download(tsv = NULL, download = FALSE, distribute = FALSE)"	"download and distribute NHANES htm page"
"nhs_items_pc"	"available items in NHANES database"	"nhs_items_web(years, cat = TRUE) nhs_items_pc(years)"	"available items in NHANES database"
"nhs_items_web"	"available items in NHANES database"	"nhs_items_web(years, cat = TRUE) nhs_items_pc(years)"	"available items in NHANES database"
"nhs_news"	"Browse news page"	"nhs_news(browse = FALSE)"	"Browse news page"
"nhs_pg"	"Query data from PostgreSQL database"	"nhs_pg(   ...,   varLabel = TRUE,   codebook = TRUE,   nrows = Inf,   lowercd = FALSE,   force_rbind = FALSE,   conn )"	"Query data from PostgreSQL database"
"nhs_read"	"Read data from 'NHANES' database in local PC"	"nhs_read(   ...,   varLabel = FALSE,   codebook = TRUE,   lower_cd = FALSE,   Year = TRUE,   nrows = Inf,   cat = TRUE,   refuse_dontknow_toNA = TRUE,   psu_strat = TRUE,   join = c(\"full\", \"inner\", \"left\", \"right\", \"semi\", \"anti\", \"nest\") )"	"Read data from 'NHANES' database in local PC"
"nhs_search"	"search in \"NHANES\" database"	"nhs_search(..., cat = TRUE, fileds = NULL)"	"search in \"NHANES\" database"
"nhs_search_file"	""	"nhs_search_file(...)"	""
"nhs_target"	"target information"	"nhs_target(...) nhs_targetcharacter(..., data = NULL) nhs_targetlist(...) nhs_targetdata.frame(...)"	"target information"
"nhs_target.character"	"target information"	"nhs_target(...) nhs_targetcharacter(..., data = NULL) nhs_targetlist(...) nhs_targetdata.frame(...)"	"target information"
"nhs_target.data.frame"	"target information"	"nhs_target(...) nhs_targetcharacter(..., data = NULL) nhs_targetlist(...) nhs_targetdata.frame(...)"	"target information"
"nhs_target.list"	"target information"	"nhs_target(...) nhs_targetcharacter(..., data = NULL) nhs_targetlist(...) nhs_targetdata.frame(...)"	"target information"
"nhs_tsv"	"filt tsv file"	"nhs_tsv(..., items, years, ex_years = NULL, cat = TRUE)"	"filt tsv file"
"nhs_update"	"update \"NHANES\" database"	"nhs_update(path = NULL)"	"update \"NHANES\" database"
"nhs_update0"	""	"nhs_update0(...)"	""
"nhs_Upload"	"add functions, schema and tables create 13 funtions, shema mimic3 and 26 tables"	"nhs_Upload(files, conn)"	"add functions, schema and tables create 13 funtions, shema mimic3 and 26 tables"
"nhs_varLabel"	"label for variable file path or variable names shoul be given together, no matter which is first. They will be divided into files and variables according to whether they contain a path or not."	"nhs_varLabel(..., tolower = FALSE)"	"label for variable file path or variable names shoul be given together, no matter which is first. They will be divided into files and variables according to whether they contain a path or not."
"nhs_view"	"View result of nsh_datafile()"	"nhs_view(x, ...) nhs_viewnhs_colnames(   x,   ...,   label = TRUE,   description = TRUE,   target = TRUE,   instructions = TRUE,   hard.edits = TRUE,   datafame = FALSE,   combine = NULL,   scroll_height = \"600px\" ) nhs_viewcharacter(x, ..., n = 4)"	"View result of nsh_datafile()"
"nhs_view.character"	"View result of nsh_datafile()"	"nhs_view(x, ...) nhs_viewnhs_colnames(   x,   ...,   label = TRUE,   description = TRUE,   target = TRUE,   instructions = TRUE,   hard.edits = TRUE,   datafame = FALSE,   combine = NULL,   scroll_height = \"600px\" ) nhs_viewcharacter(x, ..., n = 4)"	"View result of nsh_datafile()"
"nhs_view.data.frame"	""	"nhs_view.data.frame(...)"	""
"nhs_view.Drug"	""	"nhs_view.Drug(...)"	""
"nhs_view.incidence_byYear"	""	"nhs_view.incidence_byYear(...)"	""
"nhs_view.nhs_colnames"	"View result of nsh_datafile()"	"nhs_view(x, ...) nhs_viewnhs_colnames(   x,   ...,   label = TRUE,   description = TRUE,   target = TRUE,   instructions = TRUE,   hard.edits = TRUE,   datafame = FALSE,   combine = NULL,   scroll_height = \"600px\" ) nhs_viewcharacter(x, ..., n = 4)"	"View result of nsh_datafile()"
"nhs_view.nhs_file_web"	""	"nhs_view.nhs_file_web(...)"	""
"nhs_view.nhs_search"	""	"nhs_view.nhs_search(...)"	""
"nhs_view.nhs_search_file"	""	"nhs_view.nhs_search_file(...)"	""
"nhs_view.regtable"	""	"nhs_view.regtable(...)"	""
"nhs_view.stratum_model"	""	"nhs_view.stratum_model(...)"	""
"nhs_view.svy_tableone"	""	"nhs_view.svy_tableone(...)"	""
"nhs_view.svytableone"	""	"nhs_view.svytableone(...)"	""
"nhs_view.target"	""	"nhs_view.target(...)"	""
"nhs_wt"	"calculate cominbe weight"	"nhs_wt(data, yr2, yr4, wtname = \"cwt\")"	"calculate cominbe weight"
"nhs_year_pc"	"available Year in NHANES database"	"nhs_years_web(range = TRUE) nhs_year_pc(range = TRUE)"	"available Year in NHANES database"
"nhs_years_web"	"available Year in NHANES database"	"nhs_years_web(range = TRUE) nhs_year_pc(range = TRUE)"	"available Year in NHANES database"
"NULLcodebook"	""	"NULLcodebook(...)"	""
"OBS.score.table"	""	"OBS.score.table(...)"	""
"odd"	""	"odd(...)"	""
"oddl"	""	"oddl(...)"	""
"optimal_nKnots"	"optimal Knot for rcs() function"	"optimal_nKnots(   fit,   n = 3:8,   by = NULL,   plot = TRUE,   title = NULL,   data = NULL,   cat = F )"	"optimal Knot for rcs() function"
"optimal_nKnots.default"	""	"optimal_nKnots.default(...)"	""
"optimal_nKnots.svycoxph"	""	"optimal_nKnots.svycoxph(...)"	""
"optimal_nKnots.svyglm"	""	"optimal_nKnots.svyglm(...)"	""
"order_fit"	""	"order_fit(...)"	""
"p4interaction"	"interaction test by Likelihood Ratio Test"	"p4interaction(fit, adjust = NULL, df = Inf)"	"interaction test by Likelihood Ratio Test"
"p4trend"	"p for trend"	"p4trend(fit, x = NULL, character2integer = TRUE, quadratic = FALSE, round = 3)"	"p for trend"
"paste_dataframe"	"paste dataframe or character"	"paste_dataframe(...)"	"paste dataframe or character"
"paste_dcn.icn"	""	"paste_dcn.icn(...)"	""
"paste0_columns"	""	"paste0_columns(...)"	""
"paste1"	""	"paste1(...)"	""
"person_years"	"person years"	"person_years(   data,   outcome = NULL,   year = NULL,   by = NULL,   per1000 = FALSE,   round = 3 )"	"person years"
"pkg.tgz2zip"	""	"pkg.tgz2zip(...)"	""
"pkg.tgz2zip_mac"	""	"pkg.tgz2zip_mac(...)"	""
"pkg.tgz2zip_win"	""	"pkg.tgz2zip_win(...)"	""
"prepare_items"	"prepare items from config ignore capital and little letters and left match"	"prepare_items(items)"	"prepare items from config ignore capital and little letters and left match"
"prepare_years"	"prepare years from config"	"prepare_years(years, range = TRUE)"	"prepare years from config"
"prevalence_byYear"	"prevalence of some disease by Year"	"prevalence_byYear(   object,   y = NULL,   stratum = NULL,   adjust = NULL,   round = 2,   xlsx = NULL )"	"prevalence of some disease by Year"
"print.svy_roc"	"print svy_roc"	"printsvy_roc(x, ...)"	"print svy_roc"
"pvalue.digit"	""	"pvalue.digit(...)"	""
"pvalue.format"	""	"pvalue.format(...)"	""
"Qnplot"	"crude.Model.n结果Qn的可视化"	"Qnplot(   ...,   xlab = NULL,   ylab = NULL,   skip = 0,   linewidth = 0.9,   axis.text.size = 10,   axis.label.size = 12,   legend.text.size = 9.5,   legend.position = \"right\",   strip.text.size = 10,   file = NULL,   width = par(\"din\")[1],   height = par(\"din\")[2],   unit = \"in\",   dpi = 300 )"	"crude.Model.n结果Qn的可视化"
"qoute_n"	""	"qoute_n(...)"	""
"quant"	"cut numeric vector by quantile"	"quant(x, n, round = 3, cat = TRUE, Q = FALSE)"	"cut numeric vector by quantile"
"quant.median"	"median of quantile"	"quant.median(x, n, round = 3, cat = TRUE)"	"median of quantile"
"quiet"	""	"quiet(...)"	""
"RCS"	"RCS"	"RCS(   ...,   nknots = NULL,   reference = \"median\",   by = NULL,   conf.int = 0.95,   ref.zero = TRUE,   log = TRUE )"	"RCS"
"RCS.default"	""	"RCS.default(...)"	""
"RCS.svycoxph"	""	"RCS.svycoxph(...)"	""
"RCS.svyglm"	""	"RCS.svyglm(...)"	""
"rcsx"	""	"rcsx(...)"	""
"re_order"	"re order dataframe"	"re_order(data, ...)"	"re order dataframe"
"Recode"	"Recode numeric and character"	"Recode(x, ..., string = TRUE, cat = TRUE, to.numeric = FALSE, order = F)"	"Recode numeric and character"
"reg_check"	"check reg"	"reg_check(...)"	"check reg"
"reg_logistic"	""	"reg_logistic(...)"	""
"reg_table"	"for svyglm"	"reg_table(fit, round = 2, style = 2, x = NULL, view = T, xlsx = NULL)"	"for svyglm"
"reg_table.coxph"	""	"reg_table.coxph(...)"	""
"reg_table.cph"	""	"reg_table.cph(...)"	""
"reg_table.glm"	""	"reg_table.glm(...)"	""
"reg_table.lm"	""	"reg_table.lm(...)"	""
"reg_table.lrm"	""	"reg_table.lrm(...)"	""
"reg_table.ols"	""	"reg_table.ols(...)"	""
"reg_table.svycoxph"	""	"reg_table.svycoxph(...)"	""
"reg_table.svyglm"	""	"reg_table.svyglm(...)"	""
"regTermTest2"	""	"regTermTest2(...)"	""
"regTermTest4svycoxph"	""	"regTermTest4svycoxph(...)"	""
"regType"	""	"regType(...)"	""
"rename"	"rename"	"rename(.data, ...)"	"rename"
"rename.survey.design"	""	"rename.survey.design(...)"	""
"rename_fdcd"	""	"rename_fdcd(...)"	""
"rename_line"	""	"rename_line(...)"	""
"rename_rstz"	""	"rename_rstz(...)"	""
"Replace0"	""	"Replace0(...)"	""
"return_data"	""	"return_data(...)"	""
"Right_Join"	"right join"	"Right_Join(..., by = \"seqn\", cat = TRUE, inspect = NULL)"	"right join"
"row.counts"	"row count"	"row.counts(data)"	"row count"
"row.max"	"row max for dataframe"	"row.max(x, na.rm = T)"	"row max for dataframe"
"row.means"	"row mean"	"row.means(data, na.rm = TRUE)"	"row mean"
"row.min"	"row min for dataframe"	"row.min(x, na.rm = T)"	"row min for dataframe"
"row.sums"	"row sum"	"row.sums(data, na.rm = TRUE)"	"row sum"
"row_names"	"return rownames or give rownames for dataframe"	"row_names(data, names)"	"return rownames or give rownames for dataframe"
"sd_by"	""	"sd_by(...)"	""
"search_fn"	""	"search_fn(...)"	""
"search_words_inR"	""	"search_words_inR(...)"	""
"search_words_inR_inline"	""	"search_words_inR_inline(...)"	""
"select"	"select"	"select(.data, ...)"	"select"
"select.survey.design"	""	"select.survey.design(...)"	""
"select_col"	"select column"	"select_col(x, ...)"	"select column"
"select_col<-"	"dataframe"	"select_col(x) <- value"	"dataframe"
"select_df"	""	"select_df(...)"	""
"select_row"	"drop row"	"select_row(x, ...)"	"drop row"
"select_row.data.frame"	""	"select_row.data.frame(...)"	""
"select_row.survey.design"	""	"select_row.survey.design(...)"	""
"select_row<-"	"drop row"	"select_row(x) <- value"	"drop row"
"seqn_by"	""	"seqn_by(...)"	""
"setReference"	"set adjustment value"	"setReference(x, value)"	"set adjustment value"
"showSpecialMessage"	""	"showSpecialMessage(...)"	""
"size_bt2unit"	""	"size_bt2unit(...)"	""
"start_with"	""	"start_with(...)"	""
"stork_paper"	""	"stork_paper(...)"	""
"stork_paper1"	""	"stork_paper1(...)"	""
"stratum_model"	"建立分层模型"	"stratum_model(   object,   time = NULL,   y,   x,   stratum = NULL,   adjust = NULL,   p = TRUE,   round = 3,   view = TRUE,   xlsx = NULL,   interaction = TRUE )"	"一、分层模型的目的是看x对y的影响，在不同的人群中是否有差异，例如x在男性中对y没有影响，但是在女性中对y有影响。 二、建立何种模型取决于y和time  如果y和time都有赋值，那么就采用cox回归  如果y是二分类(1和0)，没有time，那么就是logistic回归  如果y是连续变量，没有time，就是线性回归 三、是否加权取决于object  如果object=d，那就是非加权的回归  如果object=nhs，那就是加权的回归 四、同一个变量不能既分层，又同时调整，如果这个变量分层了，就不在调整。 比如，按照性别分层，那么在男性层中，大家都是男性，就没有必要再调整了。 也就是说，当一个变量参与了分层，那么在这个时候，就不会再参与调整，但是不影响其他的场合。"
"stratum_model_i"	""	"stratum_model_i(...)"	""
"subsetdesign2df"	"subsetdesign2df"	"subsetdesign2df(design, ...)"	"subsetdesign2df"
"svy_barplot"	"barplot"	"svy_barplot(x, beside = TRUE, ...)"	"barplot"
"svy_count"	"count"	"svy_count(   design,   x,   by = NULL,   value = FALSE,   per = FALSE,   se = FALSE,   low.high = FALSE,   ci = FALSE,   perSQse = FALSE,   valueSQper = FALSE,   direction = c(\"h\", \"v\"),   na.rm = TRUE,   remove.name = FALSE,   remove.suffix = FALSE,   round = 2 )"	"count"
"svy_coxplot"	"plot survival curves for svycoxph"	"svy_coxplot(model, ..., ci = FALSE, legend.title = NULL, legend.name = NULL)"	"plot survival curves for svycoxph"
"svy_design"	"svy_design"	"svy_design(data, weights = \"nhs_wt\", psu = \"sdmvpsu\", strata = \"sdmvstra\") svy_designdata.frame(data, weights = \"nhs_wt\", psu = \"sdmvpsu\", strata = \"sdmvstra\") svy_designmids(data, weights = \"nhs_wt\", psu = \"sdmvpsu\", strata = \"sdmvstra\")"	"svy_design"
"svy_design.data.frame"	"svy_design"	"svy_design(data, weights = \"nhs_wt\", psu = \"sdmvpsu\", strata = \"sdmvstra\") svy_designdata.frame(data, weights = \"nhs_wt\", psu = \"sdmvpsu\", strata = \"sdmvstra\") svy_designmids(data, weights = \"nhs_wt\", psu = \"sdmvpsu\", strata = \"sdmvstra\")"	"svy_design"
"svy_design.mids"	"svy_design"	"svy_design(data, weights = \"nhs_wt\", psu = \"sdmvpsu\", strata = \"sdmvstra\") svy_designdata.frame(data, weights = \"nhs_wt\", psu = \"sdmvpsu\", strata = \"sdmvstra\") svy_designmids(data, weights = \"nhs_wt\", psu = \"sdmvpsu\", strata = \"sdmvstra\")"	"svy_design"
"svy_kmplot"	"kmplot for survey data"	"svy_kmplot(x, ...) svy_kmplotsvykm(   x,   ci = FALSE,   xlab = \"Time\",   ylab = \"Survival Probability\",   pvalue = FALSE,   round = 2,   margin = c(30, 30, 90, 20),   risktable = TRUE,   freq = T,   weighted.prop = T,   rt.title.xy = NULL,   rt.title = \"Risk Table\",   rt.title.color = \"black\",   rt.title.size = 4,   rt.text.y = -0.3,   color = \"black\",   rt.text.size = 4,   ... ) svy_kmplotsvykmlist(   x,   ci = FALSE,   xlab = \"Time\",   ylab = \"Survival Probability\",   round = 3,   pvalue = TRUE,   pvalue.xy = NULL,   pvalue.size = 4,   xlim = NULL,   ylim = NULL,   xbreaks = waiver(),   ybreaks = waiver(),   line.width = 0.7,   axis.line.width = 0.6,   axis.ticks.length = 0.15,   axis.ticks.with = 0.6,   axis.text.size = 10,   axis.title = 12,   margin = c(30, 30, 90, 20),   legend.title = NULL,   legend.position = \"right\",   legend.title.size = 13,   legend.text.size = 10,   risktable = TRUE,   freq = T,   weighted.prop = T,   rt.title.xy = NULL,   rt.title = \"Risk Table\",   rt.title.color = \"black\",   rt.title.size = 4,   rt.text.y = NULL,   color = NULL,   rt.text.size = 4,   ... )"	"kmplot for survey data"
"svy_kmplot.svykm"	"kmplot for survey data"	"svy_kmplot(x, ...) svy_kmplotsvykm(   x,   ci = FALSE,   xlab = \"Time\",   ylab = \"Survival Probability\",   pvalue = FALSE,   round = 2,   margin = c(30, 30, 90, 20),   risktable = TRUE,   freq = T,   weighted.prop = T,   rt.title.xy = NULL,   rt.title = \"Risk Table\",   rt.title.color = \"black\",   rt.title.size = 4,   rt.text.y = -0.3,   color = \"black\",   rt.text.size = 4,   ... ) svy_kmplotsvykmlist(   x,   ci = FALSE,   xlab = \"Time\",   ylab = \"Survival Probability\",   round = 3,   pvalue = TRUE,   pvalue.xy = NULL,   pvalue.size = 4,   xlim = NULL,   ylim = NULL,   xbreaks = waiver(),   ybreaks = waiver(),   line.width = 0.7,   axis.line.width = 0.6,   axis.ticks.length = 0.15,   axis.ticks.with = 0.6,   axis.text.size = 10,   axis.title = 12,   margin = c(30, 30, 90, 20),   legend.title = NULL,   legend.position = \"right\",   legend.title.size = 13,   legend.text.size = 10,   risktable = TRUE,   freq = T,   weighted.prop = T,   rt.title.xy = NULL,   rt.title = \"Risk Table\",   rt.title.color = \"black\",   rt.title.size = 4,   rt.text.y = NULL,   color = NULL,   rt.text.size = 4,   ... )"	"kmplot for survey data"
"svy_kmplot.svykmlist"	"kmplot for survey data"	"svy_kmplot(x, ...) svy_kmplotsvykm(   x,   ci = FALSE,   xlab = \"Time\",   ylab = \"Survival Probability\",   pvalue = FALSE,   round = 2,   margin = c(30, 30, 90, 20),   risktable = TRUE,   freq = T,   weighted.prop = T,   rt.title.xy = NULL,   rt.title = \"Risk Table\",   rt.title.color = \"black\",   rt.title.size = 4,   rt.text.y = -0.3,   color = \"black\",   rt.text.size = 4,   ... ) svy_kmplotsvykmlist(   x,   ci = FALSE,   xlab = \"Time\",   ylab = \"Survival Probability\",   round = 3,   pvalue = TRUE,   pvalue.xy = NULL,   pvalue.size = 4,   xlim = NULL,   ylim = NULL,   xbreaks = waiver(),   ybreaks = waiver(),   line.width = 0.7,   axis.line.width = 0.6,   axis.ticks.length = 0.15,   axis.ticks.with = 0.6,   axis.text.size = 10,   axis.title = 12,   margin = c(30, 30, 90, 20),   legend.title = NULL,   legend.position = \"right\",   legend.title.size = 13,   legend.text.size = 10,   risktable = TRUE,   freq = T,   weighted.prop = T,   rt.title.xy = NULL,   rt.title = \"Risk Table\",   rt.title.color = \"black\",   rt.title.size = 4,   rt.text.y = NULL,   color = NULL,   rt.text.size = 4,   ... )"	"kmplot for survey data"
"svy_mean"	"mean for survey"	"svy_mean(   design,   x,   by = NULL,   value = FALSE,   se = FALSE,   low.high = FALSE,   ci = FALSE,   meanPMse = FALSE,   meanSQse = FALSE,   geometric = FALSE,   round = 2,   remove.suffix = FALSE,   na.rm = TRUE )"	"mean for survey"
"svy_missValue"	"Missing value pattern"	"svy_missValue(design, plot = TRUE)"	"Missing value pattern"
"svy_population"	"population for survey"	"svy_population(design, by = NULL)"	"population for survey"
"svy_quantile"	"quantile for survey data"	"svy_quantile(   design,   x,   by = NULL,   quantile = FALSE,   q0.25 = FALSE,   q0.5 = FALSE,   q0.75 = FALSE,   round = 2,   remove.prefix = FALSE,   remove.suffix = FALSE,   na.rm = TRUE )"	"quantile for survey data"
"svy_reg_lm"	""	"svy_reg_lm(...)"	""
"svy_reg_logistic"	""	"svy_reg_logistic(...)"	""
"svy_roc"	"roc"	"svy_roc(design, score, class, rescale = TRUE)"	"roc"
"svy_roc_plot"	"plot  roc"	"svy_roc_plot(   ...,   color = NULL,   lwd = 1.05,   legend.title = NULL,   legend.names = NULL )"	"plot  roc"
"svy_tableone"	"table one for survey data"	"svy_tableone(   design,   cv = NULL,   cv.nn = NULL,   gv = NULL,   by = NULL,   c_meanSQse = FALSE,   c_meanPMse = FALSE,   c_ci = FALSE,   c_geometric = FALSE,   g_N = FALSE,   g_percent = FALSE,   g_perSQse = FALSE,   g_NSQper = FALSE,   g_nSQper = FALSE,   g_ci = FALSE,   g_direction = \"v\",   total = FALSE,   round = 2,   view = T,   xlsx = NULL,   pvalue = TRUE )"	"table one for survey data"
"svy_uv.cox"	"univariable cox for svydata"	"svy_uv.cox(   design,   time,   status,   x,   adjust = NULL,   round = 2,   view = T,   xlsx = NULL )"	"univariable cox for svydata"
"svy_uv.glm"	"univariable glm for svydata"	"svy_uv.glm(design, y, x, adjust = NULL, round = 2, view = T, xlsx = NULL)"	"univariable glm for svydata"
"svy_uv.logit"	"univariable logistic for svydata"	"svy_uv.logit(   design,   y,   x,   adjust = NULL,   round = 2,   family = quasibinomial,   view = T,   xlsx = NULL )"	"univariable logistic for svydata"
"svy2rms"	""	"svy2rms(...)"	""
"tab.NA"	""	"tab.NA(...)"	""
"tableB"	""	"tableB(...)"	""
"tableB.shinytag"	""	"tableB.shinytag(...)"	""
"tb1.categorial"	""	"tb1.categorial(...)"	""
"tb1.categorial.i"	""	"tb1.categorial.i(...)"	""
"tb1.contineous.normal"	""	"tb1.contineous.normal(...)"	""
"tb1.contineous.normal.i"	""	"tb1.contineous.normal.i(...)"	""
"tb1.contineous.not.normal"	""	"tb1.contineous.not.normal(...)"	""
"tb1.contineous.not.normal.i"	""	"tb1.contineous.not.normal.i(...)"	""
"tbodyB"	""	"tbodyB(...)"	""
"tdB"	""	"tdB(...)"	""
"tea.1day"	""	"tea.1day(...)"	""
"tea.food.code"	""	"tea.food.code(...)"	""
"test_mode"	""	"test_mode(...)"	""
"testfile"	""	"testfile(...)"	""
"thB"	""	"thB(...)"	""
"time_diff"	""	"time_diff(...)"	""
"to_NA"	"Transfer data to NA"	"to_NA(x, dont_know = TRUE, refused = TRUE)"	"Transfer data to NA"
"to_numeric"	"Convert to numeric"	"to_numeric(x)"	"Convert to numeric"
"to_numeric<-"	"Convert to numeric"	"to_numeric(x) <- value"	"Convert to numeric"
"to_sql"	""	"to_sql(...)"	""
"transfer_fndds"	"transfer fndds"	"transfer_fndds()"	"transfer fndds"
"trB"	""	"trB(...)"	""
"tsv0"	""	"tsv0(...)"	""
"unique_no.NA"	""	"unique_no.NA(...)"	""
"unique_no_NA"	""	"unique_no_NA(...)"	""
"updateKnot"	"update Knot"	"updateKnot(fit, k, data = NULL)"	"update Knot"
"urlComponet"	""	"urlComponet(...)"	""
"urlyear"	""	"urlyear(...)"	""
"use_data_append"	""	"use_data_append(...)"	""
"use_data_list"	""	"use_data_list(...)"	""
"use_data_remove"	""	"use_data_remove(...)"	""
"value.numbar"	"value number"	"value.numbar(data)"	"value number"
"var_labels"	"Show labels of colnames"	"var_labels(df, order = FALSE)"	"Show labels of colnames"
"var_labels_2_var_formula"	""	"var_labels_2_var_formula(...)"	""
"varExtracted"	"variable extracted information"	"varExtracted(x)"	"variable extracted information"
"variable_formula"	""	"variable_formula(...)"	""
"varLab_NULL"	""	"varLab_NULL(...)"	""
"varLabel_url"	""	"varLabel_url(...)"	""
"vitaminAE19999"	""	"vitaminAE19999(...)"	""
"which.na"	""	"which.na(...)"	""
"write.yier"	"write dataframe to Yier software"	"write.yier(df, file = NULL, project = NULL, row.names = FALSE, root = \"c\")"	"write dataframe to Yier software"
"wt_dr_day1"	""	"wt_dr_day1(...)"	""
"xpt2tsv"	""	"xpt2tsv(...)"	""
"yes1"	""	"yes1(...)"	""
"yes1<-"	""	"yes1<-(...)"	""
"YJP.ps"	""	"YJP.ps(...)"	""
"youth.obesity"	"youth obesity age < 18 years old"	"youth.obesity(data, age = \"age\", sex = \"sex\", bmi = \"bmi\")"	"youth obesity age < 18 years old"
