"function_name"	"argument"	"required"	"default"	"description"
"%=%"	"a"	TRUE	""	"character or dataframe"
"%=%"	"b"	TRUE	""	"one or more character"
"add_col"	"data"	TRUE	""	"dataframe"
"add_col"	"colname"	FALSE	"NULL"	"new column name"
"add_col"	"value"	FALSE	"NULL"	"value"
"add_col"	"condition"	FALSE	"NULL"	"condition"
"add_col"	"position"	FALSE	"NULL"	"position"
"add_col.data.frame"	"data"	TRUE	""	""
"add_col.data.frame"	"colname"	FALSE	"NULL"	""
"add_col.data.frame"	"value"	FALSE	"NULL"	""
"add_col.data.frame"	"condition"	FALSE	"NULL"	""
"add_col.data.frame"	"position"	FALSE	"NULL"	""
"add_col.survey.design"	"data"	TRUE	""	""
"add_col.survey.design"	"colname"	FALSE	"NULL"	""
"add_col.survey.design"	"value"	FALSE	"NULL"	""
"add_col.survey.design"	"condition"	FALSE	"NULL"	""
"add_col.survey.design"	"position"	FALSE	"NULL"	""
"add_color_to_text"	"text"	TRUE	""	""
"add_color_to_text"	"key"	TRUE	""	""
"add_color_to_text"	"color"	TRUE	""	""
"add_masc"	"d"	TRUE	""	""
"add_masc"	"ex_col"	FALSE	"NULL"	""
"add_style"	"x"	TRUE	""	""
"add_style"	"selector"	FALSE	"NULL"	""
"add_style"	"n"	FALSE	"NULL"	""
"add_style"	"pseudo"	FALSE	"NULL"	""
"add_style"	"pseudo.link"	FALSE	"FALSE"	""
"add_style"	"pseudo.visited"	FALSE	"FALSE"	""
"add_style"	"pseudo.hover"	FALSE	"FALSE"	""
"add_style"	"pseudo.active"	FALSE	"FALSE"	""
"add_style"	"pseudo.checked"	FALSE	"FALSE"	""
"add_style"	"pseudo.disabled"	FALSE	"FALSE"	""
"add_style"	"pseudo.empty"	FALSE	"FALSE"	""
"add_style"	"pseudo.enabled"	FALSE	"FALSE"	""
"add_style"	"pseudo.first_child"	FALSE	"FALSE"	""
"add_style"	"pseudo.first_of_type"	FALSE	"FALSE"	""
"add_style"	"pseudo.focus"	FALSE	"FALSE"	""
"add_style"	"pseudo.in_range"	FALSE	"FALSE"	""
"add_style"	"pseudo.invalid"	FALSE	"FALSE"	""
"add_style"	"pseudo.lang"	FALSE	"FALSE"	""
"add_style"	"pseudo.last_child"	FALSE	"FALSE"	""
"add_style"	"pseudo.last_of_type"	FALSE	"FALSE"	""
"add_style"	"pseudo.not"	FALSE	"FALSE"	""
"add_style"	"pseudo.nth_child"	FALSE	"FALSE"	""
"add_style"	"pseudo.nth_last_child"	FALSE	"FALSE"	""
"add_style"	"pseudo.nth_last_of_type"	FALSE	"FALSE"	""
"add_style"	"pseudo.nth_of_type"	FALSE	"FALSE"	""
"add_style"	"pseudo.only_of_type"	FALSE	"FALSE"	""
"add_style"	"pseudo.only_child"	FALSE	"FALSE"	""
"add_style"	"pseudo.optional"	FALSE	"FALSE"	""
"add_style"	"pseudo.out_of_range"	FALSE	"FALSE"	""
"add_style"	"pseudo.read_only"	FALSE	"FALSE"	""
"add_style"	"pseudo.read_write"	FALSE	"FALSE"	""
"add_style"	"pseudo.required"	FALSE	"FALSE"	""
"add_style"	"pseudo.root"	FALSE	"FALSE"	""
"add_style"	"pseudo.target"	FALSE	"FALSE"	""
"add_style"	"pseudo.valid"	FALSE	"FALSE"	""
"add_style"	"pseudo.after"	FALSE	"FALSE"	""
"add_style"	"pseudo.before"	FALSE	"FALSE"	""
"add_style"	"pseudo.first_letter"	FALSE	"FALSE"	""
"add_style"	"pseudo.first_line"	FALSE	"FALSE"	""
"add_style"	"pseudo.selection"	FALSE	"FALSE"	""
"add_style"	"pseuded.selector"	FALSE	"NULL"	""
"add_style"	"opacity"	FALSE	"NULL"	""
"add_style"	"background"	FALSE	"NULL"	""
"add_style"	"background_color"	FALSE	"NULL"	""
"add_style"	"background_image"	FALSE	"NULL"	""
"add_style"	"background_size"	FALSE	"NULL"	""
"add_style"	"background_size.cover"	FALSE	"FALSE"	""
"add_style"	"background_size.contain"	FALSE	"FALSE"	""
"add_style"	"background_repeat"	FALSE	"NULL"	""
"add_style"	"background_repeat.no_repeat"	FALSE	"FALSE"	""
"add_style"	"background_repeat.repeat_x"	FALSE	"FALSE"	""
"add_style"	"background_repeat.repeat_y"	FALSE	"FALSE"	""
"add_style"	"background_position"	FALSE	"NULL"	""
"add_style"	"background_attachment.fixed"	FALSE	"FALSE"	""
"add_style"	"background_attachment.scroll"	FALSE	"FALSE"	""
"add_style"	"background_clip.border"	FALSE	"FALSE"	""
"add_style"	"background_clip.padding"	FALSE	"FALSE"	""
"add_style"	"background_clip.content"	FALSE	"FALSE"	""
"add_style"	"background_origin"	FALSE	"NULL"	""
"add_style"	"background_origin.border_box"	FALSE	"FALSE"	""
"add_style"	"background_origin.padding_box"	FALSE	"FALSE"	""
"add_style"	"background_origin.content_box"	FALSE	"FALSE"	""
"add_style"	"border"	FALSE	"NULL"	""
"add_style"	"border_style.dashed"	FALSE	"FALSE"	""
"add_style"	"border_style.dotted"	FALSE	"FALSE"	""
"add_style"	"border_style.double"	FALSE	"FALSE"	""
"add_style"	"border_style.groove"	FALSE	"FALSE"	""
"add_style"	"border_style.hidden"	FALSE	"FALSE"	""
"add_style"	"border_style.inset"	FALSE	"FALSE"	""
"add_style"	"border_style.none"	FALSE	"FALSE"	""
"add_style"	"border_style.outset"	FALSE	"FALSE"	""
"add_style"	"border_style.ridge"	FALSE	"FALSE"	""
"add_style"	"border_style.solid"	FALSE	"FALSE"	""
"add_style"	"border_left_style.dashed"	FALSE	"FALSE"	""
"add_style"	"border_left_style.dotted"	FALSE	"FALSE"	""
"add_style"	"border_left_style.double"	FALSE	"FALSE"	""
"add_style"	"border_left_style.groove"	FALSE	"FALSE"	""
"add_style"	"border_left_style.hidden"	FALSE	"FALSE"	""
"add_style"	"border_left_style.inset"	FALSE	"FALSE"	""
"add_style"	"border_left_style.none"	FALSE	"FALSE"	""
"add_style"	"border_left_style.outset"	FALSE	"FALSE"	""
"add_style"	"border_left_style.ridge"	FALSE	"FALSE"	""
"add_style"	"border_left_style.solid"	FALSE	"FALSE"	""
"add_style"	"border_right_style.dashed"	FALSE	"FALSE"	""
"add_style"	"border_right_style.dotted"	FALSE	"FALSE"	""
"add_style"	"border_right_style.double"	FALSE	"FALSE"	""
"add_style"	"border_right_style.groove"	FALSE	"FALSE"	""
"add_style"	"border_right_style.hidden"	FALSE	"FALSE"	""
"add_style"	"border_right_style.inset"	FALSE	"FALSE"	""
"add_style"	"border_right_style.none"	FALSE	"FALSE"	""
"add_style"	"border_right_style.outset"	FALSE	"FALSE"	""
"add_style"	"border_right_style.ridge"	FALSE	"FALSE"	""
"add_style"	"border_right_style.solid"	FALSE	"FALSE"	""
"add_style"	"border_top_style.dashed"	FALSE	"FALSE"	""
"add_style"	"border_top_style.dotted"	FALSE	"FALSE"	""
"add_style"	"border_top_style.double"	FALSE	"FALSE"	""
"add_style"	"border_top_style.groove"	FALSE	"FALSE"	""
"add_style"	"border_top_style.hidden"	FALSE	"FALSE"	""
"add_style"	"border_top_style.inset"	FALSE	"FALSE"	""
"add_style"	"border_top_style.none"	FALSE	"FALSE"	""
"add_style"	"border_top_style.outset"	FALSE	"FALSE"	""
"add_style"	"border_top_style.ridge"	FALSE	"FALSE"	""
"add_style"	"border_top_style.solid"	FALSE	"FALSE"	""
"add_style"	"border_bottom_style.dashed"	FALSE	"FALSE"	""
"add_style"	"border_bottom_style.dotted"	FALSE	"FALSE"	""
"add_style"	"border_bottom_style.double"	FALSE	"FALSE"	""
"add_style"	"border_bottom_style.groove"	FALSE	"FALSE"	""
"add_style"	"border_bottom_style.hidden"	FALSE	"FALSE"	""
"add_style"	"border_bottom_style.inset"	FALSE	"FALSE"	""
"add_style"	"border_bottom_style.none"	FALSE	"FALSE"	""
"add_style"	"border_bottom_style.outset"	FALSE	"FALSE"	""
"add_style"	"border_bottom_style.ridge"	FALSE	"FALSE"	""
"add_style"	"border_bottom_style.solid"	FALSE	"FALSE"	""
"add_style"	"border_width"	FALSE	"NULL"	""
"add_style"	"border_color"	FALSE	"NULL"	""
"add_style"	"border_radius"	FALSE	"NULL"	""
"add_style"	"border_left_width"	FALSE	"NULL"	""
"add_style"	"border_left_color"	FALSE	"NULL"	""
"add_style"	"border_left_radius"	FALSE	"NULL"	""
"add_style"	"border_right_width"	FALSE	"NULL"	""
"add_style"	"border_right_color"	FALSE	"NULL"	""
"add_style"	"border_right_radius"	FALSE	"NULL"	""
"add_style"	"border_top_width"	FALSE	"NULL"	""
"add_style"	"border_top_color"	FALSE	"NULL"	""
"add_style"	"border_top_radius"	FALSE	"NULL"	""
"add_style"	"border_bottom_width"	FALSE	"NULL"	""
"add_style"	"border_bottom_color"	FALSE	"NULL"	""
"add_style"	"border_bottom_radius"	FALSE	"NULL"	""
"add_style"	"border_collapse.separate"	FALSE	"FALSE"	""
"add_style"	"border_collapse.collapse"	FALSE	"FALSE"	""
"add_style"	"border_collapse.inherit"	FALSE	"FALSE"	""
"add_style"	"margin"	FALSE	"NULL"	""
"add_style"	"margin_top"	FALSE	"NULL"	""
"add_style"	"margin_right"	FALSE	"NULL"	""
"add_style"	"margin_bottom"	FALSE	"NULL"	""
"add_style"	"margin_left"	FALSE	"NULL"	""
"add_style"	"padding"	FALSE	"NULL"	""
"add_style"	"padding_top"	FALSE	"NULL"	""
"add_style"	"padding_right"	FALSE	"NULL"	""
"add_style"	"padding_bottom"	FALSE	"NULL"	""
"add_style"	"padding_left"	FALSE	"NULL"	""
"add_style"	"height"	FALSE	"NULL"	""
"add_style"	"width"	FALSE	"NULL"	""
"add_style"	"max_width"	FALSE	"NULL"	""
"add_style"	"min_width"	FALSE	"NULL"	""
"add_style"	"max_height"	FALSE	"NULL"	""
"add_style"	"min_height"	FALSE	"NULL"	""
"add_style"	"outline_style.dotted"	FALSE	"FALSE"	""
"add_style"	"outline_style.dashed"	FALSE	"FALSE"	""
"add_style"	"outline_style.solid"	FALSE	"FALSE"	""
"add_style"	"outline_style.double"	FALSE	"FALSE"	""
"add_style"	"outline_style.groove"	FALSE	"FALSE"	""
"add_style"	"outline_style.ridge"	FALSE	"FALSE"	""
"add_style"	"outline_style.inset"	FALSE	"FALSE"	""
"add_style"	"outline_style.outset"	FALSE	"FALSE"	""
"add_style"	"outline_style.none"	FALSE	"FALSE"	""
"add_style"	"outline_style.hidden"	FALSE	"FALSE"	""
"add_style"	"outline_color"	FALSE	"NULL"	""
"add_style"	"outline_width"	FALSE	"NULL"	""
"add_style"	"outline_offset"	FALSE	"NULL"	""
"add_style"	"outline"	FALSE	"NULL"	""
"add_style"	"color"	FALSE	"NULL"	""
"add_style"	"text_align.center"	FALSE	"FALSE"	""
"add_style"	"text_align.left"	FALSE	"FALSE"	""
"add_style"	"text_align.right"	FALSE	"FALSE"	""
"add_style"	"text_align.justify"	FALSE	"FALSE"	""
"add_style"	"text_direction.rtl"	FALSE	"FALSE"	""
"add_style"	"vertical_align.top"	FALSE	"FALSE"	""
"add_style"	"vertical_align.middle"	FALSE	"FALSE"	""
"add_style"	"vertical_align.bottom"	FALSE	"FALSE"	""
"add_style"	"text_decoration.none"	FALSE	"FALSE"	""
"add_style"	"text_decoration.overline"	FALSE	"FALSE"	""
"add_style"	"text_decoration.line_through"	FALSE	"FALSE"	""
"add_style"	"text_decoration.underline"	FALSE	"FALSE"	""
"add_style"	"text_transform.uppercase"	FALSE	"FALSE"	""
"add_style"	"text_transform.lowercase"	FALSE	"FALSE"	""
"add_style"	"text_transform.capitalize"	FALSE	"FALSE"	""
"add_style"	"text_indent"	FALSE	"NULL"	""
"add_style"	"letter_spacing"	FALSE	"NULL"	""
"add_style"	"word_spacing"	FALSE	"NULL"	""
"add_style"	"line_height"	FALSE	"NULL"	""
"add_style"	"white_space.pre"	FALSE	"FALSE"	""
"add_style"	"white_space.nowrap"	FALSE	"FALSE"	""
"add_style"	"white_space.pre_warp"	FALSE	"FALSE"	""
"add_style"	"white_space.pre_line"	FALSE	"FALSE"	""
"add_style"	"white_space.inherit"	FALSE	"FALSE"	""
"add_style"	"text_shadow"	FALSE	"NULL"	""
"add_style"	"overflow"	FALSE	"NULL"	""
"add_style"	"overflow.hidden"	FALSE	"FALSE"	""
"add_style"	"overflow.scroll"	FALSE	"FALSE"	""
"add_style"	"overflow.auto"	FALSE	"FALSE"	""
"add_style"	"overflow.inherit"	FALSE	"FALSE"	""
"add_style"	"overflow_x"	FALSE	"NULL"	""
"add_style"	"overflow_x.hidden"	FALSE	"FALSE"	""
"add_style"	"overflow_x.scroll"	FALSE	"FALSE"	""
"add_style"	"overflow_x.auto"	FALSE	"FALSE"	""
"add_style"	"overflow_x.inherit"	FALSE	"FALSE"	""
"add_style"	"overflow_y"	FALSE	"NULL"	""
"add_style"	"overflow_y.hidden"	FALSE	"FALSE"	""
"add_style"	"overflow_y.scroll"	FALSE	"FALSE"	""
"add_style"	"overflow_y.auto"	FALSE	"FALSE"	""
"add_style"	"overflow_y.inherit"	FALSE	"FALSE"	""
"add_style"	"text_overflow.clip"	FALSE	"FALSE"	""
"add_style"	"text_overflow.ellipsis"	FALSE	"FALSE"	""
"add_style"	"text_overflow.string"	FALSE	"FALSE"	""
"add_style"	"font_size"	FALSE	"NULL"	""
"add_style"	"font_family"	FALSE	"NULL"	""
"add_style"	"font_family.Serif"	FALSE	"FALSE"	""
"add_style"	"font_family.Times_New_Roman"	FALSE	"FALSE"	""
"add_style"	"font_family.Georgia"	FALSE	"FALSE"	""
"add_style"	"font_family.Garamond"	FALSE	"FALSE"	""
"add_style"	"font_family.Sans_serif"	FALSE	"FALSE"	""
"add_style"	"font_family.Arial"	FALSE	"FALSE"	""
"add_style"	"font_family.Verdana"	FALSE	"FALSE"	""
"add_style"	"font_family.Helvetica"	FALSE	"FALSE"	""
"add_style"	"font_family.Monospace"	FALSE	"FALSE"	""
"add_style"	"font_family.Courier_New"	FALSE	"FALSE"	""
"add_style"	"font_family.Lucida_Console"	FALSE	"FALSE"	""
"add_style"	"font_family.Monaco"	FALSE	"FALSE"	""
"add_style"	"font_family.Cursive"	FALSE	"FALSE"	""
"add_style"	"font_family.Brush_Script_MT"	FALSE	"FALSE"	""
"add_style"	"font_family.Lucida_Handwriting"	FALSE	"FALSE"	""
"add_style"	"font_family.Fantasy"	FALSE	"FALSE"	""
"add_style"	"font_family.Copperplate"	FALSE	"FALSE"	""
"add_style"	"font_family.Papyrus"	FALSE	"FALSE"	""
"add_style"	"font_style.normal"	FALSE	"FALSE"	""
"add_style"	"font_style.italic"	FALSE	"FALSE"	""
"add_style"	"font_style.oblique"	FALSE	"FALSE"	""
"add_style"	"font_weight.bold"	FALSE	"FALSE"	""
"add_style"	"font_weight.normal"	FALSE	"FALSE"	""
"add_style"	"font_variant.normal"	FALSE	"FALSE"	""
"add_style"	"font_variant.small_caps"	FALSE	"FALSE"	""
"add_style"	"list_style_type.none"	FALSE	"FALSE"	""
"add_style"	"list_style_type.circle"	FALSE	"FALSE"	""
"add_style"	"list_style_type.square"	FALSE	"FALSE"	""
"add_style"	"list_style_type.upper_roman"	FALSE	"FALSE"	""
"add_style"	"list_style_type.lower_alpha"	FALSE	"FALSE"	""
"add_style"	"list_style_image"	FALSE	"NULL"	""
"add_style"	"list_style_position.outside"	FALSE	"FALSE"	""
"add_style"	"list_style_position.inside"	FALSE	"FALSE"	""
"add_style"	"display"	FALSE	"NULL"	""
"add_style"	"display.none"	FALSE	"FALSE"	""
"add_style"	"display.block"	FALSE	"FALSE"	""
"add_style"	"display.inline"	FALSE	"FALSE"	""
"add_style"	"display.inline_block"	FALSE	"FALSE"	""
"add_style"	"display.table_cell"	FALSE	"FALSE"	""
"add_style"	"display.flex"	FALSE	"FALSE"	""
"add_style"	"visibility"	FALSE	"NULL"	""
"add_style"	"visibility.visible"	FALSE	"FALSE"	""
"add_style"	"visibility.hidden"	FALSE	"FALSE"	""
"add_style"	"visibility.collapse"	FALSE	"FALSE"	""
"add_style"	"visibility.inherit"	FALSE	"FALSE"	""
"add_style"	"position"	FALSE	"NULL"	""
"add_style"	"position.static"	FALSE	"FALSE"	""
"add_style"	"position.relative"	FALSE	"FALSE"	""
"add_style"	"position.fixed"	FALSE	"FALSE"	""
"add_style"	"position.absolute"	FALSE	"FALSE"	""
"add_style"	"position.sticky"	FALSE	"FALSE"	""
"add_style"	"top"	FALSE	"NULL"	""
"add_style"	"bottom"	FALSE	"NULL"	""
"add_style"	"left"	FALSE	"NULL"	""
"add_style"	"right"	FALSE	"NULL"	""
"add_style"	"go_top"	FALSE	"NULL"	""
"add_style"	"go_bottom"	FALSE	"NULL"	""
"add_style"	"go_left"	FALSE	"NULL"	""
"add_style"	"go_right"	FALSE	"NULL"	""
"add_style"	"z_index"	FALSE	"NULL"	""
"add_style"	"float"	FALSE	"NULL"	""
"add_style"	"float.left"	FALSE	"FALSE"	""
"add_style"	"float.right"	FALSE	"FALSE"	""
"add_style"	"float.none"	FALSE	"FALSE"	""
"add_style"	"float.inherit"	FALSE	"FALSE"	""
"add_style"	"clear"	FALSE	"NULL"	""
"add_style"	"clear.both"	FALSE	"FALSE"	""
"add_style"	"box_sizing"	FALSE	"NULL"	""
"add_style"	"box_sizing.border_box"	FALSE	"FALSE"	""
"add_style"	"box_sizing.content_box"	FALSE	"FALSE"	""
"add_style"	"box_sizing.inherit"	FALSE	"FALSE"	""
"add_style"	"content"	FALSE	"NULL"	""
"add_style"	"transform"	FALSE	"NULL"	""
"add_style"	"transform.translate"	FALSE	"FALSE"	""
"add_style"	"transform.rotate"	FALSE	"FALSE"	""
"add_style"	"transform.scaleX"	FALSE	"FALSE"	""
"add_style"	"transform.scaleY"	FALSE	"FALSE"	""
"add_style"	"transform.scale"	FALSE	"FALSE"	""
"add_style"	"transform.skewX"	FALSE	"FALSE"	""
"add_style"	"transform.skewY"	FALSE	"FALSE"	""
"add_style"	"transform.skew"	FALSE	"FALSE"	""
"add_style"	"transform.matrix"	FALSE	"FALSE"	""
"add_style"	"transition"	FALSE	"NULL"	""
"add_style"	"transition_delay"	FALSE	"NULL"	""
"add_style"	"transition_duration"	FALSE	"NULL"	""
"add_style"	"transition_property"	FALSE	"NULL"	""
"add_style"	"transition_timing_function"	FALSE	"NULL"	""
"add_style"	"transition_timing_function.ease"	FALSE	"FALSE"	""
"add_style"	"transition_timing_function.linear"	FALSE	"FALSE"	""
"add_style"	"transition_timing_function.ease_in"	FALSE	"FALSE"	""
"add_style"	"transition_timing_function.ease_out"	FALSE	"FALSE"	""
"add_style"	"transition_timing_function.ease_in_out"	FALSE	"FALSE"	""
"add_style"	"animation"	FALSE	"NULL"	""
"add_style"	"animation_fadenum"	FALSE	"NULL"	""
"add_style"	"animation_name"	FALSE	"NULL"	""
"add_style"	"animation_duration"	FALSE	"NULL"	""
"add_style"	"animation_delay"	FALSE	"NULL"	""
"add_style"	"animation_iteration_count"	FALSE	"NULL"	""
"add_style"	"animation_direction"	FALSE	"NULL"	""
"add_style"	"animation_timing_function"	FALSE	"NULL"	""
"add_style"	"animation_fill_mode"	FALSE	"NULL"	""
"add_style"	"resize"	FALSE	"NULL"	""
"add_style"	"resize.none"	FALSE	"FALSE"	""
"add_style"	"resize.both"	FALSE	"FALSE"	""
"add_style"	"resize.horizontal"	FALSE	"FALSE"	""
"add_style"	"resize.vertical"	FALSE	"FALSE"	""
"add_style"	"flex_flow"	FALSE	"NULL"	""
"add_style"	"flex_direction"	FALSE	"NULL"	""
"add_style"	"flex_direction.column"	FALSE	"FALSE"	""
"add_style"	"flex_direction.row"	FALSE	"FALSE"	""
"add_style"	"flex_direction.row_reverse"	FALSE	"FALSE"	""
"add_style"	"flex_direction.column_reverse"	FALSE	"FALSE"	""
"add_style"	"flex_wrap"	FALSE	"NULL"	""
"add_style"	"flex_wrap.nowrap"	FALSE	"FALSE"	""
"add_style"	"flex_wrap.wrap"	FALSE	"FALSE"	""
"add_style"	"flex_wrap.wrap_reverse"	FALSE	"FALSE"	""
"add_style"	"justify_content"	FALSE	"NULL"	""
"add_style"	"justify_content.center"	FALSE	"FALSE"	""
"add_style"	"justify_content.flex_start"	FALSE	"FALSE"	""
"add_style"	"justify_content.flex_end"	FALSE	"FALSE"	""
"add_style"	"justify_content.space_evenly"	FALSE	"FALSE"	""
"add_style"	"justify_content.space_around"	FALSE	"FALSE"	""
"add_style"	"justify_content.space_between"	FALSE	"FALSE"	""
"add_style"	"align_items"	FALSE	"NULL"	""
"add_style"	"align_items.center"	FALSE	"FALSE"	""
"add_style"	"align_items.flex_start"	FALSE	"FALSE"	""
"add_style"	"align_items.flex_end"	FALSE	"FALSE"	""
"add_style"	"align_items.stretch"	FALSE	"FALSE"	""
"add_style"	"align_items.baseline"	FALSE	"FALSE"	""
"add_style"	"align_content"	FALSE	"NULL"	""
"add_style"	"align_content.space_between"	FALSE	"FALSE"	""
"add_style"	"align_content.space_around"	FALSE	"FALSE"	""
"add_style"	"align_content.stretch"	FALSE	"FALSE"	""
"add_style"	"align_content.center"	FALSE	"FALSE"	""
"add_style"	"align_content.flex_start"	FALSE	"FALSE"	""
"add_style"	"align_content.flex_end"	FALSE	"FALSE"	""
"add_style"	"align_self"	FALSE	"NULL"	""
"add_style"	"align_self.space_between"	FALSE	"FALSE"	""
"add_style"	"align_self.space_around"	FALSE	"FALSE"	""
"add_style"	"align_self.stretch"	FALSE	"FALSE"	""
"add_style"	"align_self.center"	FALSE	"FALSE"	""
"add_style"	"align_self.flex_start"	FALSE	"FALSE"	""
"add_style"	"align_self.flex_end"	FALSE	"FALSE"	""
"add_style"	"order"	FALSE	"NULL"	""
"add_style"	"flex"	FALSE	"NULL"	""
"add_style"	"flex_grow"	FALSE	"NULL"	""
"add_style"	"flex_shrink"	FALSE	"NULL"	""
"add_style"	"flex_basis"	FALSE	"NULL"	""
"add_style"	"grid_template_columns"	FALSE	"NULL"	""
"add_style"	"grid_template_rows"	FALSE	"NULL"	""
"add_style"	"grid_gap"	FALSE	"NULL"	""
"add_style"	"grid_area"	FALSE	"NULL"	""
"add_style"	"grid_column_gap"	FALSE	"NULL"	""
"add_style"	"grid_row_gap"	FALSE	"NULL"	""
"add_style"	"grid_column"	FALSE	"NULL"	""
"add_style"	"grid_column_start"	FALSE	"NULL"	""
"add_style"	"grid_column_end"	FALSE	"NULL"	""
"add_style"	"grid_row"	FALSE	"NULL"	""
"add_style"	"grid_row_start"	FALSE	"NULL"	""
"add_style"	"grid_row_end"	FALSE	"NULL"	""
"add_style"	"cursor"	FALSE	"NULL"	""
"add_variable"	"fit"	TRUE	""	""
"add_variable"	"..."	FALSE	""	""
"add_variable"	"vars"	FALSE	"NULL"	""
"add_variable"	"data"	FALSE	"NULL"	""
"ageAdjust"	"design"	TRUE	""	"design"
"ageAdjust"	"agecat"	FALSE	"NULL"	"agecat"
"ageAdjust"	"population"	FALSE	"NULL"	"population"
"ageAdjust"	"disease"	FALSE	"NULL"	"caculate for rate"
"ageAdjust"	"mean_var"	FALSE	"NULL"	"caculate for mean"
"ageAdjust"	"by"	FALSE	"NULL"	"by"
"ageAdjust"	"subset"	FALSE	"NULL"	"subset"
"aggregate_max"	"data"	TRUE	""	"data"
"aggregate_max"	"x"	TRUE	""	"x"
"aggregate_max"	"by"	TRUE	""	"by"
"aggregate_max"	"na.rm"	FALSE	"T"	"logical"
"aggregate_mean"	"data"	TRUE	""	"data"
"aggregate_mean"	"x"	TRUE	""	"x"
"aggregate_mean"	"by"	TRUE	""	"by"
"aggregate_mean"	"na.rm"	FALSE	"T"	"logical"
"aggregate_min"	"data"	TRUE	""	"data"
"aggregate_min"	"x"	TRUE	""	"x"
"aggregate_min"	"by"	TRUE	""	"by"
"aggregate_min"	"na.rm"	FALSE	"T"	"logical"
"aggregate_sum"	"data"	TRUE	""	"data"
"aggregate_sum"	"x"	TRUE	""	"x"
"aggregate_sum"	"by"	TRUE	""	"by"
"aggregate_sum"	"na.rm"	FALSE	"T"	"logical"
"aggregate2"	"data"	TRUE	""	""
"aggregate2"	"x"	TRUE	""	""
"aggregate2"	"by"	TRUE	""	""
"aggregate2"	"fun"	TRUE	""	""
"append<-"	"x"	TRUE	""	"vector"
"append<-"	"value"	TRUE	""	"value"
"attach_file"	"attach"	TRUE	""	""
"attach_read"	"file"	TRUE	""	""
"BA.i"	"d"	TRUE	""	""
"BA.i"	"biomarkers"	TRUE	""	""
"bind_col"	"df"	TRUE	""	"dataframe"
"bold_change"	"r"	TRUE	""	""
"browse_rxq_Rx"	"years"	TRUE	""	"years"
"bu"	"x"	TRUE	""	"numeric vevtor"
"bu"	"rule"	TRUE	""	"rules by frame or square"
"bu_above.equal"	"x"	TRUE	""	"contineous"
"bu_above.equal"	"n"	TRUE	""	"number of fraction"
"bu_lower.equal"	"x"	TRUE	""	"contineous"
"bu_lower.equal"	"n"	TRUE	""	"number of fraction"
"build_codebook"	"progress"	FALSE	"T"	"logical, whether to show progress"
"build_drug_data"	"years"	TRUE	""	""
"build_drug_search_data"	"years"	TRUE	""	""
"build_varLabel"	"progress"	FALSE	"TRUE"	"logical, whether to show progress"
"census_range"	"..."	FALSE	""	"one or tow number"
"census_range"	"sum"	FALSE	"FALSE"	"logical"
"census_range.2010"	"..."	FALSE	""	"one or tow number"
"census_range.2010"	"sum"	FALSE	"FALSE"	"logical"
"character2numeric"	"x"	TRUE	""	"vector"
"check1"	"x"	TRUE	""	"dataframe or svydesign"
"ci.no.by"	"design"	TRUE	""	""
"ci.no.by"	"x"	TRUE	""	""
"ci.no.by"	"round"	TRUE	""	""
"ci_by"	"data"	TRUE	""	""
"ci_by"	"x"	TRUE	""	""
"ci_by"	"by"	TRUE	""	""
"ci_by"	"round"	FALSE	"2"	""
"codebook_url"	"url"	TRUE	""	""
"codebook_url"	"file"	TRUE	""	""
"codebook_url"	"html"	TRUE	""	""
"coffee.1day"	"years"	TRUE	""	""
"coffee.1day"	"day"	FALSE	"1"	""
"coffee.1day"	"unit"	FALSE	"\"gram\""	""
"coffee.1day"	"caffeinate"	FALSE	"FALSE"	""
"coffee.1day"	"sweeten"	FALSE	"FALSE"	""
"coffee.1day"	"fat"	FALSE	"FALSE"	""
"coffee.1day"	"milk"	FALSE	"FALSE"	""
"coffee.1day"	"brewed"	FALSE	"FALSE"	""
"coffee.1day"	"cappuccino"	FALSE	"FALSE"	""
"coffee.1day"	"cuban"	FALSE	"FALSE"	""
"coffee.1day"	"espresso"	FALSE	"FALSE"	""
"coffee.1day"	"frappuccino"	FALSE	"FALSE"	""
"coffee.1day"	"latte"	FALSE	"FALSE"	""
"coffee.1day"	"macchiato"	FALSE	"FALSE"	""
"coffee.1day"	"mexican"	FALSE	"FALSE"	""
"coffee.1day"	"mocha"	FALSE	"FALSE"	""
"coffee.1day"	"turkish"	FALSE	"FALSE"	""
"coffee.1day"	"food.code"	FALSE	"NULL"	""
"coffee.food.code"	"years"	TRUE	""	""
"coffee.food.code"	"food.code"	FALSE	"NULL"	""
"col.counts"	"data"	TRUE	""	"dataframe"
"col.max"	"data"	TRUE	""	"dataframe"
"col.means"	"data"	TRUE	""	"dataframe"
"col.means"	"na.rm"	FALSE	"TRUE"	"logical"
"col.sums"	"data"	TRUE	""	"dataframe"
"col.sums"	"na.rm"	FALSE	"TRUE"	"logical"
"col_rename"	"data"	TRUE	""	"dataframe"
"col_rename"	"..."	FALSE	""	"one or more of A,B:C"
"col_rename<-"	"x"	TRUE	""	"dataframe"
"col_rename<-"	"value"	TRUE	""	"one or more of A:B"
"config_items"	"items"	TRUE	""	"items of 'NHANES' database. If items is missing, Demographics, Dietary, Examination, Laboratory and Questionnaire will be used."
"config_path"	"path"	TRUE	""	"path of 'NHANES' database"
"config_years"	"cat"	FALSE	"T"	""
"copy_with_structure"	"src_dir"	TRUE	""	""
"copy_with_structure"	"dest_dir"	TRUE	""	""
"create_db_dr.live.microbes"	"version"	FALSE	"1"	""
"create_db_sprint"	"version"	FALSE	"1"	""
"create_dex_CMI"	"version"	FALSE	"2"	""
"create_dex_LE8"	"version"	FALSE	"1"	""
"create_dex_SDoH"	"version"	FALSE	"1"	""
"create_diag_MASLD.cap"	"version"	FALSE	"2"	"1"
"create_diag_MASLD.FLI"	"version"	FALSE	"1"	""
"create_diag_MASLD.usFLI"	"version"	FALSE	"1"	""
"create_diag_smoke"	"version"	FALSE	"2"	""
"crude.Model.n"	"..."	FALSE	""	"one or more model"
"crude.Model.n"	"round"	FALSE	"2"	"round, default is 2"
"crude.Model.n"	"xlsx"	FALSE	"NULL"	"xlsx name"
"crude.Model.n"	"style"	FALSE	"1"	"shall be 1"
"crude.Model.n"	"character2integer"	FALSE	"TRUE"	"logical"
"crude.Model.n"	"quadratic"	FALSE	"FALSE"	"logical"
"crude.Model.n"	"browseXLSX"	FALSE	"TRUE"	"logical"
"cut_headtail"	"x"	TRUE	""	"dataframe or numeric vector"
"cut_headtail"	"col"	TRUE	""	"only for dataframe, one colname"
"cut_headtail"	"..."	FALSE	""	"one or two digital"
"cut_headtail"	"cat"	FALSE	"T"	"logical"
"cut_headtail.data.frame"	"x"	TRUE	""	""
"cut_headtail.data.frame"	"col"	TRUE	""	""
"cut_headtail.data.frame"	"..."	FALSE	""	""
"cut_headtail.data.frame"	"cat"	FALSE	"T"	""
"cut_headtail.numeric"	"x"	TRUE	""	""
"cut_headtail.numeric"	"col"	TRUE	""	""
"cut_headtail.numeric"	"..."	FALSE	""	""
"cut_headtail.numeric"	"cat"	FALSE	"T"	""
"d2db"	"d"	TRUE	""	""
"data_years"	"data"	TRUE	""	""
"data_years"	"years"	TRUE	""	""
"DataDist"	"..."	FALSE	""	"see datadistrms"
"DataDist"	"data"	TRUE	""	"see datadistrms"
"DataDist"	"q.display"	TRUE	""	"see datadistrms"
"DataDist"	"q.effect"	FALSE	"c(0.25, 0.75)"	"see datadistrms"
"DataDist"	"adjto.cat"	FALSE	"c(\"mode\", \"first\")"	"see datadistrms"
"DataDist"	"n.unique"	FALSE	"10"	"see datadistrms"
"db_Alcohol.drinks"	"data"	TRUE	""	"datar"
"db_Alcohol.drinks"	"years"	TRUE	""	"years"
"db_Alcohol.drinks"	"Year"	FALSE	"FALSE"	"logical"
"db_Alcohol.drinks"	"join"	FALSE	"\"left\""	"join"
"db_alpha.rb"	"data"	TRUE	""	"data"
"db_alpha.rb"	"join"	FALSE	"\"left\""	"join"
"db_alpha.rb"	"Year"	FALSE	"F"	"logical"
"db_alpha.rsv"	"data"	TRUE	""	"data"
"db_alpha.rsv"	"join"	FALSE	"\"left\""	"join"
"db_alpha.rsv"	"Year"	FALSE	"F"	"logical"
"db_aux"	"data"	TRUE	""	"data"
"db_aux"	"years"	TRUE	""	"years"
"db_aux"	"self_reported_better_ear"	FALSE	"FALSE"	"logical or character"
"db_aux"	"self_reported_better_ear2"	FALSE	"FALSE"	"logical or character"
"db_aux"	"excessive_cerumen_left_ear"	FALSE	"FALSE"	"logical or character"
"db_aux"	"impacted_cerumen_left_ear"	FALSE	"FALSE"	"logical or character"
"db_aux"	"otoscopy_left_ear"	FALSE	"FALSE"	"logical or character"
"db_aux"	"collapsing_ear_canals_left_ear"	FALSE	"FALSE"	"logical or character"
"db_aux"	"other_ear_exam_abnormality_left"	FALSE	"FALSE"	"logical or character"
"db_aux"	"normal_otoscopy_right_ear"	FALSE	"FALSE"	"logical or character"
"db_aux"	"excessive_cerumen_right_ear"	FALSE	"FALSE"	"logical or character"
"db_aux"	"impacted_cerumen_right_ear"	FALSE	"FALSE"	"logical or character"
"db_aux"	"collapsing_ear_canals_right_ear"	FALSE	"FALSE"	"logical or character"
"db_aux"	"comment_other_ear_exam_abnormality_right"	FALSE	"FALSE"	"logical or character"
"db_aux"	"tympanic_right_middle_ear_pressure_dapa"	FALSE	"FALSE"	"logical or character"
"db_aux"	"tympanic_right_physical_volume_cc"	FALSE	"FALSE"	"logical or character"
"db_aux"	"tympanic_right_width"	FALSE	"FALSE"	"logical or character"
"db_aux"	"tympanic_right_compliance"	FALSE	"FALSE"	"logical or character"
"db_aux"	"tympanic_left_middle_ear_pressure_dapa"	FALSE	"FALSE"	"logical or character"
"db_aux"	"tympanic_left_physical_volume_cc"	FALSE	"FALSE"	"logical or character"
"db_aux"	"tympanic_left_width"	FALSE	"FALSE"	"logical or character"
"db_aux"	"tympanic_left_compliance"	FALSE	"FALSE"	"logical or character"
"db_aux"	"which_ear_tested_first"	FALSE	"FALSE"	"logical or character"
"db_aux"	"audio_test_mode"	FALSE	"FALSE"	"logical or character"
"db_aux"	"frequency_switch_to_manual_mode_left"	FALSE	"FALSE"	"logical or character"
"db_aux"	"frequency_switch_to_manual_mode_right"	FALSE	"FALSE"	"logical or character"
"db_aux"	"right_threshold_1000hz_db"	FALSE	"FALSE"	"logical or character"
"db_aux"	"right_threshold_500hz_db"	FALSE	"FALSE"	"logical or character"
"db_aux"	"right_threshold_1000hz_2nd_read_db"	FALSE	"FALSE"	"logical or character"
"db_aux"	"right_threshold_2000hz_db"	FALSE	"FALSE"	"logical or character"
"db_aux"	"right_threshold_3000hz_db"	FALSE	"FALSE"	"logical or character"
"db_aux"	"right_threshold_4000hz_db"	FALSE	"FALSE"	"logical or character"
"db_aux"	"right_threshold_6000hz_db"	FALSE	"FALSE"	"logical or character"
"db_aux"	"right_threshold_8000hz_db"	FALSE	"FALSE"	"logical or character"
"db_aux"	"left_threshold_1000hz_db"	FALSE	"FALSE"	"logical or character"
"db_aux"	"left_threshold_500hz_db"	FALSE	"FALSE"	"logical or character"
"db_aux"	"left_threshold_1000hz_2nd_read_db"	FALSE	"FALSE"	"logical or character"
"db_aux"	"left_threshold_2000hz_db"	FALSE	"FALSE"	"logical or character"
"db_aux"	"left_threshold_3000hz_db"	FALSE	"FALSE"	"logical or character"
"db_aux"	"left_threshold_4000hz_db"	FALSE	"FALSE"	"logical or character"
"db_aux"	"left_threshold_6000hz_db"	FALSE	"FALSE"	"logical or character"
"db_aux"	"left_threshold_8000hz_db"	FALSE	"FALSE"	"logical or character"
"db_aux"	"right_retest_threshold_1000hz_db"	FALSE	"FALSE"	"logical or character"
"db_aux"	"right_retest_threshold_500hz_db"	FALSE	"FALSE"	"logical or character"
"db_aux"	"right_retest_threshold_1000hz_2nd_read"	FALSE	"FALSE"	"logical or character"
"db_aux"	"right_retest_threshold_2000hz_db"	FALSE	"FALSE"	"logical or character"
"db_aux"	"right_retest_threshold_3000hz_db"	FALSE	"FALSE"	"logical or character"
"db_aux"	"right_retest_threshold_4000hz_db"	FALSE	"FALSE"	"logical or character"
"db_aux"	"right_retest_threshold_6000hz_db"	FALSE	"FALSE"	"logical or character"
"db_aux"	"right_retest_threshold_8000hz_db"	FALSE	"FALSE"	"logical or character"
"db_aux"	"left_retest_threshold_1000hz_db"	FALSE	"FALSE"	"logical or character"
"db_aux"	"left_retest_threshold_500hz_db"	FALSE	"FALSE"	"logical or character"
"db_aux"	"left_retest_threshold_1000_2nd_read"	FALSE	"FALSE"	"logical or character"
"db_aux"	"left_retest_threshold_2000hz_db"	FALSE	"FALSE"	"logical or character"
"db_aux"	"left_retest_threshold_3000hz_db"	FALSE	"FALSE"	"logical or character"
"db_aux"	"left_retest_threshold_4000hz_db"	FALSE	"FALSE"	"logical or character"
"db_aux"	"left_retest_threshold_6000hz_db"	FALSE	"FALSE"	"logical or character"
"db_aux"	"left_retest_threshold_8000hz_db"	FALSE	"FALSE"	"logical or character"
"db_aux"	"left_ear_quality_code"	FALSE	"FALSE"	"logical or character"
"db_aux"	"right_ear_quality_code"	FALSE	"FALSE"	"logical or character"
"db_aux"	"tympanogram_type_right_ear"	FALSE	"FALSE"	"logical or character"
"db_aux"	"tympanogram_type_left_ear"	FALSE	"FALSE"	"logical or character"
"db_aux"	"weight"	FALSE	"FALSE"	"logical, aux_weight"
"db_aux"	"cat"	FALSE	"TRUE"	"logical"
"db_aux"	"Year"	FALSE	"FALSE"	"logical"
"db_aux"	"join"	FALSE	"\"left\""	"join"
"db_auxar1"	"data"	TRUE	""	"data"
"db_auxar1"	"years"	TRUE	""	"years"
"db_auxar1"	"left"	FALSE	"FALSE"	"logical"
"db_auxar1"	"right"	FALSE	"FALSE"	"logical"
"db_auxar1"	"khz1"	FALSE	"FALSE"	"logical"
"db_auxar1"	"khz2"	FALSE	"FALSE"	"logical"
"db_auxar1"	"right_1khz"	FALSE	"FALSE"	"logical"
"db_auxar1"	"right_2khz"	FALSE	"FALSE"	"logical"
"db_auxar1"	"left_1khz"	FALSE	"FALSE"	"logical"
"db_auxar1"	"left_2khz"	FALSE	"FALSE"	"logical"
"db_auxar1"	"weight"	FALSE	"FALSE"	"logical"
"db_auxar1"	"Year"	FALSE	"FALSE"	"logical"
"db_auxar1"	"join"	FALSE	"\"left\""	"join"
"db_auxar2"	"data"	TRUE	""	"data"
"db_auxar2"	"years"	TRUE	""	"years"
"db_auxar2"	"ear_tested"	FALSE	"FALSE"	"logical or character"
"db_auxar2"	"sound_stimulus_level"	FALSE	"FALSE"	"logical or character"
"db_auxar2"	"detected"	FALSE	"FALSE"	"logical or character"
"db_auxar2"	"time"	FALSE	"FALSE"	"logical"
"db_auxar2"	"compliance"	FALSE	"FALSE"	"logical"
"db_auxar2"	"Year"	FALSE	"FALSE"	"logical"
"db_auxar2"	"join"	FALSE	"\"left\""	"join"
"db_auxtym1"	"data"	TRUE	""	"data"
"db_auxtym1"	"years"	TRUE	""	"years"
"db_auxtym1"	"left"	FALSE	"FALSE"	"logical"
"db_auxtym1"	"right"	FALSE	"FALSE"	"logical"
"db_auxtym1"	"weight"	FALSE	"FALSE"	"logical"
"db_auxtym1"	"Year"	FALSE	"FALSE"	"logical"
"db_auxtym1"	"join"	FALSE	"\"left\""	"join"
"db_auxtym2"	"data"	TRUE	""	"data"
"db_auxtym2"	"years"	TRUE	""	"years"
"db_auxtym2"	"ear_tested"	FALSE	"FALSE"	"logical or character"
"db_auxtym2"	"pressure"	FALSE	"FALSE"	"logical"
"db_auxtym2"	"admittance"	FALSE	"FALSE"	"logical"
"db_auxtym2"	"Year"	FALSE	"FALSE"	"logical"
"db_auxtym2"	"join"	FALSE	"\"left\""	"join"
"db_auxwbr"	"data"	TRUE	""	"data"
"db_auxwbr"	"years"	TRUE	""	"years"
"db_auxwbr"	"ear_tested"	FALSE	"FALSE"	"logical or character"
"db_auxwbr"	"frequency"	FALSE	"FALSE"	"logical"
"db_auxwbr"	"absorbance"	FALSE	"FALSE"	"logical"
"db_auxwbr"	"Year"	FALSE	"FALSE"	"logical"
"db_auxwbr"	"join"	FALSE	"\"left\""	"join"
"db_beta.rsv.braycurtis"	"data"	TRUE	""	"data"
"db_beta.rsv.braycurtis"	"join"	FALSE	"\"left\""	"join"
"db_beta.rsv.braycurtis"	"Year"	FALSE	"F"	"logical"
"db_beta.rsv.unwunifrac"	"data"	TRUE	""	"data"
"db_beta.rsv.unwunifrac"	"join"	FALSE	"\"left\""	"join"
"db_beta.rsv.unwunifrac"	"Year"	FALSE	"F"	"logical"
"db_beta.rsv.wunifrac"	"data"	TRUE	""	"data"
"db_beta.rsv.wunifrac"	"join"	FALSE	"\"left\""	"join"
"db_beta.rsv.wunifrac"	"Year"	FALSE	"F"	"logical"
"db_blood.pressure"	"data"	TRUE	""	"data"
"db_blood.pressure"	"years"	TRUE	""	"years"
"db_blood.pressure"	"bpx"	FALSE	"TRUE"	"logical. Whether to keep blood pressure for 4 times"
"db_blood.pressure"	"dar"	FALSE	"TRUE"	"logical. whether to keep mean blood pressure"
"db_blood.pressure"	"n"	FALSE	"4"	""
"db_blood.pressure"	"Year"	FALSE	"FALSE"	"logical. whether to keep Year column"
"db_blood.pressure"	"join"	FALSE	"\"left\""	"join"
"db_bodyMeasure"	"data"	TRUE	""	"data"
"db_bodyMeasure"	"years"	TRUE	""	"years"
"db_bodyMeasure"	"head_circumference_cm"	TRUE	""	"head_circumference_cm"
"db_bodyMeasure"	"arm_circumference_cm"	TRUE	""	"arm_circumference_cm"
"db_bodyMeasure"	"upper_arm_length_cm"	TRUE	""	"upper_arm_length_cm"
"db_bodyMeasure"	"triceps_skinfold_mm"	TRUE	""	"triceps_skinfold_mm"
"db_bodyMeasure"	"subscapular_skinfold_mm"	TRUE	""	"subscapular_skinfold_mm"
"db_bodyMeasure"	"sagittal_abdominal_diameter_1st_cm"	TRUE	""	"sagittal_abdominal_diameter_1st_cm"
"db_bodyMeasure"	"sagittal_abdominal_diameter_2nd_cm"	TRUE	""	"sagittal_abdominal_diameter_2nd_cm"
"db_bodyMeasure"	"sagittal_abdominal_diameter_3rd_cm"	TRUE	""	"sagittal_abdominal_diameter_3rd_cm"
"db_bodyMeasure"	"sagittal_abdominal_diameter_4th_cm"	TRUE	""	"sagittal_abdominal_diameter_4th_cm"
"db_bodyMeasure"	"average_sagittal_abdominal_diameter_cm"	TRUE	""	"average_sagittal_abdominal_diameter_cm"
"db_bodyMeasure"	"waist_circumference_cm"	TRUE	""	"cm"
"db_bodyMeasure"	"hip_circumference_cm"	TRUE	""	"cm"
"db_bodyMeasure"	"thigh_circumference_cm"	TRUE	""	"thigh_circumference_cm"
"db_bodyMeasure"	"upper_leg_length_cm"	TRUE	""	"upper_leg_length_cm"
"db_bodyMeasure"	"maximal_calf_circumference_cm"	TRUE	""	"maximal_calf_circumference_cm"
"db_bodyMeasure"	"height_cm"	TRUE	""	"height cm"
"db_bodyMeasure"	"recumbent_length_cm"	TRUE	""	"recumbent length cm, both males and females 0 months -47 months"
"db_bodyMeasure"	"Weight_kg"	TRUE	""	"Weight (kg)"
"db_bodyMeasure"	"BMI_kg.m2"	TRUE	""	"Body Mass Index(kg/m**2)"
"db_bodyMeasure"	"BMI_Category_Children.Adolescents"	TRUE	""	"BMI_Category_Children.Adolescents"
"db_bodyMeasure"	"Year"	FALSE	"FALSE"	"logical"
"db_bodyMeasure"	"join"	FALSE	"\"left\""	"join"
"db_carotenoid"	"data"	TRUE	""	"data"
"db_carotenoid"	"years"	TRUE	""	"years"
"db_carotenoid"	"day"	FALSE	"1"	"1 or 2 or c(1,2)"
"db_carotenoid"	"both2days"	FALSE	"TRUE"	"logical"
"db_carotenoid"	"fun"	FALSE	"\"mean\""	"mean"
"db_carotenoid"	"all.5"	FALSE	"TRUE"	"logical. whether to use all 5 component"
"db_carotenoid"	"component"	FALSE	"FALSE"	"logical"
"db_carotenoid"	"ds"	FALSE	"TRUE"	"logical. whether diatery supplement should be included"
"db_carotenoid"	"Year"	FALSE	"FALSE"	"logical"
"db_carotenoid"	"join"	FALSE	"\"left\""	"join"
"db_cbc"	"data"	TRUE	""	"data"
"db_cbc"	"years"	TRUE	""	"years"
"db_cbc"	"wbc_1000cells.ul"	TRUE	""	"logical or name for variable"
"db_cbc"	"Lymphocyte_percent"	TRUE	""	"logical or name for variable"
"db_cbc"	"Monocyte_percent"	TRUE	""	"logical or name for variable"
"db_cbc"	"Segmented_neutrophils_percent"	TRUE	""	"logical or name for variable"
"db_cbc"	"Eosinophils_percent"	TRUE	""	"logical or name for variable"
"db_cbc"	"Basophils_percent"	TRUE	""	"logical or name for variable"
"db_cbc"	"lymphocyte_number_1000cells.ul"	TRUE	""	"logical or name for variable"
"db_cbc"	"Monocyte_number_1000cells.ul"	TRUE	""	"logical or name for variable"
"db_cbc"	"Segmented_neutrophils_number_1000cells.ul"	TRUE	""	"logical or name for variable"
"db_cbc"	"Eosinophils_number_1000cells.ul"	TRUE	""	"logical or name for variable"
"db_cbc"	"Basophils_number_1000cells.ul"	TRUE	""	"logical or name for variable"
"db_cbc"	"Red_blood_cell_count_MillionCells.uL"	TRUE	""	"logical or name for variable"
"db_cbc"	"hemoglobin_g.dl"	TRUE	""	"logical or name for variable"
"db_cbc"	"hematocrit"	TRUE	""	"logical or name for variable"
"db_cbc"	"Mean_cell_volume_fL"	TRUE	""	"logical or name for variable"
"db_cbc"	"Mean_cell_hemoglobin_pg"	TRUE	""	"logical or name for variable"
"db_cbc"	"Mean_cell_hemoglobin_concentration_g.dL"	TRUE	""	"logical or name for variable"
"db_cbc"	"Red_cell_distribution_width"	TRUE	""	"logical or name for variable"
"db_cbc"	"Platelet_count_1000cells.uL"	TRUE	""	"logical or name for variable"
"db_cbc"	"Mean_platelet_volume_fL"	TRUE	""	"logical or name for variable"
"db_cbc"	"Year"	FALSE	"FALSE"	"logical"
"db_cbc"	"join"	FALSE	"\"left\""	"join"
"db_cfq"	"data"	TRUE	""	"data"
"db_cfq"	"years"	TRUE	""	"years"
"db_cfq"	"all"	FALSE	"F"	"logical"
"db_cfq"	"cfq_status"	FALSE	"FALSE"	"logical or character"
"db_cfq"	"language"	FALSE	"FALSE"	"logical or character"
"db_cfq"	"cerad_completion_status"	FALSE	"FALSE"	"logical or character"
"db_cfq"	"cerad_reason_not_complete"	FALSE	"FALSE"	"logical or character"
"db_cfq"	"cerad_score_trial_1_recall"	FALSE	"FALSE"	"logical or character"
"db_cfq"	"cerad_score_trial_2_recall"	FALSE	"FALSE"	"logical or character"
"db_cfq"	"cerad_score_trial_3_recall"	FALSE	"FALSE"	"logical or character"
"db_cfq"	"cerad_score_delayed_recall"	FALSE	"FALSE"	"logical or character"
"db_cfq"	"cerad_intrusion_word_count_trial_1"	FALSE	"FALSE"	"logical or character"
"db_cfq"	"cerad_intrusion_word_count_trial_2"	FALSE	"FALSE"	"logical or character"
"db_cfq"	"cerad_intrusion_word_count_trial_3"	FALSE	"FALSE"	"logical or character"
"db_cfq"	"cerad_intrusion_word_count_recall"	FALSE	"FALSE"	"logical or character"
"db_cfq"	"animal_fluency_sample_practice_pretest"	FALSE	"FALSE"	"logical or character"
"db_cfq"	"animal_fluency_reason_not_done"	FALSE	"FALSE"	"logical or character"
"db_cfq"	"animal_fluency_score_total"	FALSE	"FALSE"	"logical or character"
"db_cfq"	"digit_symbol_sample_practice_pretest"	FALSE	"FALSE"	"logical or character"
"db_cfq"	"digit_symbol_reason_not_done"	FALSE	"FALSE"	"logical or character"
"db_cfq"	"digit_symbol_score"	FALSE	"FALSE"	"logical or character"
"db_cfq"	"Year"	FALSE	"FALSE"	"logical"
"db_cfq"	"join"	FALSE	"\"left\""	"join"
"db_coffee"	"data"	TRUE	""	"data"
"db_coffee"	"years"	TRUE	""	"years"
"db_coffee"	"day"	FALSE	"1"	"day=1 or day=2 or day=c(1,2)"
"db_coffee"	"fun"	FALSE	"c(\"mean\", \"alone\", \"sum\")"	"mean or alone or sum"
"db_coffee"	"both2days"	FALSE	"TRUE"	"logical"
"db_coffee"	"unit"	FALSE	"c(\"gram\", \"kcal\", \"cup\")"	"g or cup"
"db_coffee"	"caffeinate"	FALSE	"FALSE"	"logical"
"db_coffee"	"sweeten"	FALSE	"FALSE"	"logical"
"db_coffee"	"fat"	FALSE	"FALSE"	"logical"
"db_coffee"	"milk"	FALSE	"FALSE"	"logical"
"db_coffee"	"cappuccino"	FALSE	"FALSE"	"logical"
"db_coffee"	"cuban"	FALSE	"FALSE"	"logical"
"db_coffee"	"espresso"	FALSE	"FALSE"	"logical"
"db_coffee"	"frappuccino"	FALSE	"FALSE"	"logical"
"db_coffee"	"latte"	FALSE	"FALSE"	"logical"
"db_coffee"	"macchiato"	FALSE	"FALSE"	"logical"
"db_coffee"	"mexican"	FALSE	"FALSE"	"logical"
"db_coffee"	"mocha"	FALSE	"FALSE"	"logical"
"db_coffee"	"turkish"	FALSE	"FALSE"	"logical"
"db_coffee"	"Year"	FALSE	"FALSE"	"logical"
"db_coffee"	"join"	FALSE	"\"left\""	"join"
"db_coffee"	"food.code"	FALSE	"NULL"	"food code"
"db_coffee.time"	"data"	FALSE	"NULL"	"要追加的数据"
"db_coffee.time"	"years"	TRUE	""	"指定年份"
"db_coffee.time"	"day"	FALSE	"1"	"day 1 or day = 2 or day=c(1,2)"
"db_coffee.time"	"Year"	FALSE	"F"	""
"db_coffee.time"	"join"	FALSE	"\"left\""	"数据合并的方向，full，inner，left，right"
"db_demo"	"data"	TRUE	""	"data"
"db_demo"	"years"	TRUE	""	"years"
"db_demo"	"ageyr"	TRUE	""	"logical or variable name"
"db_demo"	"agemth"	TRUE	""	"logical or variable name"
"db_demo"	"sex"	TRUE	""	"logical or variable name"
"db_demo"	"eth1"	TRUE	""	"logical or variable name"
"db_demo"	"eth2"	TRUE	""	"logical or variable name"
"db_demo"	"eth3"	TRUE	""	"logical or variable name"
"db_demo"	"military"	TRUE	""	"logical or variable name"
"db_demo"	"country_of_birth"	TRUE	""	"logical or variable name"
"db_demo"	"citizenship"	TRUE	""	"logical or variable name"
"db_demo"	"time_in_US"	TRUE	""	"logical or variable name"
"db_demo"	"edu"	TRUE	""	"logical or variable name"
"db_demo"	"in_school"	TRUE	""	"logical or variable name"
"db_demo"	"marital"	TRUE	""	"logical or variable name"
"db_demo"	"household_size"	TRUE	""	"logical or variable name"
"db_demo"	"family_size"	TRUE	""	"logical or variable name"
"db_demo"	"annual_household_income"	TRUE	""	"logical or variable name"
"db_demo"	"annual_family_income"	TRUE	""	"logical or variable name"
"db_demo"	"poverty"	TRUE	""	"logical or variable name"
"db_demo"	"status"	TRUE	""	"logical"
"db_demo"	"exam_month"	TRUE	""	"logical"
"db_demo"	"wtint2yr"	TRUE	""	"logical or variable name"
"db_demo"	"wtint4yr"	TRUE	""	"logical or variable name"
"db_demo"	"wtmec2yr"	TRUE	""	"logical or variable name"
"db_demo"	"wtmec4yr"	TRUE	""	"logical or variable name"
"db_demo"	"psu_strat"	FALSE	"TRUE"	"logical"
"db_demo"	"Year"	FALSE	"FALSE"	"logical"
"db_demo"	"join"	FALSE	"\"left\""	"join"
"db_demo"	"lower_cd"	FALSE	"FALSE"	"logical"
"db_dnmepi"	"data"	TRUE	""	"data"
"db_dnmepi"	"all"	FALSE	"FALSE"	"logical"
"db_dnmepi"	"xy_estimation"	TRUE	""	"character or logical"
"db_dnmepi"	"horvathage"	TRUE	""	"character or logical"
"db_dnmepi"	"hannumage"	TRUE	""	"character or logical"
"db_dnmepi"	"skinbloodage"	TRUE	""	"character or logical"
"db_dnmepi"	"phenoage"	TRUE	""	"character or logical"
"db_dnmepi"	"gdf15mort"	TRUE	""	"character or logical"
"db_dnmepi"	"b2mmort"	TRUE	""	"character or logical"
"db_dnmepi"	"cystatincmort"	TRUE	""	"character or logical"
"db_dnmepi"	"timp1mort"	TRUE	""	"character or logical"
"db_dnmepi"	"admmort"	TRUE	""	"character or logical"
"db_dnmepi"	"pai1mort"	TRUE	""	"character or logical"
"db_dnmepi"	"leptinmort"	TRUE	""	"character or logical"
"db_dnmepi"	"packyrsmort"	TRUE	""	"character or logical"
"db_dnmepi"	"crpmort"	TRUE	""	"character or logical"
"db_dnmepi"	"loga1cmort"	TRUE	""	"character or logical"
"db_dnmepi"	"grimagemort"	TRUE	""	"character or logical"
"db_dnmepi"	"grimage2mort"	TRUE	""	"character or logical"
"db_dnmepi"	"horvathtelo"	TRUE	""	"character or logical"
"db_dnmepi"	"yangcell"	TRUE	""	"character or logical"
"db_dnmepi"	"zhangage"	TRUE	""	"character or logical"
"db_dnmepi"	"linage"	TRUE	""	"character or logical"
"db_dnmepi"	"weidnerage"	TRUE	""	"character or logical"
"db_dnmepi"	"vidalbraloage"	TRUE	""	"character or logical"
"db_dnmepi"	"dunedinpoam"	TRUE	""	"character or logical"
"db_dnmepi"	"cd8tpp"	TRUE	""	"character or logical"
"db_dnmepi"	"cd4tpp"	TRUE	""	"character or logical"
"db_dnmepi"	"nkcell"	TRUE	""	"character or logical"
"db_dnmepi"	"bcell"	TRUE	""	"character or logical"
"db_dnmepi"	"monopp"	TRUE	""	"character or logical"
"db_dnmepi"	"neupp"	TRUE	""	"character or logical"
"db_dnmepi"	"wtdn4yr"	TRUE	""	"character or logical"
"db_dnmepi"	"join"	FALSE	"\"left\""	"join"
"db_dr.alcoh.beverages"	"data"	TRUE	""	"要追加的数据"
"db_dr.alcoh.beverages"	"years"	TRUE	""	"要提取的年份"
"db_dr.alcoh.beverages"	"day"	FALSE	"1"	"day = 1 或者day=c(1,2)"
"db_dr.alcoh.beverages"	"kcal"	FALSE	"FALSE"	"逻辑值，是否提取以能量为单位的数据"
"db_dr.alcoh.beverages"	"grams"	FALSE	"FALSE"	"逻辑值，是否提取以克为单位的数据"
"db_dr.alcoh.beverages"	"Year"	FALSE	"FALSE"	"逻辑值，在最终的数据中是否保留Year列，默认为FASLE"
"db_dr.alcoh.beverages"	"join"	FALSE	"\"left\""	"当data不为空时，向data横向追加数据的方向，默认为left，也可以等于right, full, inner"
"db_dr.apple"	"data"	TRUE	""	"要追加的数据"
"db_dr.apple"	"years"	TRUE	""	"要提取的年份"
"db_dr.apple"	"day"	FALSE	"1"	"day = 1 或者day=c(1,2)"
"db_dr.apple"	"kcal"	FALSE	"FALSE"	"逻辑值，是否提取以能量为单位的数据"
"db_dr.apple"	"grams"	FALSE	"FALSE"	"逻辑值，是否提取以克为单位的数据"
"db_dr.apple"	"Year"	FALSE	"FALSE"	"逻辑值，在最终的数据中是否保留Year列，默认为FASLE"
"db_dr.apple"	"join"	FALSE	"\"left\""	"当data不为空时，向data横向追加数据的方向，默认为left，也可以等于right, full, inner"
"db_dr.bananas"	"data"	TRUE	""	"要追加的数据"
"db_dr.bananas"	"years"	TRUE	""	"要提取的年份"
"db_dr.bananas"	"day"	FALSE	"1"	"day = 1 或者day=c(1,2)"
"db_dr.bananas"	"kcal"	FALSE	"FALSE"	"逻辑值，是否提取以能量为单位的数据"
"db_dr.bananas"	"grams"	FALSE	"FALSE"	"逻辑值，是否提取以克为单位的数据"
"db_dr.bananas"	"Year"	FALSE	"FALSE"	"逻辑值，在最终的数据中是否保留Year列，默认为FASLE"
"db_dr.bananas"	"join"	FALSE	"\"left\""	"当data不为空时，向data横向追加数据的方向，默认为left，也可以等于right, full, inner"
"db_dr.fdcd"	"data"	TRUE	""	"data"
"db_dr.fdcd"	"years"	TRUE	""	"years"
"db_dr.fdcd"	"Year"	FALSE	"FALSE"	"logical"
"db_dr.fdcd"	"lower"	FALSE	"T"	""
"db_dr.iceCream"	"data"	TRUE	""	"要追加的数据"
"db_dr.iceCream"	"years"	TRUE	""	"要提取的年份"
"db_dr.iceCream"	"day"	FALSE	"1"	"day = 1 或者day=c(1,2)"
"db_dr.iceCream"	"kcal"	FALSE	"FALSE"	"逻辑值，是否提取以能量为单位的数据"
"db_dr.iceCream"	"grams"	FALSE	"FALSE"	"逻辑值，是否提取以克为单位的数据"
"db_dr.iceCream"	"Year"	FALSE	"FALSE"	"逻辑值，在最终的数据中是否保留Year列，默认为FASLE"
"db_dr.iceCream"	"join"	FALSE	"\"left\""	"当data不为空时，向data横向追加数据的方向，默认为left，也可以等于right, full, inner"
"db_dr.live.microbes"	"data"	TRUE	""	"data"
"db_dr.live.microbes"	"years"	TRUE	""	""
"db_dr.live.microbes"	"grams_Lo"	TRUE	""	"character or logical"
"db_dr.live.microbes"	"grams_Med"	TRUE	""	"character or logical"
"db_dr.live.microbes"	"grams_Hi"	TRUE	""	"character or logical"
"db_dr.live.microbes"	"Year"	TRUE	""	"character or logical"
"db_dr.live.microbes"	"join"	FALSE	"\"left\""	"join"
"db_dr.milk"	"data"	TRUE	""	"要追加的数据"
"db_dr.milk"	"years"	TRUE	""	"要提取的年份"
"db_dr.milk"	"day"	FALSE	"1"	"day = 1 或者day=c(1,2)"
"db_dr.milk"	"kcal"	FALSE	"FALSE"	"等于TRUE，提取以能量为单位的数据"
"db_dr.milk"	"grams"	FALSE	"FALSE"	"等于TRUE，提取以克为单位的数据"
"db_dr.milk"	"Year"	FALSE	"FALSE"	"逻辑值，在最终的数据中是否保留Year列，默认为FASLE"
"db_dr.milk"	"join"	FALSE	"\"left\""	"当data不为空时，向data横向追加数据的方向，默认为left，也可以等于right, full, inner"
"db_dr.nuts"	"data"	TRUE	""	"要追加的数据"
"db_dr.nuts"	"years"	TRUE	""	"要提取的年份"
"db_dr.nuts"	"day"	FALSE	"1"	"day = 1 或者day=c(1,2)"
"db_dr.nuts"	"kcal"	FALSE	"FALSE"	"逻辑值，是否提取以能量为单位的数据"
"db_dr.nuts"	"grams"	FALSE	"FALSE"	"逻辑值，是否提取以克为单位的数据"
"db_dr.nuts"	"Year"	FALSE	"FALSE"	"逻辑值，在最终的数据中是否保留Year列，默认为FASLE"
"db_dr.nuts"	"join"	FALSE	"\"left\""	"当data不为空时，向data横向追加数据的方向，默认为left，也可以等于right, full, inner"
"db_dr.ProcessedMeat"	"data"	TRUE	""	"要合并的数据"
"db_dr.ProcessedMeat"	"all"	FALSE	"FALSE"	"是否提取所有数据"
"db_dr.ProcessedMeat"	"years"	TRUE	""	"提取年份，从2007年开始"
"db_dr.ProcessedMeat"	"day"	FALSE	"1"	"day=1，或者day=c(1,2)，day为两天时，取2天的均值"
"db_dr.ProcessedMeat"	"Year"	FALSE	"F"	"是否保留Year列"
"db_dr.ProcessedMeat"	"pf_meat"	TRUE	""	"未加工的肉，包括未加工的红肉，如牛肉、小牛肉、猪肉、羊肉、野味肉类。不包括内脏肉和腌制肉类"
"db_dr.ProcessedMeat"	"pf_curedmeat"	TRUE	""	"总腌制肉类"
"db_dr.ProcessedMeat"	"cured_redmeat"	TRUE	""	"腌制红肉，从pf_curedmeat中拆分出来的加工红肉，指通过烟熏、腌制、加盐和/或添加化学防腐剂保存的红肉。"
"db_dr.ProcessedMeat"	"total_redmeat"	TRUE	""	"总红肉，未加工红肉和加工红肉的总和。"
"db_dr.ProcessedMeat"	"pf_poult"	TRUE	""	"未加工的禽肉，如鸡、火鸡、科尼什鸡、鸭、鹅、鹌鹑、野鸡（野禽类）。不包括内脏肉和腌制肉类。"
"db_dr.ProcessedMeat"	"unproc_poultry"	TRUE	""	"未加工禽肉，去掉了鸡块、鸡饼和鸡排部分，包含鸡、火鸡、科尼什鸡、鸭、鹅、鹌鹑、野鸡。不包括内脏肉、腌制肉类以及鸡块、鸡饼、鸡排。"
"db_dr.ProcessedMeat"	"cured_poultry"	TRUE	""	"腌制禽肉，从pf_curedmeat中拆分出来的加工禽肉，指通过烟熏、腌制、加盐和/或添加化学防腐剂保存的禽肉。"
"db_dr.ProcessedMeat"	"nug_pat_fil"	TRUE	""	"鸡块、鸡饼和鸡排。"
"db_dr.ProcessedMeat"	"total_proc_poultry"	TRUE	""	"总加工禽肉，包含鸡肉饼、鸡块和鸡条。"
"db_dr.ProcessedMeat"	"total_poultry"	TRUE	""	"未加工禽肉和加工禽肉的总和，包括鸡块、鸡饼和鸡排。"
"db_dr.ProcessedMeat"	"red_and_cured_1"	TRUE	""	"未加工红肉与加工红肉及加工禽肉的组合。"
"db_dr.ProcessedMeat"	"red_and_processed_2"	TRUE	""	"未加工红肉、加工红肉、加工禽肉以及鸡块、鸡饼和鸡排的组合。"
"db_dr.ProcessedMeat"	"join"	FALSE	"\"left\""	"join"
"db_dr.ssb"	"data"	TRUE	""	"要追加的数据"
"db_dr.ssb"	"years"	TRUE	""	"要提取的年份"
"db_dr.ssb"	"day"	FALSE	"1"	"day = 1 或者day=c(1,2)"
"db_dr.ssb"	"kcal"	FALSE	"F"	"逻辑值，是否提取以能量为单位的数据"
"db_dr.ssb"	"grams"	FALSE	"F"	"逻辑值，是否提取以克为单位的数据"
"db_dr.ssb"	"Year"	FALSE	"FALSE"	"逻辑值"
"db_dr.ssb"	"join"	FALSE	"\"left\""	"数据追加的方式"
"db_driff"	"data"	TRUE	""	"data"
"db_driff"	"years"	TRUE	""	"years"
"db_driff"	"day"	FALSE	"1"	"1 or 2 or c(1,2)"
"db_driff"	"both2days"	FALSE	"FALSE"	"logical"
"db_driff"	"fun"	FALSE	"\"mean\""	"mean or sum or alone"
"db_driff"	"NA20"	FALSE	"F"	""
"db_driff"	"wtdrd1"	FALSE	"FALSE"	"characer or logical"
"db_driff"	"wtdr2d"	FALSE	"FALSE"	"characer or logical"
"db_driff"	"wtdr4yr"	FALSE	"FALSE"	"characer or logical"
"db_driff"	"rstz"	FALSE	"FALSE"	"characer or logical"
"db_driff"	"breast_fed_infant"	FALSE	"FALSE"	"characer or logical"
"db_driff"	"day_of_week"	FALSE	"FALSE"	"characer or logical"
"db_driff"	"combination_food_number"	FALSE	"FALSE"	"characer or logical"
"db_driff"	"combination_food_type"	FALSE	"FALSE"	"characer or logical"
"db_driff"	"time_of_eating_occasion_hh.mm"	FALSE	"FALSE"	"characer or logical"
"db_driff"	"meal_name"	FALSE	"FALSE"	"characer or logical"
"db_driff"	"source_of_food"	FALSE	"FALSE"	"characer or logical"
"db_driff"	"eaten_at_home"	FALSE	"FALSE"	"characer or logical"
"db_driff"	"grams"	FALSE	"FALSE"	"characer or logical"
"db_driff"	"energy_kcal"	FALSE	"FALSE"	"characer or logical"
"db_driff"	"protein_g"	FALSE	"FALSE"	"characer or logical"
"db_driff"	"carbohydrate_g"	FALSE	"FALSE"	"characer or logical"
"db_driff"	"total_sugars_g"	FALSE	"FALSE"	"characer or logical"
"db_driff"	"dietary_fiber_g"	FALSE	"FALSE"	"characer or logical"
"db_driff"	"total_fat_g"	FALSE	"FALSE"	"characer or logical"
"db_driff"	"total_sfat_g"	FALSE	"FALSE"	"characer or logical"
"db_driff"	"total_mfat_g"	FALSE	"FALSE"	"characer or logical"
"db_driff"	"total_pfat_g"	FALSE	"FALSE"	"characer or logical"
"db_driff"	"cholesterol_mg"	FALSE	"FALSE"	"characer or logical"
"db_driff"	"vitamin_E_as_alpha_tocopherol_mg"	FALSE	"FALSE"	"characer or logical"
"db_driff"	"added_alpha_tocopherol_vitamin_E_mg"	FALSE	"FALSE"	"characer or logical"
"db_driff"	"retinol_mcg"	FALSE	"FALSE"	"characer or logical"
"db_driff"	"vitamin_A_rae_mcg"	FALSE	"FALSE"	"characer or logical"
"db_driff"	"alpha_carotene_mcg"	FALSE	"FALSE"	"characer or logical"
"db_driff"	"beta_carotene_mcg"	FALSE	"FALSE"	"characer or logical"
"db_driff"	"beta_cryptoxanthin_mcg"	FALSE	"FALSE"	"characer or logical"
"db_driff"	"lycopene_mcg"	FALSE	"FALSE"	"characer or logical"
"db_driff"	"lutein_zeaxanthin_mcg"	FALSE	"FALSE"	"characer or logical"
"db_driff"	"thiamin_vitamin_B1_mg"	FALSE	"FALSE"	"characer or logical"
"db_driff"	"riboflavin_vitamin_B2_mg"	FALSE	"FALSE"	"characer or logical"
"db_driff"	"niacin_mg"	FALSE	"FALSE"	"characer or logical"
"db_driff"	"vitamin_B6_mg"	FALSE	"FALSE"	"characer or logical"
"db_driff"	"total_folate_mcg"	FALSE	"FALSE"	"characer or logical"
"db_driff"	"folic_acid_mcg"	FALSE	"FALSE"	"characer or logical"
"db_driff"	"food_folate_mcg"	FALSE	"FALSE"	"characer or logical"
"db_driff"	"folate_dfe_mcg"	FALSE	"FALSE"	"characer or logical"
"db_driff"	"vitamin_B12_mcg"	FALSE	"FALSE"	"characer or logical"
"db_driff"	"added_vitamin_B12_mcg"	FALSE	"FALSE"	"characer or logical"
"db_driff"	"vitamin_C_mg"	FALSE	"FALSE"	"characer or logical"
"db_driff"	"vitamin_K_mcg"	FALSE	"FALSE"	"characer or logical"
"db_driff"	"calcium_mg"	FALSE	"FALSE"	"characer or logical"
"db_driff"	"phosphorus_mg"	FALSE	"FALSE"	"characer or logical"
"db_driff"	"magnesium_mg"	FALSE	"FALSE"	"characer or logical"
"db_driff"	"iron_mg"	FALSE	"FALSE"	"characer or logical"
"db_driff"	"zinc_mg"	FALSE	"FALSE"	"characer or logical"
"db_driff"	"copper_mg"	FALSE	"FALSE"	"characer or logical"
"db_driff"	"sodium_mg"	FALSE	"FALSE"	"characer or logical"
"db_driff"	"potassium_mg"	FALSE	"FALSE"	"characer or logical"
"db_driff"	"selenium_mcg"	FALSE	"FALSE"	"characer or logical"
"db_driff"	"caffeine_mg"	FALSE	"FALSE"	"characer or logical"
"db_driff"	"theobromine_mg"	FALSE	"FALSE"	"characer or logical"
"db_driff"	"alcohol_g"	FALSE	"FALSE"	"characer or logical"
"db_driff"	"moisture_g"	FALSE	"FALSE"	"characer or logical"
"db_driff"	"sfa_4.0_butanoic_g"	FALSE	"FALSE"	"characer or logical"
"db_driff"	"sfa_6.0_hexanoic_g"	FALSE	"FALSE"	"characer or logical"
"db_driff"	"sfa_8.0_octanoic_g"	FALSE	"FALSE"	"characer or logical"
"db_driff"	"sfa_10.0_decanoic_g"	FALSE	"FALSE"	"characer or logical"
"db_driff"	"sfa_12.0_dodecanoic_g"	FALSE	"FALSE"	"characer or logical"
"db_driff"	"sfa_14.0_tetradecanoic_g"	FALSE	"FALSE"	"characer or logical"
"db_driff"	"sfa_16.0_hexadecanoic_g"	FALSE	"FALSE"	"characer or logical"
"db_driff"	"sfa_18.0_octadecanoic_g"	FALSE	"FALSE"	"characer or logical"
"db_driff"	"mfa_16.1_hexadecenoic_g"	FALSE	"FALSE"	"characer or logical"
"db_driff"	"mfa_18.1_octadecenoic_g"	FALSE	"FALSE"	"characer or logical"
"db_driff"	"mfa_20.1_eicosenoic_g"	FALSE	"FALSE"	"characer or logical"
"db_driff"	"mfa_22.1_docosenoic_g"	FALSE	"FALSE"	"characer or logical"
"db_driff"	"pfa_18.2_octadecadienoic_g"	FALSE	"FALSE"	"characer or logical"
"db_driff"	"pfa_18.3_octadecatrienoic_g"	FALSE	"FALSE"	"characer or logical"
"db_driff"	"pfa_18.4_octadecatetraenoic_g"	FALSE	"FALSE"	"characer or logical"
"db_driff"	"pfa_20.4_eicosatetraenoic_g"	FALSE	"FALSE"	"characer or logical"
"db_driff"	"pfa_20.5_eicosapentaenoic_g"	FALSE	"FALSE"	"characer or logical"
"db_driff"	"pfa_22.5_docosapentaenoic_g"	FALSE	"FALSE"	"characer or logical"
"db_driff"	"pfa_22.6_docosahexaenoic_g"	FALSE	"FALSE"	"characer or logical"
"db_driff"	"total_choline_mg"	FALSE	"FALSE"	"characer or logical"
"db_driff"	"number_of_days"	FALSE	"FALSE"	"characer or logical"
"db_driff"	"vitamin_D_d2_d3_mcg"	FALSE	"FALSE"	"characer or logical"
"db_driff"	"Year"	FALSE	"FALSE"	"logical"
"db_driff"	"join"	FALSE	"\"left\""	"join"
"db_driff"	"group_sum"	FALSE	"FALSE"	""
"db_drtot"	"data"	TRUE	""	"data"
"db_drtot"	"years"	TRUE	""	"years"
"db_drtot"	"day"	FALSE	"1"	"day =1 or day = 2 or day = c(1,2)(default)"
"db_drtot"	"fun"	FALSE	"c(\"mean\", \"sum\", \"alone\")"	"sum or mean or alone, works when day=c(1,2)"
"db_drtot"	"wtdrd1"	FALSE	"FALSE"	"logical or variable name"
"db_drtot"	"wtdr4yr"	FALSE	"FALSE"	"logical or variable name"
"db_drtot"	"wtdr2d"	FALSE	"FALSE"	"logical or variable name"
"db_drtot"	"rstz"	FALSE	"FALSE"	"logical or variable name"
"db_drtot"	"breast_fed_infant"	FALSE	"FALSE"	"logical or variable name"
"db_drtot"	"day_of_week"	FALSE	"FALSE"	"logical or variable name"
"db_drtot"	"foods_number"	FALSE	"FALSE"	"logical or variable name"
"db_drtot"	"diet_on_special"	FALSE	"FALSE"	"logical or variable name"
"db_drtot"	"diet_wllh"	FALSE	"FALSE"	"logical or variable name"
"db_drtot"	"diet_lowfat"	FALSE	"FALSE"	"logical or variable name"
"db_drtot"	"diet_lowsalt"	FALSE	"FALSE"	"logical or variable name"
"db_drtot"	"diet_lowsugar"	FALSE	"FALSE"	"logical or variable name"
"db_drtot"	"diet_lowfiber"	FALSE	"FALSE"	"logical or variable name"
"db_drtot"	"diet_highfiber"	FALSE	"FALSE"	"logical or variable name"
"db_drtot"	"diet_diabetic"	FALSE	"FALSE"	"logical or variable name"
"db_drtot"	"diet_weightgain"	FALSE	"FALSE"	"logical or variable name"
"db_drtot"	"diet_lowcarbohydrate"	FALSE	"FALSE"	"logical or variable name"
"db_drtot"	"diet_highprotein"	FALSE	"FALSE"	"logical or variable name"
"db_drtot"	"diet_glutenfree"	FALSE	"FALSE"	"logical or variable name"
"db_drtot"	"diet_kidney"	FALSE	"FALSE"	"logical or variable name"
"db_drtot"	"diet_otherspecial"	FALSE	"FALSE"	"logical or variable name"
"db_drtot"	"energy_kcal"	FALSE	"FALSE"	"logical or character"
"db_drtot"	"protein_g"	FALSE	"FALSE"	"logical or character"
"db_drtot"	"carbohydrate_g"	FALSE	"FALSE"	"logical or character"
"db_drtot"	"total_sugars_g"	FALSE	"FALSE"	"logical or character"
"db_drtot"	"dietary_fiber_g"	FALSE	"FALSE"	"logical or character"
"db_drtot"	"total_fat_g"	FALSE	"FALSE"	"logical or character"
"db_drtot"	"total_sfat_g"	FALSE	"FALSE"	"logical or character"
"db_drtot"	"total_mfat_g"	FALSE	"FALSE"	"logical or character"
"db_drtot"	"total_pfat_g"	FALSE	"FALSE"	"logical or character"
"db_drtot"	"cholesterol_mg"	FALSE	"FALSE"	"logical or character"
"db_drtot"	"vitamin_A_rae_mcg"	FALSE	"FALSE"	"logical or character"
"db_drtot"	"retinol_mcg"	FALSE	"FALSE"	"logical or character"
"db_drtot"	"carotene_re.1999"	FALSE	"FALSE"	"logical or character"
"db_drtot"	"alpha_carotene_mcg"	FALSE	"FALSE"	"logical or character"
"db_drtot"	"beta_carotene_mcg"	FALSE	"FALSE"	"logical or character"
"db_drtot"	"beta_cryptoxanthin_mcg"	FALSE	"FALSE"	"logical or character"
"db_drtot"	"lycopene_mcg"	FALSE	"FALSE"	"logical or character"
"db_drtot"	"lutein_zeaxanthin_mcg"	FALSE	"FALSE"	"logical or character"
"db_drtot"	"thiamin_vitamin_B1_mg"	FALSE	"FALSE"	"logical or character"
"db_drtot"	"riboflavin_vitamin_B2_mg"	FALSE	"FALSE"	"logical or character"
"db_drtot"	"niacin_mg"	FALSE	"FALSE"	"logical or character"
"db_drtot"	"vitamin_B6_mg"	FALSE	"FALSE"	"logical or character"
"db_drtot"	"total_folate_mcg"	FALSE	"FALSE"	"logical or character"
"db_drtot"	"folic_acid_mcg"	FALSE	"FALSE"	"logical or character"
"db_drtot"	"food_folate_mcg"	FALSE	"FALSE"	"logical or character"
"db_drtot"	"folate_dfe_mcg"	FALSE	"FALSE"	"logical or character"
"db_drtot"	"total_choline_mg"	FALSE	"FALSE"	"logical or character"
"db_drtot"	"vitamin_B12_mcg"	FALSE	"FALSE"	"logical or character"
"db_drtot"	"added_vitamin_B12_mcg"	FALSE	"FALSE"	"logical or character"
"db_drtot"	"vitamin_C_mg"	FALSE	"FALSE"	"logical or character"
"db_drtot"	"vitamin_D_d2_d3_mcg"	FALSE	"FALSE"	"logical or character"
"db_drtot"	"vitamin_E_as_alpha_tocopherol_mg"	FALSE	"FALSE"	"logical or character"
"db_drtot"	"added_alpha_tocopherol_vitamin_E_mg"	FALSE	"FALSE"	"logical or character"
"db_drtot"	"vitamin_K_mcg"	FALSE	"FALSE"	"logical or character"
"db_drtot"	"calcium_mg"	FALSE	"FALSE"	"logical or character"
"db_drtot"	"phosphorus_mg"	FALSE	"FALSE"	"logical or character"
"db_drtot"	"magnesium_mg"	FALSE	"FALSE"	"logical or character"
"db_drtot"	"iron_mg"	FALSE	"FALSE"	"logical or character"
"db_drtot"	"zinc_mg"	FALSE	"FALSE"	"logical or character"
"db_drtot"	"copper_mg"	FALSE	"FALSE"	"logical or character"
"db_drtot"	"sodium_mg"	FALSE	"FALSE"	"logical or character"
"db_drtot"	"potassium_mg"	FALSE	"FALSE"	"logical or character"
"db_drtot"	"selenium_mcg"	FALSE	"FALSE"	"logical or character"
"db_drtot"	"caffeine_mg"	FALSE	"FALSE"	"logical or character"
"db_drtot"	"theobromine_mg"	FALSE	"FALSE"	"logical or character"
"db_drtot"	"alcohol_g"	FALSE	"FALSE"	"logical or character"
"db_drtot"	"moisture_g"	FALSE	"FALSE"	"logical or character"
"db_drtot"	"sfa_4.0_butanoic_g"	FALSE	"FALSE"	"logical or character"
"db_drtot"	"sfa_6.0_hexanoic_g"	FALSE	"FALSE"	"logical or character"
"db_drtot"	"sfa_8.0_g"	FALSE	"FALSE"	""
"db_drtot"	"sfa_10.0_g"	FALSE	"FALSE"	""
"db_drtot"	"sfa_12.0_g"	FALSE	"FALSE"	""
"db_drtot"	"sfa_14.0_g"	FALSE	"FALSE"	""
"db_drtot"	"sfa_16.0_g"	FALSE	"FALSE"	""
"db_drtot"	"sfa_18.0_g"	FALSE	"FALSE"	""
"db_drtot"	"mfa_16.1_g"	FALSE	"FALSE"	""
"db_drtot"	"mfa_18.1_g"	FALSE	"FALSE"	""
"db_drtot"	"mfa_20.1_g"	FALSE	"FALSE"	""
"db_drtot"	"mfa_22.1_g"	FALSE	"FALSE"	""
"db_drtot"	"pfa_18.2_g"	FALSE	"FALSE"	""
"db_drtot"	"pfa_18.3_g"	FALSE	"FALSE"	""
"db_drtot"	"pfa_18.4_g"	FALSE	"FALSE"	""
"db_drtot"	"pfa_20.4_g"	FALSE	"FALSE"	""
"db_drtot"	"pfa_20.5_g"	FALSE	"FALSE"	""
"db_drtot"	"pfa_22.5_g"	FALSE	"FALSE"	""
"db_drtot"	"pfa_22.6_g"	FALSE	"FALSE"	""
"db_drtot"	"compare_to_usual"	FALSE	"FALSE"	"logical or variable name"
"db_drtot"	"water_total_plain_g"	FALSE	"FALSE"	"logical or character"
"db_drtot"	"water_total_tap_g"	FALSE	"FALSE"	"logical or character"
"db_drtot"	"water_total_bottled_g"	FALSE	"FALSE"	"logical or character"
"db_drtot"	"water_plain_carbonated_g"	FALSE	"FALSE"	"logical or character"
"db_drtot"	"water_tap_source"	FALSE	"FALSE"	"logical or variable name"
"db_drtot"	"salt_type"	FALSE	"FALSE"	"logical or variable name"
"db_drtot"	"salt_added_frequency"	FALSE	"FALSE"	"logical or variable name"
"db_drtot"	"salt_used_in_preparation"	FALSE	"FALSE"	"logical or variable name"
"db_drtot"	"salt_used_at_table_yesterday"	FALSE	"FALSE"	"logical or variable name"
"db_drtot"	"shellfish"	FALSE	"FALSE"	"logical or variable name"
"db_drtot"	"clams"	FALSE	"FALSE"	"logical or variable name"
"db_drtot"	"clams_times"	FALSE	"FALSE"	"logical or variable name"
"db_drtot"	"crabs"	FALSE	"FALSE"	"logical or variable name"
"db_drtot"	"crabs_times"	FALSE	"FALSE"	"logical or variable name"
"db_drtot"	"crayfish"	FALSE	"FALSE"	"logical or variable name"
"db_drtot"	"crayfish_times"	FALSE	"FALSE"	"logical or variable name"
"db_drtot"	"lobsters"	FALSE	"FALSE"	"logical or variable name"
"db_drtot"	"lobsters_times"	FALSE	"FALSE"	"logical or variable name"
"db_drtot"	"mussels"	FALSE	"FALSE"	"logical or variable name"
"db_drtot"	"mussels_times"	FALSE	"FALSE"	"logical or variable name"
"db_drtot"	"oysters"	FALSE	"FALSE"	"logical or variable name"
"db_drtot"	"oysters_times"	FALSE	"FALSE"	"logical or variable name"
"db_drtot"	"scallops"	FALSE	"FALSE"	"logical or variable name"
"db_drtot"	"scallops_times"	FALSE	"FALSE"	"logical or variable name"
"db_drtot"	"shrimp"	FALSE	"FALSE"	"logical or variable name"
"db_drtot"	"shrimp_times"	FALSE	"FALSE"	"logical or variable name"
"db_drtot"	"other_shellfish"	FALSE	"FALSE"	"logical or variable name"
"db_drtot"	"other_shellfish_times"	FALSE	"FALSE"	"logical or variable name"
"db_drtot"	"unknown_shellfish"	FALSE	"FALSE"	"logical or variable name"
"db_drtot"	"unknown_shellfish_times"	FALSE	"FALSE"	"logical or variable name"
"db_drtot"	"refused_shellfish"	FALSE	"FALSE"	"logical or variable name"
"db_drtot"	"fish"	FALSE	"FALSE"	"logical or variable name"
"db_drtot"	"breaded_fish"	FALSE	"FALSE"	"logical or variable name"
"db_drtot"	"breaded_fish_times"	FALSE	"FALSE"	"logical or variable name"
"db_drtot"	"tuna"	FALSE	"FALSE"	"logical or variable name"
"db_drtot"	"tuna_times"	FALSE	"FALSE"	"logical or variable name"
"db_drtot"	"bass"	FALSE	"FALSE"	"logical or variable name"
"db_drtot"	"bass_times"	FALSE	"FALSE"	"logical or variable name"
"db_drtot"	"catfish"	FALSE	"FALSE"	"logical or variable name"
"db_drtot"	"catfish_times"	FALSE	"FALSE"	"logical or variable name"
"db_drtot"	"cod"	FALSE	"FALSE"	"logical or variable name"
"db_drtot"	"cod_times"	FALSE	"FALSE"	"logical or variable name"
"db_drtot"	"flatfish"	FALSE	"FALSE"	"logical or variable name"
"db_drtot"	"flatfish_times"	FALSE	"FALSE"	"logical or variable name"
"db_drtot"	"haddock"	FALSE	"FALSE"	"logical or variable name"
"db_drtot"	"haddock_times"	FALSE	"FALSE"	"logical or variable name"
"db_drtot"	"mackerel"	FALSE	"FALSE"	"logical or variable name"
"db_drtot"	"mackerel_times"	FALSE	"FALSE"	"logical or variable name"
"db_drtot"	"perch"	FALSE	"FALSE"	"logical or variable name"
"db_drtot"	"perch_times"	FALSE	"FALSE"	"logical or variable name"
"db_drtot"	"pike"	FALSE	"FALSE"	"logical or variable name"
"db_drtot"	"pike_times"	FALSE	"FALSE"	"logical or variable name"
"db_drtot"	"pollock"	FALSE	"FALSE"	"logical or variable name"
"db_drtot"	"pollock_times"	FALSE	"FALSE"	"logical or variable name"
"db_drtot"	"porgy"	FALSE	"FALSE"	"logical or variable name"
"db_drtot"	"porgy_times"	FALSE	"FALSE"	"logical or variable name"
"db_drtot"	"salmon"	FALSE	"FALSE"	"logical or variable name"
"db_drtot"	"salmon_times"	FALSE	"FALSE"	"logical or variable name"
"db_drtot"	"sardines"	FALSE	"FALSE"	"logical or variable name"
"db_drtot"	"sardines_times"	FALSE	"FALSE"	"logical or variable name"
"db_drtot"	"sea_bass"	FALSE	"FALSE"	"logical or variable name"
"db_drtot"	"sea_bass_times"	FALSE	"FALSE"	"logical or variable name"
"db_drtot"	"shark"	FALSE	"FALSE"	"logical or variable name"
"db_drtot"	"shark_times"	FALSE	"FALSE"	"logical or variable name"
"db_drtot"	"swordfish"	FALSE	"FALSE"	"logical or variable name"
"db_drtot"	"swordfish_times"	FALSE	"FALSE"	"logical or variable name"
"db_drtot"	"trout"	FALSE	"FALSE"	"logical or variable name"
"db_drtot"	"trout_times"	FALSE	"FALSE"	"logical or variable name"
"db_drtot"	"walleye"	FALSE	"FALSE"	"logical or variable name"
"db_drtot"	"walleye_times"	FALSE	"FALSE"	"logical or variable name"
"db_drtot"	"other_fish"	FALSE	"FALSE"	"logical or variable name"
"db_drtot"	"other_fish_times"	FALSE	"FALSE"	"logical or variable name"
"db_drtot"	"unknown_fish"	FALSE	"FALSE"	"logical or variable name"
"db_drtot"	"unknown_fish_times"	FALSE	"FALSE"	"logical or variable name"
"db_drtot"	"refused_fish"	FALSE	"FALSE"	"logical or variable name"
"db_drtot"	"Year"	FALSE	"FALSE"	"logical"
"db_drtot"	"both2days"	FALSE	"TRUE"	"logical"
"db_drtot"	"join"	FALSE	"\"left\""	"left"
"db_ds.manganese"	"data"	TRUE	""	"data"
"db_ds.manganese"	"years"	TRUE	""	"years"
"db_ds.manganese"	"Year"	FALSE	"FALSE"	"logical"
"db_ds.manganese"	"join"	FALSE	"\"left\""	"join"
"db_ds.melatonin"	"data"	TRUE	""	"data"
"db_ds.melatonin"	"years"	TRUE	""	"years"
"db_ds.melatonin"	"Year"	FALSE	"FALSE"	"logical"
"db_ds.melatonin"	"join"	FALSE	"\"left\""	"join"
"db_ds.silicon"	"data"	TRUE	""	"data"
"db_ds.silicon"	"years"	TRUE	""	"years"
"db_ds.silicon"	"Year"	FALSE	"FALSE"	"logical"
"db_ds.silicon"	"join"	FALSE	"\"left\""	"join"
"db_ds.zinc"	"data"	TRUE	""	"data"
"db_ds.zinc"	"years"	TRUE	""	"years"
"db_ds.zinc"	"Year"	FALSE	"FALSE"	"logical"
"db_ds.zinc"	"join"	FALSE	"\"left\""	"join"
"db_DSD"	"..."	FALSE	""	"key words for search"
"db_DSD"	"data"	TRUE	""	"data"
"db_DSD"	"supplement_name"	FALSE	"TRUE"	"logical"
"db_DSD"	"supplement_type"	FALSE	"TRUE"	"logical"
"db_DSD"	"ingredient_name"	FALSE	"TRUE"	"logical"
"db_DSD"	"ingredient_unit"	FALSE	"TRUE"	"logical"
"db_DSD"	"ingredient_category"	FALSE	"TRUE"	"logical"
"db_DSD"	"blend_flag"	FALSE	"TRUE"	""
"db_DSD"	"blend_component_name"	FALSE	"TRUE"	"logical"
"db_DSD"	"blend_component_category"	FALSE	"TRUE"	"logical"
"db_DSD"	"Year"	FALSE	"FALSE"	"logical"
"db_DSD"	"join"	FALSE	"\"left\""	"join"
"db_dsids"	"data"	TRUE	""	"data"
"db_dsids"	"years"	TRUE	""	"years"
"db_dsids"	"day"	FALSE	"1"	"1 or 2 or c(1,2)"
"db_dsids"	"fun"	FALSE	"c(\"mean\", \"sum\", \"alone\")"	"mean or sum or alone"
"db_dsids"	"both2days"	FALSE	"TRUE"	"logical"
"db_dsids"	"supplement_name"	FALSE	"FALSE"	"logical or chacter"
"db_dsids"	"wtdrd1"	FALSE	"FALSE"	"logical or chacter"
"db_dsids"	"wtdr2d"	FALSE	"FALSE"	"logical or chacter"
"db_dsids"	"rstz"	FALSE	"FALSE"	"logical or chacter"
"db_dsids"	"day_of_week"	FALSE	"FALSE"	"logical or chacter"
"db_dsids"	"location_supplement_originally_recorded"	FALSE	"FALSE"	"logical or chacter"
"db_dsids"	"language"	FALSE	"FALSE"	"logical or chacter"
"db_dsids"	"antacid_containing_calcium.magnesium"	FALSE	"FALSE"	"logical or chacter"
"db_dsids"	"matching_code"	FALSE	"FALSE"	"logical or chacter"
"db_dsids"	"reported_serving_size.label_serving_size"	FALSE	"FALSE"	"logical or chacter"
"db_dsids"	"energy_kcal"	FALSE	"FALSE"	"logical or chacter"
"db_dsids"	"protein_g"	FALSE	"FALSE"	"logical or chacter"
"db_dsids"	"carbohydrate_g"	FALSE	"FALSE"	"logical or chacter"
"db_dsids"	"total_sugars_g"	FALSE	"FALSE"	"logical or chacter"
"db_dsids"	"dietary_fiber_g"	FALSE	"FALSE"	"logical or chacter"
"db_dsids"	"total_fat_g"	FALSE	"FALSE"	"logical or chacter"
"db_dsids"	"total_saturated_fatty_acids_g"	FALSE	"FALSE"	"logical or chacter"
"db_dsids"	"total_monounsaturated_fatty_acids_g"	FALSE	"FALSE"	"logical or chacter"
"db_dsids"	"total_polyunsaturated_fatty_acids_g"	FALSE	"FALSE"	"logical or chacter"
"db_dsids"	"cholesterol_mg"	FALSE	"FALSE"	"logical or chacter"
"db_dsids"	"lycopene_mcg"	FALSE	"FALSE"	"logical or chacter"
"db_dsids"	"lutein_zeaxanthin_mcg"	FALSE	"FALSE"	"logical or chacter"
"db_dsids"	"thiamin_vitamin_b1_mg"	FALSE	"FALSE"	"logical or chacter"
"db_dsids"	"riboflavin_vitamin_b2_mg"	FALSE	"FALSE"	"logical or chacter"
"db_dsids"	"niacin_mg"	FALSE	"FALSE"	"logical or chacter"
"db_dsids"	"vitamin_b6_mg"	FALSE	"FALSE"	"logical or chacter"
"db_dsids"	"folic_acid_mcg"	FALSE	"FALSE"	"logical or chacter"
"db_dsids"	"folate_dfe_mcg"	FALSE	"FALSE"	"logical or chacter"
"db_dsids"	"total_choline_mg"	FALSE	"FALSE"	"logical or chacter"
"db_dsids"	"vitamin_b12_mcg"	FALSE	"FALSE"	"logical or chacter"
"db_dsids"	"vitamin_c_mg"	FALSE	"FALSE"	"logical or chacter"
"db_dsids"	"vitamin_k_mcg"	FALSE	"FALSE"	"logical or chacter"
"db_dsids"	"vitamin_d_d2_d3_mcg"	FALSE	"FALSE"	"logical or chacter"
"db_dsids"	"calcium_mg"	FALSE	"FALSE"	"logical or chacter"
"db_dsids"	"phosphorus_mg"	FALSE	"FALSE"	"logical or chacter"
"db_dsids"	"magnesium_mg"	FALSE	"FALSE"	"logical or chacter"
"db_dsids"	"iron_mg"	FALSE	"FALSE"	"logical or chacter"
"db_dsids"	"zinc_mg"	FALSE	"FALSE"	"logical or chacter"
"db_dsids"	"copper_mg"	FALSE	"FALSE"	"logical or chacter"
"db_dsids"	"sodium_mg"	FALSE	"FALSE"	"logical or chacter"
"db_dsids"	"potassium_mg"	FALSE	"FALSE"	"logical or chacter"
"db_dsids"	"selenium_mcg"	FALSE	"FALSE"	"logical or chacter"
"db_dsids"	"caffeine_mg"	FALSE	"FALSE"	"logical or chacter"
"db_dsids"	"iodine_mcg"	FALSE	"FALSE"	"logical or chacter"
"db_dsids"	"Year"	FALSE	"FALSE"	"logical"
"db_dsids"	"join"	FALSE	"\"left\""	"join"
"db_dsids.30"	"data"	TRUE	""	"data"
"db_dsids.30"	"years"	TRUE	""	"years"
"db_dsids.30"	"supplement_name"	FALSE	"FALSE"	"(2005 and 2007) logical or character"
"db_dsids.30"	"was_container_seen"	FALSE	"FALSE"	"(2005 and 2007) logical or character"
"db_dsids.30"	"matching_code"	FALSE	"FALSE"	"(2005 and 2007) logical or character"
"db_dsids.30"	"antacid_calcium_supplement_or_both"	FALSE	"FALSE"	"(2005 and 2007) logical or character"
"db_dsids.30"	"how_long_supplement_taken_days"	FALSE	"FALSE"	"(2005 and 2007) logical or character"
"db_dsids.30"	"days_supplement_taken_past_30_days"	FALSE	"FALSE"	"(2005 and 2007) logical or character"
"db_dsids.30"	"quantity_of_supplement_taken_daily"	FALSE	"FALSE"	"(2005 and 2007) logical or character"
"db_dsids.30"	"dosage_form"	FALSE	"FALSE"	"(2005 and 2007) logical or character"
"db_dsids.30"	"reported_serving_size.label_serving_size"	FALSE	"FALSE"	"logical or character"
"db_dsids.30"	"antacid_reported_as_a_dietary_supplement"	FALSE	"FALSE"	"(2005 and 2007) logical or character"
"db_dsids.30"	"energy_kcal"	FALSE	"FALSE"	"logical or character"
"db_dsids.30"	"carbohydrate_g"	FALSE	"FALSE"	"logical or character"
"db_dsids.30"	"protein_g"	FALSE	"FALSE"	"logical or character"
"db_dsids.30"	"total_sugars_g"	FALSE	"FALSE"	"logical or character"
"db_dsids.30"	"dietary_fiber_g"	FALSE	"FALSE"	"logical or character"
"db_dsids.30"	"total_fat_g"	FALSE	"FALSE"	"logical or character"
"db_dsids.30"	"total_saturated_fatty_acids_g"	FALSE	"FALSE"	"logical or character"
"db_dsids.30"	"total_monounsaturated_fatty_acids_g"	FALSE	"FALSE"	"logical or character"
"db_dsids.30"	"total_polyunsaturated_fatty_acids_g"	FALSE	"FALSE"	"logical or character"
"db_dsids.30"	"cholesterol_mg"	FALSE	"FALSE"	"logical or character"
"db_dsids.30"	"lycopene_ug"	FALSE	"FALSE"	"logical or character"
"db_dsids.30"	"lutein_zeaxanthin_ug"	FALSE	"FALSE"	"logical or character"
"db_dsids.30"	"thiamin_vitamin_b1_mg"	FALSE	"FALSE"	"logical or character"
"db_dsids.30"	"riboflavin_vitamin_b2_mg"	FALSE	"FALSE"	"logical or character"
"db_dsids.30"	"niacin_mg"	FALSE	"FALSE"	"logical or character"
"db_dsids.30"	"vitamin_b6_mg"	FALSE	"FALSE"	"logical or character"
"db_dsids.30"	"folic_acid_ug"	FALSE	"FALSE"	"logical or character"
"db_dsids.30"	"folate_dfe_ug"	FALSE	"FALSE"	"logical or character"
"db_dsids.30"	"total_choline_mg"	FALSE	"FALSE"	"logical or character"
"db_dsids.30"	"vitamin_b12_ug"	FALSE	"FALSE"	"logical or character"
"db_dsids.30"	"vitamin_c_mg"	FALSE	"FALSE"	"logical or character"
"db_dsids.30"	"vitamin_k_ug"	FALSE	"FALSE"	"logical or character"
"db_dsids.30"	"vitamin_d_d2_d3_ug"	FALSE	"FALSE"	"logical or character"
"db_dsids.30"	"calcium_mg"	FALSE	"FALSE"	"logical or character"
"db_dsids.30"	"phosphorus_mg"	FALSE	"FALSE"	"logical or character"
"db_dsids.30"	"magnesium_mg"	FALSE	"FALSE"	"logical or character"
"db_dsids.30"	"iron_mg"	FALSE	"FALSE"	"logical or character"
"db_dsids.30"	"zinc_mg"	FALSE	"FALSE"	"logical or character"
"db_dsids.30"	"copper_mg"	FALSE	"FALSE"	"logical or character"
"db_dsids.30"	"sodium_mg"	FALSE	"FALSE"	"logical or character"
"db_dsids.30"	"potassium_mg"	FALSE	"FALSE"	"logical or character"
"db_dsids.30"	"selenium_ug"	FALSE	"FALSE"	"logical or character"
"db_dsids.30"	"caffeine_mg"	FALSE	"FALSE"	"logical or character"
"db_dsids.30"	"iodine_ug"	FALSE	"FALSE"	"logical or character"
"db_dsids.30"	"reported_product_during_day_1"	FALSE	"FALSE"	"logical or character"
"db_dsids.30"	"reported_product_during_day_2"	FALSE	"FALSE"	"logical or character"
"db_dsids.30"	"took_product_on_own_or_doctor_advised"	FALSE	"FALSE"	"logical or character"
"db_dsids.30"	"for_good_bowel.colon_health"	FALSE	"FALSE"	"logical or character"
"db_dsids.30"	"for_prostate_health"	FALSE	"FALSE"	"logical or character"
"db_dsids.30"	"for_mental_health"	FALSE	"FALSE"	"logical or character"
"db_dsids.30"	"to_prevent_health_problems"	FALSE	"FALSE"	"logical or character"
"db_dsids.30"	"to_improve_my_overall_health"	FALSE	"FALSE"	"logical or character"
"db_dsids.30"	"for_teeth_prevent_cavities"	FALSE	"FALSE"	"logical or character"
"db_dsids.30"	"to_supplement_my_diet_food_not_enough"	FALSE	"FALSE"	"logical or character"
"db_dsids.30"	"to_stay_healthy"	FALSE	"FALSE"	"logical or character"
"db_dsids.30"	"to_prevent_colds_boost_immune_system"	FALSE	"FALSE"	"logical or character"
"db_dsids.30"	"for_heart_health_cholesterol"	FALSE	"FALSE"	"logical or character"
"db_dsids.30"	"for_eye_health"	FALSE	"FALSE"	"logical or character"
"db_dsids.30"	"for_healthy_joints_arthritis"	FALSE	"FALSE"	"logical or character"
"db_dsids.30"	"for_skin_health_dry_skin"	FALSE	"FALSE"	"logical or character"
"db_dsids.30"	"for_weight_loss"	FALSE	"FALSE"	"logical or character"
"db_dsids.30"	"for_bone_health"	FALSE	"FALSE"	"logical or character"
"db_dsids.30"	"to_get_more_energy"	FALSE	"FALSE"	"logical or character"
"db_dsids.30"	"for_pregnancy"	FALSE	"FALSE"	"logical or character"
"db_dsids.30"	"for_anemia_such_as_low_iron"	FALSE	"FALSE"	"logical or character"
"db_dsids.30"	"other_specify"	FALSE	"FALSE"	"logical or character"
"db_dsids.30"	"to_maintain_blood_sugar_diabetes"	FALSE	"FALSE"	"logical or character"
"db_dsids.30"	"for_healthy_hair_and_nails"	FALSE	"FALSE"	"logical or character"
"db_dsids.30"	"for_kidney_and_bladder_health"	FALSE	"FALSE"	"logical or character"
"db_dsids.30"	"for_respiratory_health_asthma"	FALSE	"FALSE"	"logical or character"
"db_dsids.30"	"for_allergies"	FALSE	"FALSE"	"logical or character"
"db_dsids.30"	"currently_breastfeeding"	FALSE	"FALSE"	"logical or character"
"db_dsids.30"	"to_improve_digestion"	FALSE	"FALSE"	"logical or character"
"db_dsids.30"	"for_menopause_hot_flashes"	FALSE	"FALSE"	"logical or character"
"db_dsids.30"	"for_muscle_related_issues"	FALSE	"FALSE"	"logical or character"
"db_dsids.30"	"to_improve_sleep"	FALSE	"FALSE"	"logical or character"
"db_dsids.30"	"for_nervous_system_health"	FALSE	"FALSE"	"logical or character"
"db_dsids.30"	"for_relaxation_decrease_stress"	FALSE	"FALSE"	"logical or character"
"db_dsids.30"	"for_liver_health_detoxification"	FALSE	"FALSE"	"logical or character"
"db_dsids.30"	"for_antioxidants"	FALSE	"FALSE"	"logical or character"
"db_dsids.30"	"for_word_of_mouth_advertisement"	FALSE	"FALSE"	"logical or character"
"db_dsids.30"	"for_thyroid_health_gout"	FALSE	"FALSE"	"logical or character"
"db_dsids.30"	"to_build_muscle.weight_gain"	FALSE	"FALSE"	"logical or character"
"db_dsids.30"	"for_low_levels_in_blood"	FALSE	"FALSE"	"logical or character"
"db_dsids.30"	"for_support_after_surgery"	FALSE	"FALSE"	"logical or character"
"db_dsids.30"	"for_headaches_and_dizziness"	FALSE	"FALSE"	"logical or character"
"db_dsids.30"	"to_build_muscle"	FALSE	"FALSE"	"logical or character"
"db_dsids.30"	"for_fluid.water_balance"	FALSE	"FALSE"	"logical or character"
"db_dsids.30"	"for_inflammation"	FALSE	"FALSE"	"logical or character"
"db_dsids.30"	"Year"	FALSE	"FALSE"	"logical"
"db_dsids.30"	"join"	FALSE	"\"left\""	"join"
"db_dstot"	"data"	TRUE	""	"data"
"db_dstot"	"years"	TRUE	""	"years"
"db_dstot"	"day"	FALSE	"1"	"1 or 2 or c(1,2)"
"db_dstot"	"fun"	FALSE	"c(\"mean\", \"sum\", \"alone\")"	"mean or sum or alone"
"db_dstot"	"both2days"	FALSE	"TRUE"	"logical"
"db_dstot"	"wtdrd1"	FALSE	"FALSE"	"logical"
"db_dstot"	"wtdr2d"	FALSE	"FALSE"	"logical"
"db_dstot"	"rstz"	FALSE	"FALSE"	"logical or character"
"db_dstot"	"number_of_days_of_intake"	FALSE	"FALSE"	"logical or character"
"db_dstot"	"day_of_week"	FALSE	"FALSE"	"logical or character"
"db_dstot"	"language"	FALSE	"FALSE"	"logical or character"
"db_dstot"	"main_respondent_for_this_interview"	FALSE	"FALSE"	"logical or character"
"db_dstot"	"helped_in_responding_for_this_interview"	FALSE	"FALSE"	"logical or character"
"db_dstot"	"any_dietary_supplements_taken"	FALSE	"FALSE"	"logical or character"
"db_dstot"	"number_of_dietary_supplements_reported"	FALSE	"FALSE"	"logical or character"
"db_dstot"	"any_antacids_taken"	FALSE	"FALSE"	"logical or character"
"db_dstot"	"number_of_antacids_reported"	FALSE	"FALSE"	"logical or character"
"db_dstot"	"energy_kcal"	FALSE	"FALSE"	"logical or character"
"db_dstot"	"protein_g"	FALSE	"FALSE"	"logical or character"
"db_dstot"	"carbohydrate_g"	FALSE	"FALSE"	"logical or character"
"db_dstot"	"total_sugars_g"	FALSE	"FALSE"	"logical or character"
"db_dstot"	"dietary_fiber_g"	FALSE	"FALSE"	"logical or character"
"db_dstot"	"total_fat_g"	FALSE	"FALSE"	"logical or character"
"db_dstot"	"total_saturated_fatty_acids_g"	FALSE	"FALSE"	"logical or character"
"db_dstot"	"total_monounsaturated_fatty_acids_g"	FALSE	"FALSE"	"logical or character"
"db_dstot"	"total_polyunsaturated_fatty_acids_g"	FALSE	"FALSE"	"logical or character"
"db_dstot"	"cholesterol_mg"	FALSE	"FALSE"	"logical or character"
"db_dstot"	"lycopene_mcg"	FALSE	"FALSE"	"logical or character"
"db_dstot"	"lutein_zeaxanthin_mcg"	FALSE	"FALSE"	"logical or character"
"db_dstot"	"thiamin_vitamin_b1_mg"	FALSE	"FALSE"	"logical or character"
"db_dstot"	"riboflavin_vitamin_b2_mg"	FALSE	"FALSE"	"logical or character"
"db_dstot"	"niacin_mg"	FALSE	"FALSE"	"logical or character"
"db_dstot"	"vitamin_b6_mg"	FALSE	"FALSE"	"logical or character"
"db_dstot"	"folic_acid_mcg"	FALSE	"FALSE"	"logical or character"
"db_dstot"	"folate_dfe_mcg"	FALSE	"FALSE"	"logical or character"
"db_dstot"	"total_choline_mg"	FALSE	"FALSE"	"logical or character"
"db_dstot"	"vitamin_b12_mcg"	FALSE	"FALSE"	"logical or character"
"db_dstot"	"vitamin_c_mg"	FALSE	"FALSE"	"logical or character"
"db_dstot"	"vitamin_k_mcg"	FALSE	"FALSE"	"logical or character"
"db_dstot"	"vitamin_d_d2_d3_mcg"	FALSE	"FALSE"	"logical or character"
"db_dstot"	"calcium_mg"	FALSE	"FALSE"	"logical or character"
"db_dstot"	"phosphorus_mg"	FALSE	"FALSE"	"logical or character"
"db_dstot"	"magnesium_mg"	FALSE	"FALSE"	"logical or character"
"db_dstot"	"iron_mg"	FALSE	"FALSE"	"logical or character"
"db_dstot"	"zinc_mg"	FALSE	"FALSE"	"logical or character"
"db_dstot"	"copper_mg"	FALSE	"FALSE"	"logical or character"
"db_dstot"	"sodium_mg"	FALSE	"FALSE"	"logical or character"
"db_dstot"	"potassium_mg"	FALSE	"FALSE"	"logical or character"
"db_dstot"	"selenium_mcg"	FALSE	"FALSE"	"logical or character"
"db_dstot"	"caffeine_mg"	FALSE	"FALSE"	"logical or character"
"db_dstot"	"number_of_days_bw_intake_and_hh_interview"	FALSE	"FALSE"	"logical or character"
"db_dstot"	"iodine_mcg"	FALSE	"FALSE"	"logical or character"
"db_dstot"	"Year"	FALSE	"FALSE"	"logical"
"db_dstot"	"join"	FALSE	"\"left\""	"join"
"db_dstot.30"	"data"	TRUE	""	"data"
"db_dstot.30"	"years"	TRUE	""	"years"
"db_dstot.30"	"any_dietary_supplements_taken"	FALSE	"FALSE"	"(2005 and 2007) logical or character"
"db_dstot.30"	"total_number_of_dietary_supplements_taken"	FALSE	"FALSE"	"(2005 and 2007) logical or character"
"db_dstot.30"	"any_antacids_taken"	FALSE	"FALSE"	"(2005 and 2007) logical or character"
"db_dstot.30"	"total_number_of_antacids_taken"	FALSE	"FALSE"	"(2005 and 2007) logical or character"
"db_dstot.30"	"energy_kcal"	FALSE	"FALSE"	"logical or character"
"db_dstot.30"	"protein_g"	FALSE	"FALSE"	"logical or character"
"db_dstot.30"	"carbohydrate_g"	FALSE	"FALSE"	"logical or character"
"db_dstot.30"	"total_sugars_g"	FALSE	"FALSE"	"logical or character"
"db_dstot.30"	"dietary_fiber_g"	FALSE	"FALSE"	"logical or character"
"db_dstot.30"	"total_fat_g"	FALSE	"FALSE"	"logical or character"
"db_dstot.30"	"total_saturated_fatty_acids_g"	FALSE	"FALSE"	"logical or character"
"db_dstot.30"	"total_monosaturated_fatty_acids_g"	FALSE	"FALSE"	"logical or character"
"db_dstot.30"	"total_polyunsaturated_fatty_acids_g"	FALSE	"FALSE"	"logical or character"
"db_dstot.30"	"cholesterol_mg"	FALSE	"FALSE"	"logical or character"
"db_dstot.30"	"lycopene_mcg"	FALSE	"FALSE"	"logical or character"
"db_dstot.30"	"lutein_zeaxanthin_mcg"	FALSE	"FALSE"	"logical or character"
"db_dstot.30"	"vitamin_b1_thiamin_mg"	FALSE	"FALSE"	"logical or character"
"db_dstot.30"	"vitamin_b2_riboflavin_mg"	FALSE	"FALSE"	"logical or character"
"db_dstot.30"	"niacin_mg"	FALSE	"FALSE"	"logical or character"
"db_dstot.30"	"vitamin_b6_mg"	FALSE	"FALSE"	"logical or character"
"db_dstot.30"	"folic_acid_mcg"	FALSE	"FALSE"	"logical or character"
"db_dstot.30"	"folate_dfe_mcg"	FALSE	"FALSE"	"logical or character"
"db_dstot.30"	"total_choline_mg"	FALSE	"FALSE"	"logical or character"
"db_dstot.30"	"vitamin_b12_mcg"	FALSE	"FALSE"	"logical or character"
"db_dstot.30"	"vitamin_c_mg"	FALSE	"FALSE"	"logical or character"
"db_dstot.30"	"vitamin_k_mcg"	FALSE	"FALSE"	"logical or character"
"db_dstot.30"	"vitamin_d_d2_d3_mcg"	FALSE	"FALSE"	"logical or character"
"db_dstot.30"	"calcium_mg"	FALSE	"FALSE"	"logical or character"
"db_dstot.30"	"phosphorus_mg"	FALSE	"FALSE"	"logical or character"
"db_dstot.30"	"magnesium_mg"	FALSE	"FALSE"	"logical or character"
"db_dstot.30"	"iron_mg"	FALSE	"FALSE"	"logical or character"
"db_dstot.30"	"zinc_mg"	FALSE	"FALSE"	"logical or character"
"db_dstot.30"	"copper_mg"	FALSE	"FALSE"	"logical or character"
"db_dstot.30"	"sodium_mg"	FALSE	"FALSE"	"logical or character"
"db_dstot.30"	"potassium_mg"	FALSE	"FALSE"	"logical or character"
"db_dstot.30"	"selenium_mcg"	FALSE	"FALSE"	"logical or character"
"db_dstot.30"	"caffeine_mg"	FALSE	"FALSE"	"logical or character"
"db_dstot.30"	"iodine_mcg"	FALSE	"FALSE"	"logical or character"
"db_dstot.30"	"Year"	FALSE	"FALSE"	"logical"
"db_dstot.30"	"join"	FALSE	"\"left\""	"join"
"db_dxx"	"data"	TRUE	""	"data"
"db_dxx"	"years"	TRUE	""	"years"
"db_dxx"	"head_area_cm2"	FALSE	"FALSE"	"logical or charachter"
"db_dxx"	"head_bmc_g"	FALSE	"FALSE"	"logical or charachter"
"db_dxx"	"head_bmd_g.cm2"	FALSE	"FALSE"	"logical or charachter"
"db_dxx"	"head_fat_g"	FALSE	"FALSE"	"logical or charachter"
"db_dxx"	"head_lean_excl_bmc_g"	FALSE	"FALSE"	"logical or charachter"
"db_dxx"	"head_lean_incl_bmc_g"	FALSE	"FALSE"	"logical or charachter"
"db_dxx"	"head_total_g"	FALSE	"FALSE"	"logical or charachter"
"db_dxx"	"head_percent_fat"	FALSE	"FALSE"	"logical or charachter"
"db_dxx"	"left_arm_area_cm2"	FALSE	"FALSE"	"logical or charachter"
"db_dxx"	"left_arm_bmc_g"	FALSE	"FALSE"	"logical or charachter"
"db_dxx"	"left_arm_bmd_g.cm2"	FALSE	"FALSE"	"logical or charachter"
"db_dxx"	"left_arm_fat_g"	FALSE	"FALSE"	"logical or charachter"
"db_dxx"	"left_arm_lean_excl_bmc_g"	FALSE	"FALSE"	"logical or charachter"
"db_dxx"	"left_arm_lean_incl_bmc_g"	FALSE	"FALSE"	"logical or charachter"
"db_dxx"	"left_arm_total_g"	FALSE	"FALSE"	"logical or charachter"
"db_dxx"	"left_arm_percent_fat"	FALSE	"FALSE"	"logical or charachter"
"db_dxx"	"left_leg_area_cm2"	FALSE	"FALSE"	"logical or charachter"
"db_dxx"	"left_leg_bmc_g"	FALSE	"FALSE"	"logical or charachter"
"db_dxx"	"left_leg_bmd_g.cm2"	FALSE	"FALSE"	"logical or charachter"
"db_dxx"	"left_leg_fat_g"	FALSE	"FALSE"	"logical or charachter"
"db_dxx"	"left_leg_lean_excl_bmc_g"	FALSE	"FALSE"	"logical or charachter"
"db_dxx"	"left_leg_lean_incl_bmc_g"	FALSE	"FALSE"	"logical or charachter"
"db_dxx"	"left_leg_total_g"	FALSE	"FALSE"	"logical or charachter"
"db_dxx"	"left_leg_percent_fat"	FALSE	"FALSE"	"logical or charachter"
"db_dxx"	"right_arm_area_cm2"	FALSE	"FALSE"	"logical or charachter"
"db_dxx"	"right_arm_bmc_g"	FALSE	"FALSE"	"logical or charachter"
"db_dxx"	"right_arm_bmd_g.cm2"	FALSE	"FALSE"	"logical or charachter"
"db_dxx"	"right_arm_fat_g"	FALSE	"FALSE"	"logical or charachter"
"db_dxx"	"right_arm_lean_excl_bmc_g"	FALSE	"FALSE"	"logical or charachter"
"db_dxx"	"right_arm_lean_incl_bmc_g"	FALSE	"FALSE"	"logical or charachter"
"db_dxx"	"right_arm_total_g"	FALSE	"FALSE"	"logical or charachter"
"db_dxx"	"right_arm_percent_fat"	FALSE	"FALSE"	"logical or charachter"
"db_dxx"	"right_leg_area_cm2"	FALSE	"FALSE"	"logical or charachter"
"db_dxx"	"right_leg_bmc_g"	FALSE	"FALSE"	"logical or charachter"
"db_dxx"	"right_leg_bmd_g.cm2"	FALSE	"FALSE"	"logical or charachter"
"db_dxx"	"right_leg_fat_g"	FALSE	"FALSE"	"logical or charachter"
"db_dxx"	"right_leg_lean_excl_bmc_g"	FALSE	"FALSE"	"logical or charachter"
"db_dxx"	"right_leg_lean_incl_bmc_g"	FALSE	"FALSE"	"logical or charachter"
"db_dxx"	"right_leg_total_g"	FALSE	"FALSE"	"logical or charachter"
"db_dxx"	"right_leg_percent_fat"	FALSE	"FALSE"	"logical or charachter"
"db_dxx"	"left_ribs_area_cm2"	FALSE	"FALSE"	"logical or charachter"
"db_dxx"	"left_ribs_bmc_g"	FALSE	"FALSE"	"logical or charachter"
"db_dxx"	"left_ribs_bmd_g.cm2"	FALSE	"FALSE"	"logical or charachter"
"db_dxx"	"right_ribs_area_cm2"	FALSE	"FALSE"	"logical or charachter"
"db_dxx"	"right_ribs_bmc_g"	FALSE	"FALSE"	"logical or charachter"
"db_dxx"	"right_ribs_bmd_g.cm2"	FALSE	"FALSE"	"logical or charachter"
"db_dxx"	"thoracic_spine_area_cm2"	FALSE	"FALSE"	"logical or charachter"
"db_dxx"	"thoracic_spine_bmc_g"	FALSE	"FALSE"	"logical or charachter"
"db_dxx"	"thoracic_spine_bmd_g.cm2"	FALSE	"FALSE"	"logical or charachter"
"db_dxx"	"lumbar_spine_area_cm2"	FALSE	"FALSE"	"logical or charachter"
"db_dxx"	"lumbar_spine_bmc_g"	FALSE	"FALSE"	"logical or charachter"
"db_dxx"	"lumbar_spine_bmd_g.cm2"	FALSE	"FALSE"	"logical or charachter"
"db_dxx"	"pelvis_area_cm2"	FALSE	"FALSE"	"logical or charachter"
"db_dxx"	"pelvis_bmc_g"	FALSE	"FALSE"	"logical or charachter"
"db_dxx"	"pelvis_bmd_g.cm2"	FALSE	"FALSE"	"logical or charachter"
"db_dxx"	"trunk_bone_area_cm2"	FALSE	"FALSE"	"logical or charachter"
"db_dxx"	"trunk_bmc_g"	FALSE	"FALSE"	"logical or charachter"
"db_dxx"	"trunk_bone_bmd_g.cm2"	FALSE	"FALSE"	"logical or charachter"
"db_dxx"	"trunk_fat_g"	FALSE	"FALSE"	"logical or charachter"
"db_dxx"	"trunk_lean_excl_bmc_g"	FALSE	"FALSE"	"logical or charachter"
"db_dxx"	"trunk_lean_incl_bmc_g"	FALSE	"FALSE"	"logical or charachter"
"db_dxx"	"trunk_totalg"	FALSE	"FALSE"	"logical or charachter"
"db_dxx"	"trunk_percent_fat"	FALSE	"FALSE"	"logical or charachter"
"db_dxx"	"subtotal_area_cm2"	FALSE	"FALSE"	"logical or charachter"
"db_dxx"	"subtotal_bmc_g"	FALSE	"FALSE"	"logical or charachter"
"db_dxx"	"subtotal_bmd_g.cm2"	FALSE	"FALSE"	"logical or charachter"
"db_dxx"	"subtotal_fat_g"	FALSE	"FALSE"	"logical or charachter"
"db_dxx"	"subtotal_lean_excl_bmc_g"	FALSE	"FALSE"	"logical or charachter"
"db_dxx"	"subtotal_lean_incl_bmc_g"	FALSE	"FALSE"	"logical or charachter"
"db_dxx"	"subtotal_total_excl_head_g"	FALSE	"FALSE"	"logical or charachter"
"db_dxx"	"subtotal_percent_fat"	FALSE	"FALSE"	"logical or charachter"
"db_dxx"	"total_area_cm2"	FALSE	"FALSE"	"logical or charachter"
"db_dxx"	"total_bmc_g"	FALSE	"FALSE"	"logical or charachter"
"db_dxx"	"total_bmd_g.cm2"	FALSE	"FALSE"	"logical or charachter"
"db_dxx"	"total_fat_g"	FALSE	"FALSE"	"logical or charachter"
"db_dxx"	"total_lean_excl_bmc_g"	FALSE	"FALSE"	"logical or charachter"
"db_dxx"	"total_lean_incl_bmc_g"	FALSE	"FALSE"	"logical or charachter"
"db_dxx"	"total_lean_plus_fat_g"	FALSE	"FALSE"	"logical or charachter"
"db_dxx"	"total_percent_fat"	FALSE	"FALSE"	"logical or charachter"
"db_dxx"	"mult.fun"	FALSE	"c(\"mean\", \"median\", \"unique\")"	"mean, median or unique"
"db_dxx"	"Year"	FALSE	"FALSE"	"logical"
"db_dxx"	"join"	FALSE	"\"left\""	"join"
"db_dxxag"	"data"	TRUE	""	"data"
"db_dxxag"	"years"	TRUE	""	"years"
"db_dxxag"	"android_fat_mass"	FALSE	"FALSE"	"logical or character"
"db_dxxag"	"android_lean_mass"	FALSE	"FALSE"	"logical or character"
"db_dxxag"	"android_total_mass"	FALSE	"FALSE"	"logical or character"
"db_dxxag"	"gynoid_fat_mass"	FALSE	"FALSE"	"logical or character"
"db_dxxag"	"gynoid_lean_mass"	FALSE	"FALSE"	"logical or character"
"db_dxxag"	"gynoid_total_mass"	FALSE	"FALSE"	"logical or character"
"db_dxxag"	"android_to_gynoid_ratio"	FALSE	"FALSE"	"logical or character"
"db_dxxag"	"android_percent_fat"	FALSE	"FALSE"	"logical or character"
"db_dxxag"	"gynoid_percent_fat"	FALSE	"FALSE"	"logical or character"
"db_dxxag"	"subcutaneous_fat_area"	FALSE	"FALSE"	"logical or character"
"db_dxxag"	"subcutaneous_fat_mass"	FALSE	"FALSE"	"logical or character"
"db_dxxag"	"subcutaneous_fat_volume"	FALSE	"FALSE"	"logical or character"
"db_dxxag"	"total_abdominal_fat_area"	FALSE	"FALSE"	"logical or character"
"db_dxxag"	"total_abdominal_fat_mass"	FALSE	"FALSE"	"logical or character"
"db_dxxag"	"total_abdominal_fat_volume"	FALSE	"FALSE"	"logical or character"
"db_dxxag"	"visceral_adipose_tissue_area"	FALSE	"FALSE"	"logical or character"
"db_dxxag"	"visceral_adipose_tissue_mass"	FALSE	"FALSE"	"logical or character"
"db_dxxag"	"visceral_adipose_tissue_volume"	FALSE	"FALSE"	"logical or character"
"db_dxxag"	"Year"	FALSE	"FALSE"	"logical"
"db_dxxag"	"join"	FALSE	"\"left\""	"join"
"db_dxxfem"	"data"	TRUE	""	"data"
"db_dxxfem"	"years"	TRUE	""	"years"
"db_dxxfem"	"total_femur_area_cm2"	FALSE	"FALSE"	"logical or character"
"db_dxxfem"	"total_femur_bmc_g"	FALSE	"FALSE"	"logical or character"
"db_dxxfem"	"total_femur_bmd_g.cm2"	FALSE	"FALSE"	"logical or character"
"db_dxxfem"	"femoral_neck_area_cm2"	FALSE	"FALSE"	"logical or character"
"db_dxxfem"	"femoral_neck_bmc_g"	FALSE	"FALSE"	"logical or character"
"db_dxxfem"	"femoral_neck_bmd_g.cm2"	FALSE	"FALSE"	"logical or character"
"db_dxxfem"	"trochanter_area_cm2"	FALSE	"FALSE"	"logical or character"
"db_dxxfem"	"trochanter_bmc_g"	FALSE	"FALSE"	"logical or character"
"db_dxxfem"	"trochanter_bmd_g.cm2"	FALSE	"FALSE"	"logical or character"
"db_dxxfem"	"intertrochanter_area_cm2"	FALSE	"FALSE"	"logical or character"
"db_dxxfem"	"intertrochanter_bmc_g"	FALSE	"FALSE"	"logical or character"
"db_dxxfem"	"intertrochanter_bmd_g.cm2"	FALSE	"FALSE"	"logical or character"
"db_dxxfem"	"ward_triangle_area_cm2"	FALSE	"FALSE"	"logical or character"
"db_dxxfem"	"ward_triangle_bmc_g"	FALSE	"FALSE"	"logical or character"
"db_dxxfem"	"ward_triangle_bmd_g.cm2"	FALSE	"FALSE"	"logical or character"
"db_dxxfem"	"calculated_k_for_femur"	FALSE	"FALSE"	"logical or character"
"db_dxxfem"	"calculated_do_for_femur"	FALSE	"FALSE"	"logical or character"
"db_dxxfem"	"Year"	FALSE	"FALSE"	"logical"
"db_dxxfem"	"join"	FALSE	"\"left\""	"join"
"db_dxxspn"	"data"	TRUE	""	"data"
"db_dxxspn"	"years"	TRUE	""	"years"
"db_dxxspn"	"total_spine_area_cm2"	FALSE	"FALSE"	"logical or characters"
"db_dxxspn"	"total_spine_bmc_g"	FALSE	"FALSE"	"logical or characters"
"db_dxxspn"	"total_spine_bmd_g.cm2"	FALSE	"FALSE"	"logical or characters"
"db_dxxspn"	"l1_area_cm2"	FALSE	"FALSE"	"logical or characters"
"db_dxxspn"	"l1_bmc_g"	FALSE	"FALSE"	"logical or characters"
"db_dxxspn"	"l1_bmd_g.cm2"	FALSE	"FALSE"	"logical or characters"
"db_dxxspn"	"l2_area_cm2"	FALSE	"FALSE"	"logical or characters"
"db_dxxspn"	"l2_bmc_g"	FALSE	"FALSE"	"logical or characters"
"db_dxxspn"	"l2_bmd_g.cm2"	FALSE	"FALSE"	"logical or characters"
"db_dxxspn"	"l3_area_cm2"	FALSE	"FALSE"	"logical or characters"
"db_dxxspn"	"l3_bmc_g"	FALSE	"FALSE"	"logical or characters"
"db_dxxspn"	"l3_bmd_g.cm2"	FALSE	"FALSE"	"logical or characters"
"db_dxxspn"	"l4_area_cm2"	FALSE	"FALSE"	"logical or characters"
"db_dxxspn"	"l4_bmc_g"	FALSE	"FALSE"	"logical or characters"
"db_dxxspn"	"l4_bmd_g.cm2"	FALSE	"FALSE"	"logical or characters"
"db_dxxspn"	"calculated_k_for_spine"	FALSE	"FALSE"	"logical or characters"
"db_dxxspn"	"calculated_d0_for_spine"	FALSE	"FALSE"	"logical or characters"
"db_dxxspn"	"total_trabecular_bone_score"	FALSE	"FALSE"	"logical or characters"
"db_dxxspn"	"l1_tbs"	FALSE	"FALSE"	"logical or characters"
"db_dxxspn"	"l2_tbs"	FALSE	"FALSE"	"logical or characters"
"db_dxxspn"	"l3_tbs"	FALSE	"FALSE"	"logical or characters"
"db_dxxspn"	"l4_tbs"	FALSE	"FALSE"	"logical or characters"
"db_dxxspn"	"Year"	FALSE	"FALSE"	"logical"
"db_dxxspn"	"join"	FALSE	"\"left\""	"join"
"db_eating.occasion"	"years"	TRUE	""	"years"
"db_eating.occasion"	"day"	FALSE	"1"	""
"db_EVD68"	"data"	FALSE	"NULL"	"要追加的数据"
"db_EVD68"	"all"	FALSE	"FALSE"	"logical"
"db_EVD68"	"years"	TRUE	""	"指定年份"
"db_EVD68"	"wt_y2"	TRUE	""	"2年权重"
"db_EVD68"	"wt_y4"	TRUE	""	"1990-2001的4年权重"
"db_EVD68"	"d68_frm"	TRUE	""	"定量"
"db_EVD68"	"d68_frmq"	TRUE	""	"定性"
"db_EVD68"	"d68_953"	TRUE	""	"定量"
"db_EVD68"	"d68_953q"	TRUE	""	"定性"
"db_EVD68"	"d68_087"	TRUE	""	"定量"
"db_EVD68"	"d68_087q"	TRUE	""	"定性"
"db_EVD68"	"Year"	FALSE	"F"	"是否保留Year列"
"db_EVD68"	"join"	FALSE	"\"left\""	"数据合并的方向，full，inner，left，right"
"db_flavonoids"	"data"	TRUE	""	"data"
"db_flavonoids"	"years"	TRUE	""	""
"db_flavonoids"	"dietary"	FALSE	"c(\"tot\", \"iff\")"	"tot or iff. default is tot"
"db_flavonoids"	"day"	FALSE	"1"	"1 or 2 or c(1,2). default is 1"
"db_flavonoids"	"fun"	FALSE	"c(\"mean\", \"sum\", \"alone\")"	"when day = c(1,2), fun should be one of mean, sum or alone. default if mean"
"db_flavonoids"	"Daidzein_mg"	FALSE	"FALSE"	"Daidzein (mg). logical or character"
"db_flavonoids"	"Genistein_mg"	FALSE	"FALSE"	"Genistein (mg). logical or character"
"db_flavonoids"	"Glycitein_mg"	FALSE	"FALSE"	"Glycitein (mg). logical or character"
"db_flavonoids"	"Cyanidin_mg"	FALSE	"FALSE"	"Cyanidin (mg). logical or character"
"db_flavonoids"	"Petunidin_mg"	FALSE	"FALSE"	"Petunidin (mg). logical or character"
"db_flavonoids"	"Delphinidin_mg"	FALSE	"FALSE"	"Delphinidin (mg). logical or character"
"db_flavonoids"	"Malvidin_mg"	FALSE	"FALSE"	"Malvidin (mg). logical or character"
"db_flavonoids"	"Pelargonidin_mg"	FALSE	"FALSE"	"Pelargonidin (mg). logical or character"
"db_flavonoids"	"Peonidin_mg"	FALSE	"FALSE"	"Peonidin (mg). logical or character"
"db_flavonoids"	"Catechin_mg"	FALSE	"FALSE"	"(+)-Catechin (mg). logical or character"
"db_flavonoids"	"Epigallocatechin_mg"	FALSE	"FALSE"	"(-)-Epigallocatechin (mg). logical or character"
"db_flavonoids"	"Epicatechin_mg"	FALSE	"FALSE"	"(-)-Epicatechin (mg). logical or character"
"db_flavonoids"	"Epicatechin_3_gallate_mg"	FALSE	"FALSE"	"(-)-Epicatechin 3-gallate (mg). logical or character"
"db_flavonoids"	"Epigallocatechin_3_gallate_mg"	FALSE	"FALSE"	"(-)-Epigallocatechin 3-gallate (mg). logical or character"
"db_flavonoids"	"Theaflavin_mg"	FALSE	"FALSE"	"Theaflavin (mg). logical or character"
"db_flavonoids"	"Thearubigins_mg"	FALSE	"FALSE"	"Thearubigins (mg). logical or character"
"db_flavonoids"	"Eriodictyol_mg"	FALSE	"FALSE"	"Eriodictyol (mg). logical or character"
"db_flavonoids"	"Hesperetin_mg"	FALSE	"FALSE"	"Hesperetin (mg). logical or character"
"db_flavonoids"	"Naringenin_mg"	FALSE	"FALSE"	"Naringenin (mg). logical or character"
"db_flavonoids"	"Apigenin_mg"	FALSE	"FALSE"	"Apigenin (mg). logical or character"
"db_flavonoids"	"Luteolin_mg"	FALSE	"FALSE"	"Luteolin (mg). logical or character"
"db_flavonoids"	"Isorhamnetin_mg"	FALSE	"FALSE"	"Isorhamnetin (mg). logical or character"
"db_flavonoids"	"Kaempferol_mg"	FALSE	"FALSE"	"Kaempferol (mg). logical or character"
"db_flavonoids"	"Myricetin_mg"	FALSE	"FALSE"	"Myricetin (mg). logical or character"
"db_flavonoids"	"Quercetin_mg"	FALSE	"FALSE"	"Quercetin (mg). logical or character"
"db_flavonoids"	"Theaflavin_3_3_digallate_mg"	FALSE	"FALSE"	"Theaflavin-3,3'-digallate (mg). logical or character"
"db_flavonoids"	"Theaflavin_3q_gallate_mg"	FALSE	"FALSE"	"Theaflavin-3'-gallate (mg). logical or character"
"db_flavonoids"	"Theaflavin_3_gallate_mg"	FALSE	"FALSE"	"Theaflavin-3-gallate (mg). logical or character"
"db_flavonoids"	"Gallocatechin_mg"	FALSE	"FALSE"	"(+)-Gallocatechin (mg). logical or character"
"db_flavonoids"	"Subtotal_Catechins_mg"	FALSE	"FALSE"	"Subtotal: Catechins (mg). logical or character"
"db_flavonoids"	"Total_Isoflavones_mg"	FALSE	"FALSE"	"Total: Isoflavones (mg). logical or character"
"db_flavonoids"	"Total_Anthocyanidins_mg"	FALSE	"FALSE"	"Total: Anthocyanidins (mg). logical or character"
"db_flavonoids"	"Total_Flavan_3_ols_mg"	FALSE	"FALSE"	"Total: Flavan 3-ols (mg). logical or character"
"db_flavonoids"	"Total_Flavanones_mg"	FALSE	"FALSE"	"Total: Flavanones (mg). logical or character"
"db_flavonoids"	"Total_Flavones_mg"	FALSE	"FALSE"	"Total: Flavones (mg). logical or character"
"db_flavonoids"	"Total_Flavonols_mg"	FALSE	"FALSE"	"Total: Flavonols (mg). logical or character"
"db_flavonoids"	"Total_Sum_of_all_29_flavonoids_mg"	FALSE	"FALSE"	"Total: Sum of all 29 flavonoids (mg). logical or character"
"db_flavonoids"	"both2days"	FALSE	"TRUE"	"logical or character"
"db_flavonoids"	"join"	FALSE	"\"left\""	"join"
"db_flavonoids"	"Year"	FALSE	"FALSE"	""
"db_flxcln"	"data"	TRUE	""	"data"
"db_flxcln"	"years"	TRUE	""	"years"
"db_flxcln"	"central_incisor"	FALSE	"FALSE"	"logical"
"db_flxcln"	"lateral_incisor"	FALSE	"FALSE"	"logical"
"db_flxcln"	"cuspid"	FALSE	"FALSE"	"logical"
"db_flxcln"	"bicuspid1"	FALSE	"FALSE"	"logical"
"db_flxcln"	"bicuspid2"	FALSE	"FALSE"	"logical"
"db_flxcln"	"molar1"	FALSE	"FALSE"	"logical"
"db_flxcln"	"molar2"	FALSE	"FALSE"	"logical"
"db_flxcln"	"Year"	FALSE	"FALSE"	"logical"
"db_flxcln"	"join"	FALSE	"\"left\""	"join"
"db_flxcln"	"lower_cd"	FALSE	"TRUE"	""
"db_fndds"	"data"	TRUE	""	"data"
"db_fndds"	"years"	TRUE	""	"years"
"db_fndds"	"files"	TRUE	""	"file names, can be seen by fndds_file_names()"
"db_fndds"	"Year"	FALSE	"FALSE"	"logical"
"db_fndds"	"join"	FALSE	"\"left\""	"join"
"db_fndds"	"nrow"	FALSE	"Inf"	"Inf"
"db_FoodCD"	"data"	TRUE	""	"data"
"db_FoodCD"	"short"	FALSE	"TRUE"	"logical"
"db_FoodCD"	"long"	FALSE	"TRUE"	"logical"
"db_FoodCD"	"lower_cd"	FALSE	"FALSE"	"logical"
"db_fped"	"data"	TRUE	""	"data"
"db_fped"	"years"	TRUE	""	"years"
"db_fped"	"day"	FALSE	"c(\"1\", \"2\")"	"day =1 or day = 2 or day = c(1,2)"
"db_fped"	"dietary"	FALSE	"c(\"tot\", \"iff\")"	"tot or iff"
"db_fped"	"version"	FALSE	"c(\"2015\", \"2010\")"	"2015(default) or 2010"
"db_fped"	"fun"	FALSE	"c(\"sum\", \"mean\")"	"sum(default) or mean"
"db_fped"	"f_citmlb"	FALSE	"FALSE"	"(2010, 2015) logical"
"db_fped"	"f_other"	FALSE	"FALSE"	"(2010, 2015) logical"
"db_fped"	"f_whole"	FALSE	"FALSE"	"(2010, 2015) logical"
"db_fped"	"f_juice"	FALSE	"FALSE"	"(2010, 2015) logical"
"db_fped"	"f_total"	FALSE	"FALSE"	"(2010, 2015) logical"
"db_fped"	"v_drkgr"	FALSE	"FALSE"	"(2010, 2015) logical"
"db_fped"	"v_redor_tomato"	FALSE	"FALSE"	"(2010, 2015) logical"
"db_fped"	"v_redor_other"	FALSE	"FALSE"	"(2010, 2015) logical"
"db_fped"	"v_redor_total"	FALSE	"FALSE"	"(2010, 2015) logical"
"db_fped"	"v_starchy_potato"	FALSE	"FALSE"	"(2010, 2015) logical"
"db_fped"	"v_starchy_other"	FALSE	"FALSE"	"(2010, 2015) logical"
"db_fped"	"v_starchy_total"	FALSE	"FALSE"	"(2010, 2015) logical"
"db_fped"	"v_other"	FALSE	"FALSE"	"(2010, 2015) logical"
"db_fped"	"v_total"	FALSE	"FALSE"	"(2010, 2015) logical"
"db_fped"	"v_legumes"	FALSE	"FALSE"	"(2010, 2015) logical"
"db_fped"	"g_whole"	FALSE	"FALSE"	"(2010, 2015) logical"
"db_fped"	"g_refined"	FALSE	"FALSE"	"(2010, 2015) logical"
"db_fped"	"g_total"	FALSE	"FALSE"	"(2010, 2015) logical"
"db_fped"	"d_milk"	FALSE	"FALSE"	"(2010, 2015) logical"
"db_fped"	"d_yogurt"	FALSE	"FALSE"	"(2010, 2015) logical"
"db_fped"	"d_cheese"	FALSE	"FALSE"	"(2010, 2015) logical"
"db_fped"	"d_total"	FALSE	"FALSE"	"(2010, 2015) logical"
"db_fped"	"pf_meat"	FALSE	"FALSE"	"(2010, 2015) logical"
"db_fped"	"pf_curedmeat"	FALSE	"FALSE"	"(2010, 2015) logical"
"db_fped"	"pf_organ"	FALSE	"FALSE"	"(2010, 2015) logical"
"db_fped"	"pf_poult"	FALSE	"FALSE"	"(2010, 2015) logical"
"db_fped"	"pf_seafd_hi"	FALSE	"FALSE"	"(2010, 2015) logical"
"db_fped"	"pf_seafd_low"	FALSE	"FALSE"	"(2010, 2015) logical"
"db_fped"	"pf_mps_total"	FALSE	"FALSE"	"(2010, 2015) logical"
"db_fped"	"pf_eggs"	FALSE	"FALSE"	"(2010, 2015) logical"
"db_fped"	"pf_soy"	FALSE	"FALSE"	"(2010, 2015) logical"
"db_fped"	"pf_nutsds"	FALSE	"FALSE"	"(2010, 2015) logical"
"db_fped"	"pf_legumes"	FALSE	"FALSE"	"(2010, 2015) logical"
"db_fped"	"pf_total"	FALSE	"FALSE"	"(2010, 2015) logical"
"db_fped"	"add_sugars"	FALSE	"FALSE"	"(2010, 2015) logical"
"db_fped"	"oils"	FALSE	"FALSE"	"(2010, 2015) logical"
"db_fped"	"solid_fats"	FALSE	"FALSE"	"(2010, 2015) logical"
"db_fped"	"a_drinks"	FALSE	"FALSE"	"(2010, 2015) logical"
"db_fped"	"seaplant"	FALSE	"FALSE"	"(2010) logical"
"db_fped"	"addsugc"	FALSE	"FALSE"	"(2010) logical"
"db_fped"	"solfatc"	FALSE	"FALSE"	"(2010) logical"
"db_fped"	"vtotalleg"	FALSE	"FALSE"	"(2015) logical"
"db_fped"	"vdrkgrleg"	FALSE	"FALSE"	"(2015) logical"
"db_fped"	"pfallprotleg"	FALSE	"FALSE"	"(2015) logical"
"db_fped"	"pfseaplantleg"	FALSE	"FALSE"	"(2015) logical"
"db_fped"	"Year"	FALSE	"F"	""
"db_fped"	"join"	FALSE	"\"left\""	"left"
"db_fped.g"	"data"	TRUE	""	""
"db_fped.g"	"years"	TRUE	""	""
"db_fped.g"	"day"	FALSE	"c(\"1\", \"2\")"	""
"db_fped.g"	"dietary"	FALSE	"c(\"tot\", \"iff\")"	""
"db_fped.g"	"fun"	FALSE	"c(\"mean\", \"sum\")"	""
"db_fped.g"	"f_citmlb"	FALSE	"FALSE"	""
"db_fped.g"	"f_other"	FALSE	"FALSE"	""
"db_fped.g"	"f_whole"	FALSE	"FALSE"	""
"db_fped.g"	"f_juice"	FALSE	"FALSE"	""
"db_fped.g"	"f_total"	FALSE	"FALSE"	""
"db_fped.g"	"v_drkgr"	FALSE	"FALSE"	""
"db_fped.g"	"v_redor_tomato"	FALSE	"FALSE"	""
"db_fped.g"	"v_redor_other"	FALSE	"FALSE"	""
"db_fped.g"	"v_redor_total"	FALSE	"FALSE"	""
"db_fped.g"	"v_starchy_potato"	FALSE	"FALSE"	""
"db_fped.g"	"v_starchy_other"	FALSE	"FALSE"	""
"db_fped.g"	"v_starchy_total"	FALSE	"FALSE"	""
"db_fped.g"	"v_other"	FALSE	"FALSE"	""
"db_fped.g"	"v_total"	FALSE	"FALSE"	""
"db_fped.g"	"v_legumes"	FALSE	"FALSE"	""
"db_fped.g"	"g_whole"	FALSE	"FALSE"	""
"db_fped.g"	"g_refined"	FALSE	"FALSE"	""
"db_fped.g"	"g_total"	FALSE	"FALSE"	""
"db_fped.g"	"d_milk"	FALSE	"FALSE"	""
"db_fped.g"	"d_yogurt"	FALSE	"FALSE"	""
"db_fped.g"	"d_cheese"	FALSE	"FALSE"	""
"db_fped.g"	"d_total"	FALSE	"FALSE"	""
"db_fped.g"	"pf_meat"	FALSE	"FALSE"	""
"db_fped.g"	"pf_curedmeat"	FALSE	"FALSE"	""
"db_fped.g"	"pf_organ"	FALSE	"FALSE"	""
"db_fped.g"	"pf_poult"	FALSE	"FALSE"	""
"db_fped.g"	"pf_seafd_hi"	FALSE	"FALSE"	""
"db_fped.g"	"pf_seafd_low"	FALSE	"FALSE"	""
"db_fped.g"	"pf_mps_total"	FALSE	"FALSE"	""
"db_fped.g"	"pf_eggs"	FALSE	"FALSE"	""
"db_fped.g"	"pf_soy"	FALSE	"FALSE"	""
"db_fped.g"	"pf_nutsds"	FALSE	"FALSE"	""
"db_fped.g"	"pf_legumes"	FALSE	"FALSE"	""
"db_fped.g"	"pf_total"	FALSE	"FALSE"	""
"db_fped.g"	"add_sugars"	FALSE	"FALSE"	""
"db_fped.g"	"oils"	FALSE	"FALSE"	""
"db_fped.g"	"solid_fats"	FALSE	"FALSE"	""
"db_fped.g"	"a_drinks"	FALSE	"FALSE"	""
"db_fped.g"	"join"	FALSE	"\"left\""	""
"db_fped.kcal"	"data"	TRUE	""	""
"db_fped.kcal"	"years"	TRUE	""	""
"db_fped.kcal"	"day"	FALSE	"c(\"1\", \"2\")"	""
"db_fped.kcal"	"dietary"	FALSE	"c(\"tot\", \"iff\")"	""
"db_fped.kcal"	"fun"	FALSE	"c(\"mean\", \"sum\")"	""
"db_fped.kcal"	"f_citmlb"	FALSE	"FALSE"	""
"db_fped.kcal"	"f_other"	FALSE	"FALSE"	""
"db_fped.kcal"	"f_whole"	FALSE	"FALSE"	""
"db_fped.kcal"	"f_juice"	FALSE	"FALSE"	""
"db_fped.kcal"	"f_total"	FALSE	"FALSE"	""
"db_fped.kcal"	"v_drkgr"	FALSE	"FALSE"	""
"db_fped.kcal"	"v_redor_tomato"	FALSE	"FALSE"	""
"db_fped.kcal"	"v_redor_other"	FALSE	"FALSE"	""
"db_fped.kcal"	"v_redor_total"	FALSE	"FALSE"	""
"db_fped.kcal"	"v_starchy_potato"	FALSE	"FALSE"	""
"db_fped.kcal"	"v_starchy_other"	FALSE	"FALSE"	""
"db_fped.kcal"	"v_starchy_total"	FALSE	"FALSE"	""
"db_fped.kcal"	"v_other"	FALSE	"FALSE"	""
"db_fped.kcal"	"v_total"	FALSE	"FALSE"	""
"db_fped.kcal"	"v_legumes"	FALSE	"FALSE"	""
"db_fped.kcal"	"g_whole"	FALSE	"FALSE"	""
"db_fped.kcal"	"g_refined"	FALSE	"FALSE"	""
"db_fped.kcal"	"g_total"	FALSE	"FALSE"	""
"db_fped.kcal"	"d_milk"	FALSE	"FALSE"	""
"db_fped.kcal"	"d_yogurt"	FALSE	"FALSE"	""
"db_fped.kcal"	"d_cheese"	FALSE	"FALSE"	""
"db_fped.kcal"	"d_total"	FALSE	"FALSE"	""
"db_fped.kcal"	"pf_meat"	FALSE	"FALSE"	""
"db_fped.kcal"	"pf_curedmeat"	FALSE	"FALSE"	""
"db_fped.kcal"	"pf_organ"	FALSE	"FALSE"	""
"db_fped.kcal"	"pf_poult"	FALSE	"FALSE"	""
"db_fped.kcal"	"pf_seafd_hi"	FALSE	"FALSE"	""
"db_fped.kcal"	"pf_seafd_low"	FALSE	"FALSE"	""
"db_fped.kcal"	"pf_mps_total"	FALSE	"FALSE"	""
"db_fped.kcal"	"pf_eggs"	FALSE	"FALSE"	""
"db_fped.kcal"	"pf_soy"	FALSE	"FALSE"	""
"db_fped.kcal"	"pf_nutsds"	FALSE	"FALSE"	""
"db_fped.kcal"	"pf_legumes"	FALSE	"FALSE"	""
"db_fped.kcal"	"pf_total"	FALSE	"FALSE"	""
"db_fped.kcal"	"add_sugars"	FALSE	"FALSE"	""
"db_fped.kcal"	"oils"	FALSE	"FALSE"	""
"db_fped.kcal"	"solid_fats"	FALSE	"FALSE"	""
"db_fped.kcal"	"a_drinks"	FALSE	"FALSE"	""
"db_fped.kcal"	"join"	FALSE	"\"left\""	""
"db_HemalBiochemistry"	"data"	TRUE	""	"data"
"db_HemalBiochemistry"	"years"	TRUE	""	"years"
"db_HemalBiochemistry"	"fast_glucose_mg.dl"	FALSE	"FALSE"	"logical or character"
"db_HemalBiochemistry"	"fast_glucose_mmol.L"	FALSE	"FALSE"	"logical or character"
"db_HemalBiochemistry"	"refrige_glucose_mg.dl"	FALSE	"FALSE"	"logical or character"
"db_HemalBiochemistry"	"refrige_glucose_mmol.L"	FALSE	"FALSE"	"logical or character"
"db_HemalBiochemistry"	"fast_insulin_uu.ml"	FALSE	"FALSE"	"logical or character"
"db_HemalBiochemistry"	"fast_insulin_pmol.L"	FALSE	"FALSE"	"logical or character"
"db_HemalBiochemistry"	"HbA1c"	FALSE	"FALSE"	"logical or character"
"db_HemalBiochemistry"	"Alt"	FALSE	"FALSE"	"logical or character"
"db_HemalBiochemistry"	"Ast"	FALSE	"FALSE"	"logical or character"
"db_HemalBiochemistry"	"bilirubin_total_mg.dl"	FALSE	"FALSE"	"logical or character"
"db_HemalBiochemistry"	"bilirubin_total_umol.L"	FALSE	"FALSE"	"logical or character"
"db_HemalBiochemistry"	"alkaline_phosphatase_u.L"	FALSE	"FALSE"	"logical or character"
"db_HemalBiochemistry"	"protein_total_g.dl"	FALSE	"FALSE"	"logical or character"
"db_HemalBiochemistry"	"protein_total_g.L"	FALSE	"FALSE"	"logical or character"
"db_HemalBiochemistry"	"albumin_g.L"	FALSE	"FALSE"	"logical or character"
"db_HemalBiochemistry"	"albumin_g.dl"	FALSE	"FALSE"	"logical or character"
"db_HemalBiochemistry"	"globulin_g.dl"	FALSE	"FALSE"	"logical or character"
"db_HemalBiochemistry"	"globulin_g.L"	FALSE	"FALSE"	"logical or character"
"db_HemalBiochemistry"	"gamma_glutamyl_transferase_13u.l_iu.l"	FALSE	"FALSE"	"logical or character"
"db_HemalBiochemistry"	"creatinine_mg.dl"	FALSE	"FALSE"	"logical or character"
"db_HemalBiochemistry"	"creatinine_umol.L"	FALSE	"FALSE"	"logical or character"
"db_HemalBiochemistry"	"uric_acid_mg.dl"	FALSE	"FALSE"	"logical or character"
"db_HemalBiochemistry"	"uric_acid_umol.L"	FALSE	"FALSE"	"logical or character"
"db_HemalBiochemistry"	"blood_urea_nitrogen_mg.dl"	FALSE	"FALSE"	"logical or character"
"db_HemalBiochemistry"	"blood_urea_nitrogen_mmol.L"	FALSE	"FALSE"	"logical or character"
"db_HemalBiochemistry"	"sodium_mmol.L"	FALSE	"FALSE"	"logical or character"
"db_HemalBiochemistry"	"phosphorus_mg.dl"	FALSE	"FALSE"	"logical or character"
"db_HemalBiochemistry"	"phosphorus_mmol.L"	FALSE	"FALSE"	"logical or character"
"db_HemalBiochemistry"	"calcium_total_mg.dl"	FALSE	"FALSE"	"logical or character"
"db_HemalBiochemistry"	"calcium_total_mmol.L"	FALSE	"FALSE"	"logical or character"
"db_HemalBiochemistry"	"calcium_albumin_corrected_mg.dl"	FALSE	"FALSE"	""
"db_HemalBiochemistry"	"calcium_albumin_corrected_mmol.L"	FALSE	"FALSE"	""
"db_HemalBiochemistry"	"potassium_mmol.L"	FALSE	"FALSE"	"logical or character"
"db_HemalBiochemistry"	"iron_ug.dl"	FALSE	"FALSE"	"logical or character"
"db_HemalBiochemistry"	"iron_umol.L"	FALSE	"FALSE"	"logical or character"
"db_HemalBiochemistry"	"chloride_mmol.L"	FALSE	"FALSE"	"logical or character"
"db_HemalBiochemistry"	"osmolality_mosm.kg"	FALSE	"FALSE"	"logical or character"
"db_HemalBiochemistry"	"bicarbonate_mmol.L"	FALSE	"FALSE"	"logical or character"
"db_HemalBiochemistry"	"fast_triglyceride_mg.dl"	FALSE	"FALSE"	"logical or character"
"db_HemalBiochemistry"	"fast_triglyceride_mmol.L"	FALSE	"FALSE"	"logical or character"
"db_HemalBiochemistry"	"refrige_triglycerides_mg.dl"	FALSE	"FALSE"	"logical or character"
"db_HemalBiochemistry"	"refrige_triglycerides_mmol.L"	FALSE	"FALSE"	"logical or character"
"db_HemalBiochemistry"	"fast_total_cholesterol_mg.dl"	FALSE	"FALSE"	"logical or character"
"db_HemalBiochemistry"	"fast_total_cholesterol_mmol.L"	FALSE	"FALSE"	"logical or character"
"db_HemalBiochemistry"	"refrige_total_cholesterol_mg.dl"	FALSE	"FALSE"	"logical or character"
"db_HemalBiochemistry"	"refrige_total_cholesterol_mmol.L"	FALSE	"FALSE"	"logical or character"
"db_HemalBiochemistry"	"hdl_cholesterol_mmol.L"	FALSE	"FALSE"	"logical or character"
"db_HemalBiochemistry"	"hdl_cholesterol_mg.dl"	FALSE	"FALSE"	"logical or character"
"db_HemalBiochemistry"	"hdl_cholesterol_direct_mg.dl"	FALSE	"FALSE"	"logical or character"
"db_HemalBiochemistry"	"hdl_cholesterol_direct_mmol.L"	FALSE	"FALSE"	"logical or character"
"db_HemalBiochemistry"	"ldl_cholesterol_mmol.L"	FALSE	"FALSE"	"logical or character"
"db_HemalBiochemistry"	"ldl_cholesterol_mg.dl"	FALSE	"FALSE"	"logical or character"
"db_HemalBiochemistry"	"creatine_phosphokinase_cpk_iu.L"	FALSE	"FALSE"	"logical or character"
"db_HemalBiochemistry"	"follicle_stimulating_hormone_iu.L"	FALSE	"FALSE"	"logical or character"
"db_HemalBiochemistry"	"follicle_stimulating_hormone_miu.ml"	FALSE	"FALSE"	"logical or character"
"db_HemalBiochemistry"	"luteinizing_hormone_iu.L"	FALSE	"FALSE"	"logical or character"
"db_HemalBiochemistry"	"luteinizing_hormone_miu.ml"	FALSE	"FALSE"	"logical or character"
"db_HemalBiochemistry"	"ldh_lactate_dehydrogenase_u.L"	FALSE	"FALSE"	"logical or character"
"db_HemalBiochemistry"	"C_reactive_protein_mg.dl"	FALSE	"FALSE"	"logical or character"
"db_HemalBiochemistry"	"hs_C_reactive_protein_mg.L"	FALSE	"FALSE"	"logical or character"
"db_HemalBiochemistry"	"Year"	FALSE	"FALSE"	"logical"
"db_HemalBiochemistry"	"join"	FALSE	"\"left\""	"join"
"db_HemalBiochemistry"	"wtsaf2yr"	FALSE	"FALSE"	"logical"
"db_HemalBiochemistry"	"wtsaf4yr"	FALSE	"FALSE"	"logical"
"db_HemalBiochemistry"	"all"	FALSE	"FALSE"	""
"db_hormone"	"data"	TRUE	""	"data"
"db_hormone"	"years"	TRUE	""	"years"
"db_hormone"	"testosterone_ng.dl"	FALSE	"FALSE"	"logical or character"
"db_hormone"	"free_testosterone_ng.dl"	FALSE	"FALSE"	"logical or character"
"db_hormone"	"bioavailable_testosterone_ng.dl"	FALSE	"FALSE"	"logical or character"
"db_hormone"	"sex_hormone_binding_globulin_nmol.l"	FALSE	"FALSE"	"logical or character"
"db_hormone"	"estradiol_pg.ml"	FALSE	"FALSE"	"logical or character"
"db_hormone"	"androstanedione_glucuronide_ng.ml"	FALSE	"FALSE"	"logical or character"
"db_hormone"	"Year"	FALSE	"FALSE"	"logical"
"db_hormone"	"join"	FALSE	"\"left\""	"join"
"db_IgE"	"all"	FALSE	"FALSE"	"logical"
"db_IgE"	"respondent.sequence.number"	TRUE	""	""
"db_IgE"	"sIgE_ku.l"	TRUE	""	"character or logical"
"db_IgE"	"sIgE_cmt"	TRUE	""	"character or logical"
"db_IgE"	"dust.farinae_ku.l"	TRUE	""	"character or logical"
"db_IgE"	"dust.farinae_cmt"	TRUE	""	"character or logical"
"db_IgE"	"dust.pteronyssinus_ku.l"	TRUE	""	"character or logical"
"db_IgE"	"dust.pteronyssin_cmt"	TRUE	""	"character or logical"
"db_IgE"	"cat_ku.l"	TRUE	""	"character or logical"
"db_IgE"	"cat_cmt"	TRUE	""	"character or logical"
"db_IgE"	"dog_ku.l"	TRUE	""	"character or logical"
"db_IgE"	"dog_cmt"	TRUE	""	"character or logical"
"db_IgE"	"cockroach_ku.l"	TRUE	""	"character or logical"
"db_IgE"	"cockroach_cmt"	TRUE	""	"character or logical"
"db_IgE"	"alternaria_ku.l"	TRUE	""	"character or logical"
"db_IgE"	"alternaria_cmt"	TRUE	""	"character or logical"
"db_IgE"	"peanut_ku.l"	TRUE	""	"character or logical"
"db_IgE"	"peanut_cmt"	TRUE	""	"character or logical"
"db_IgE"	"egg_ku.l"	TRUE	""	"character or logical"
"db_IgE"	"egg_cmt"	TRUE	""	"character or logical"
"db_IgE"	"milk_ku.l"	TRUE	""	"character or logical"
"db_IgE"	"milk_cmt"	TRUE	""	"character or logical"
"db_IgE"	"ragweed_ku.l"	TRUE	""	"character or logical"
"db_IgE"	"ragweed_cmt"	TRUE	""	"character or logical"
"db_IgE"	"rye.grass_ku.l"	TRUE	""	"character or logical"
"db_IgE"	"rye.grass_cmt"	TRUE	""	"character or logical"
"db_IgE"	"bermuda.grass_ku.l"	TRUE	""	"character or logical"
"db_IgE"	"bermuda.grass_cmt"	TRUE	""	"character or logical"
"db_IgE"	"oak_ku.l"	TRUE	""	"character or logical"
"db_IgE"	"oak_cmt"	TRUE	""	"character or logical"
"db_IgE"	"birch_ku.l"	TRUE	""	"character or logical"
"db_IgE"	"birch_cmt"	TRUE	""	"character or logical"
"db_IgE"	"shrimp_ku.l"	TRUE	""	"character or logical"
"db_IgE"	"shrimp_cmt"	TRUE	""	"character or logical"
"db_IgE"	"aspergillus_ku.l"	TRUE	""	"character or logical"
"db_IgE"	"aspergillus_cmt"	TRUE	""	"character or logical"
"db_IgE"	"thistle_ku.l"	TRUE	""	"character or logical"
"db_IgE"	"thistle_cmt"	TRUE	""	"character or logical"
"db_IgE"	"mouse_ku.l"	TRUE	""	"character or logical"
"db_IgE"	"mouse_cmt"	TRUE	""	"character or logical"
"db_IgE"	"rat_ku.l"	TRUE	""	"character or logical"
"db_IgE"	"rat_cmt"	TRUE	""	"character or logical"
"db_IgE"	"join"	FALSE	"\"left\""	"join"
"db_mango"	"data"	TRUE	""	"data"
"db_mango"	"years"	TRUE	""	"years"
"db_mango"	"day"	FALSE	"1"	"1 or 1,2"
"db_mango"	"fun"	FALSE	"c(\"mean\", \"alone\", \"sum\")"	"mean, alone, sum"
"db_mango"	"both2days"	FALSE	"TRUE"	"logical"
"db_mango"	"food.code"	FALSE	"NULL"	"food.code"
"db_mango"	"Year"	FALSE	"FALSE"	"logical"
"db_mango"	"join"	FALSE	"\"left\""	"join"
"db_MCD"	"data"	TRUE	""	"data"
"db_MCD"	"lower_cd"	FALSE	"FALSE"	"logical"
"db_Menopause"	"data"	TRUE	""	"data"
"db_Menopause"	"years"	TRUE	""	"years"
"db_Menopause"	"Year"	FALSE	"FALSE"	"logical"
"db_Menopause"	"join"	FALSE	"\"left\""	"join"
"db_mort"	"data"	TRUE	""	"data"
"db_mort"	"years"	TRUE	""	"years"
"db_mort"	"varLabel"	FALSE	"TRUE"	"logical, default is TRUE"
"db_mort"	"codebook"	FALSE	"TRUE"	"logical, default is TRUE"
"db_mort"	"Year"	FALSE	"FALSE"	"logical"
"db_mort"	"join"	FALSE	"\"left\""	"join"
"db_muscle.strength"	"data"	TRUE	""	"data"
"db_muscle.strength"	"years"	TRUE	""	"years"
"db_muscle.strength"	"grip_test_status"	FALSE	"TRUE"	"character or logical"
"db_muscle.strength"	"ever_had_surgery_on_hands_or_wrists"	FALSE	"TRUE"	"character or logical"
"db_muscle.strength"	"recent_pain_aching_stiffness_right_hand"	FALSE	"TRUE"	"character or logical"
"db_muscle.strength"	"recent_pain_aching_stiffness_left_hand"	FALSE	"TRUE"	"character or logical"
"db_muscle.strength"	"dominant_hand"	FALSE	"FALSE"	"character or logical"
"db_muscle.strength"	"index_finger_90_degree"	FALSE	"FALSE"	"character or logical"
"db_muscle.strength"	"testing_position"	FALSE	"FALSE"	"character or logical"
"db_muscle.strength"	"hassigned_for_practice_trial"	FALSE	"FALSE"	"character or logical"
"db_muscle.strength"	"begin_test_hand"	FALSE	"FALSE"	"character or logical"
"db_muscle.strength"	"gs_t1_h1.kg"	FALSE	"FALSE"	"character or logical"
"db_muscle.strength"	"gs_t1_h1_effort"	FALSE	"FALSE"	"character or logical"
"db_muscle.strength"	"gs_t1_h2.kg"	FALSE	"FALSE"	"character or logical"
"db_muscle.strength"	"gs_t1_h2_effort"	FALSE	"FALSE"	"character or logical"
"db_muscle.strength"	"gs_t2_h1.kg"	FALSE	"FALSE"	"character or logical"
"db_muscle.strength"	"gs_t2_h1_effort"	FALSE	"FALSE"	"character or logical"
"db_muscle.strength"	"gs_t2_h2.kg"	FALSE	"FALSE"	"character or logical"
"db_muscle.strength"	"gs_t2_h2_effort"	FALSE	"FALSE"	"character or logical"
"db_muscle.strength"	"gs_t3_h1.kg"	FALSE	"FALSE"	"character or logical"
"db_muscle.strength"	"gs_t3_h1_effort"	FALSE	"FALSE"	"character or logical"
"db_muscle.strength"	"gs_t3_h2.kg"	FALSE	"FALSE"	"character or logical"
"db_muscle.strength"	"gs_t3_h2_effort"	FALSE	"FALSE"	"character or logical"
"db_muscle.strength"	"combined_grip_strength_kg"	FALSE	"FALSE"	"character or logical"
"db_muscle.strength"	"Year"	FALSE	"FALSE"	"logical"
"db_muscle.strength"	"join"	FALSE	"\"left\""	"join"
"db_nova"	"data"	FALSE	"NULL"	"要追加的数据"
"db_nova"	"all"	FALSE	"FALSE"	"logical"
"db_nova"	"day"	FALSE	"1"	""
"db_nova"	"years"	TRUE	""	"指定年份"
"db_nova"	"unprocessed_minimal.grams"	TRUE	""	"character or logical"
"db_nova"	"ingredients.grams"	TRUE	""	"character or logical"
"db_nova"	"processed.grams"	TRUE	""	"character or logical"
"db_nova"	"ultra_processed.grams"	TRUE	""	"character or logical"
"db_nova"	"unprocessed_minimal.kcal"	TRUE	""	"character or logical"
"db_nova"	"ingredients.kcal"	TRUE	""	"character or logical"
"db_nova"	"processed.kcal"	TRUE	""	"character or logical"
"db_nova"	"ultra_processed.kcal"	TRUE	""	"character or logical"
"db_nova"	"Year"	FALSE	"F"	"是否保留Year列"
"db_nova"	"join"	FALSE	"\"left\""	"数据合并的方向，full，inner，left，right"
"db_ogtt"	"data"	TRUE	""	"data"
"db_ogtt"	"years"	TRUE	""	"years"
"db_ogtt"	"ogtt_subsample_2_year_mec_weight"	FALSE	"FALSE"	"logical or character"
"db_ogtt"	"two_hour_glucose_ogtt_mg.dl"	FALSE	"FALSE"	"logical or character"
"db_ogtt"	"two_hour_glucose_ogtt_mmol.l"	FALSE	"FALSE"	"logical or character"
"db_ogtt"	"total_length_of_food_fast_hours"	FALSE	"FALSE"	"logical or character"
"db_ogtt"	"total_length_of_food_fast_minutes"	FALSE	"FALSE"	"logical or character"
"db_ogtt"	"glucose_challenge_administer_time_in_min"	FALSE	"FALSE"	"logical or character"
"db_ogtt"	"time_from_fast_glucose_challenge_min"	FALSE	"FALSE"	"logical or character"
"db_ogtt"	"time_from_fasting_glucose_ogtt_min"	FALSE	"FALSE"	"logical or character"
"db_ogtt"	"time_from_glucose_challenge_ogtt_min"	FALSE	"FALSE"	"logical or character"
"db_ogtt"	"amount_of_glucose_challenge_drank"	FALSE	"FALSE"	"logical or character"
"db_ogtt"	"incomplete_ogtt_comment_code"	FALSE	"FALSE"	"logical or character"
"db_ogtt"	"Year"	FALSE	"FALSE"	"logical"
"db_ogtt"	"join"	FALSE	"\"left\""	"join"
"db_ohxden"	"data"	TRUE	""	"data"
"db_ohxden"	"years"	TRUE	""	"years"
"db_ohxden"	"exam_status"	FALSE	"FALSE"	""
"db_ohxden"	"dental_implant"	FALSE	"FALSE"	"logical"
"db_ohxden"	"dental_restoration"	FALSE	"FALSE"	"logical"
"db_ohxden"	"dental_sealant"	FALSE	"FALSE"	"logical"
"db_ohxden"	"root_cary"	FALSE	"FALSE"	"logical"
"db_ohxden"	"other_root_lesion"	FALSE	"FALSE"	"logical"
"db_ohxden"	"root_restoration"	FALSE	"FALSE"	"logical"
"db_ohxden"	"other_root_restoration"	FALSE	"FALSE"	"logical"
"db_ohxden"	"dental_decay"	FALSE	"FALSE"	"logical"
"db_ohxden"	"edentulous"	FALSE	"FALSE"	"logical"
"db_ohxden"	"tooth_condition"	FALSE	"FALSE"	"logical"
"db_ohxden"	"coronal_cary_tooth"	FALSE	"FALSE"	"logical"
"db_ohxden"	"coronal_cary_surface"	FALSE	"FALSE"	"logical"
"db_ohxden"	"coronal_caries_2nd_restoration_sc"	FALSE	"FALSE"	"logical"
"db_ohxden"	"coronal_caries_2nd_restoration_tc"	FALSE	"FALSE"	"logical"
"db_ohxden"	"sealants"	FALSE	"FALSE"	"logical"
"db_ohxden"	"foc"	FALSE	"FALSE"	"logical"
"db_ohxden"	"label"	FALSE	"FALSE"	"logical"
"db_ohxden"	"Year"	FALSE	"FALSE"	"logical"
"db_ohxden"	"join"	FALSE	"\"left\""	"join"
"db_paxraw"	"data"	TRUE	""	""
"db_paxraw"	"years"	TRUE	""	""
"db_paxraw"	"Year"	FALSE	"FALSE"	""
"db_paxraw"	"join"	FALSE	"\"left\""	""
"db_PbCd"	"data"	TRUE	""	"data"
"db_PbCd"	"years"	TRUE	""	"years"
"db_PbCd"	"blood_cadmium_ug.l"	TRUE	""	"logical or character for column name"
"db_PbCd"	"blood_cadmium_umol.l"	TRUE	""	"logical or character for column name"
"db_PbCd"	"blood_cadmium_comment_code"	TRUE	""	"logical or character for column name"
"db_PbCd"	"blood_lead_ug.dl"	TRUE	""	"logical or character for column name"
"db_PbCd"	"blood_lead_umol.l"	TRUE	""	"logical or character for column name"
"db_PbCd"	"blood_lead_comment_code"	TRUE	""	"logical or character for column name"
"db_PbCd"	"blood_mercury_total_ug.l"	TRUE	""	"logical or character for column name"
"db_PbCd"	"blood_mercury_total_umol.l"	TRUE	""	"logical or character for column name"
"db_PbCd"	"blood_mercury_total_comment_code"	TRUE	""	"logical or character for column name"
"db_PbCd"	"blood_manganese_ug.l"	TRUE	""	"logical or character for column name"
"db_PbCd"	"blood_manganese_umol.l"	TRUE	""	"logical or character for column name"
"db_PbCd"	"blood_manganese_comment_code"	TRUE	""	"logical or character for column name"
"db_PbCd"	"blood_selenium_ug.l"	TRUE	""	"logical or character for column name"
"db_PbCd"	"blood_selenium_umol.l"	TRUE	""	"logical or character for column name"
"db_PbCd"	"blood_selenium_comment_code"	TRUE	""	"logical or character for column name"
"db_PbCd"	"weight"	FALSE	"FALSE"	"logical"
"db_PbCd"	"Year"	FALSE	"FALSE"	"logical"
"db_PbCd"	"join"	FALSE	"\"left\""	"join"
"db_pooltf"	"data"	TRUE	""	""
"db_pooltf"	"years"	TRUE	""	""
"db_pooltf"	"Year"	FALSE	"FALSE"	""
"db_sandwiches"	"data"	TRUE	""	"data"
"db_sandwiches"	"years"	TRUE	""	"years"
"db_sandwiches"	"day"	FALSE	"1"	"day"
"db_sandwiches"	"fun"	FALSE	"\"mean\""	"mean or sum"
"db_sandwiches"	"both2days"	FALSE	"TRUE"	"logical"
"db_sandwiches"	"unit"	FALSE	"\"gram\""	"gram or kcal"
"db_sandwiches"	"Year"	FALSE	"FALSE"	"logical"
"db_sandwiches"	"join"	FALSE	"\"left\""	"join"
"db_slq"	"data"	TRUE	""	"data"
"db_slq"	"years"	TRUE	""	"years"
"db_slq"	"how_long_to_fall_asleep_minutes"	FALSE	"FALSE"	""
"db_slq"	"how_much_sleep_do_you_get_hours"	FALSE	"FALSE"	""
"db_slq"	"ever_told_doctor_had_trouble_sleeping"	FALSE	"FALSE"	""
"db_slq"	"ever_told_by_doctor_have_sleep_disorder"	FALSE	"FALSE"	""
"db_slq"	"sleep_disorder_sleep_apnea"	FALSE	"FALSE"	""
"db_slq"	"sleep_disorder_insomnia"	FALSE	"FALSE"	""
"db_slq"	"sleep_disorder_restless_legs"	FALSE	"FALSE"	""
"db_slq"	"sleep_disorder_other"	FALSE	"FALSE"	""
"db_slq"	"how_often_do_you_snore"	FALSE	"FALSE"	""
"db_slq"	"how_often_do_you_snort_or_stop_breathing"	FALSE	"FALSE"	""
"db_slq"	"how_often_have_trouble_falling_asleep"	FALSE	"FALSE"	""
"db_slq"	"how_often_wake_up_during_night"	FALSE	"FALSE"	""
"db_slq"	"how_often_wake_up_too_early_in_morning"	FALSE	"FALSE"	""
"db_slq"	"how_often_feel_unrested_during_the_day"	FALSE	"FALSE"	""
"db_slq"	"how_often_feel_overly_sleepy_during_day"	FALSE	"FALSE"	""
"db_slq"	"how_often_did_you_not_get_enough_sleep"	FALSE	"FALSE"	""
"db_slq"	"how_often_take_pills_to_help_you_sleep"	FALSE	"FALSE"	""
"db_slq"	"how_often_have_leg_jerks_while_sleeping"	FALSE	"FALSE"	""
"db_slq"	"how_often_have_legs_cramp_while_sleeping"	FALSE	"FALSE"	""
"db_slq"	"difficulty_concentrating_when_tired"	FALSE	"FALSE"	""
"db_slq"	"difficulty_remembering_when_tired"	FALSE	"FALSE"	""
"db_slq"	"difficulty_eating_when_tired"	FALSE	"FALSE"	""
"db_slq"	"difficulty_with_a_hobby_when_tired"	FALSE	"FALSE"	""
"db_slq"	"difficulty_getting_things_done"	FALSE	"FALSE"	""
"db_slq"	"difficulty_with_finance_when_tired"	FALSE	"FALSE"	""
"db_slq"	"difficulty_at_work_because_tired"	FALSE	"FALSE"	""
"db_slq"	"difficulty_on_phone_when_tired"	FALSE	"FALSE"	""
"db_slq"	"usual_sleep_time_on_weekdays_or_workdays"	FALSE	"FALSE"	""
"db_slq"	"usual_wake_time_on_weekdays_or_workdays"	FALSE	"FALSE"	""
"db_slq"	"sleep_hours_weekdays_or_workdays"	FALSE	"FALSE"	""
"db_slq"	"usual_sleep_time_on_weekends"	FALSE	"FALSE"	""
"db_slq"	"usual_wake_time_on_weekends"	FALSE	"FALSE"	""
"db_slq"	"sleep_hours_weekends"	FALSE	"FALSE"	""
"db_slq"	"Year"	FALSE	"FALSE"	"logical"
"db_slq"	"join"	FALSE	"\"left\""	"join"
"db_sprint"	"data"	TRUE	""	"data"
"db_sprint"	"years"	TRUE	""	"years"
"db_sprint"	"Year"	FALSE	"FALSE"	"logical"
"db_sprint"	"join"	FALSE	"\"left\""	"join"
"db_spx"	"data"	TRUE	""	"data"
"db_spx"	"years"	TRUE	""	"years"
"db_spx"	"test_status_first"	TRUE	""	"logical or character for column name"
"db_spx"	"test_comment_first"	TRUE	""	"logical or character for column name"
"db_spx"	"fvc_baseline_ml"	TRUE	""	"logical or character for column name"
"db_spx"	"extrapolated_volume_baseline_ml"	TRUE	""	"logical or character for column name"
"db_spx"	"fev_0.5_baseline_ml"	TRUE	""	"logical or character for column name"
"db_spx"	"fev_0.75_baseline_ml"	TRUE	""	"logical or character for column name"
"db_spx"	"fev_1_baseline_ml"	TRUE	""	"logical or character for column name"
"db_spx"	"fev_3_baseline_ml"	TRUE	""	"logical or character for column name"
"db_spx"	"fev_6_baseline_ml"	TRUE	""	"logical or character for column name"
"db_spx"	"pef_baseline_ml.s"	TRUE	""	"logical or character for column name"
"db_spx"	"fef_25.75_baseline_ml.s"	TRUE	""	"logical or character for column name"
"db_spx"	"forced_expiratory_time_baseline_s"	TRUE	""	"logical or character for column name"
"db_spx"	"fvc_quality_attribute_baseline"	TRUE	""	"logical or character for column name"
"db_spx"	"fev1_quality_attribute_baseline"	TRUE	""	"logical or character for column name"
"db_spx"	"number_of_acceptable_curves_baseline"	TRUE	""	"logical or character for column name"
"db_spx"	"effort_quality_attribute_baseline"	TRUE	""	"logical or character for column name"
"db_spx"	"selected_for_bronchodilator"	TRUE	""	"logical or character for column name"
"db_spx"	"spirometry_second_test_status"	TRUE	""	"logical or character for column name"
"db_spx"	"spirometry_second_test_comment"	TRUE	""	"logical or character for column name"
"db_spx"	"fvc_2nd_ml"	TRUE	""	"logical or character for column name"
"db_spx"	"extrapolated_volume_2nd_ml"	TRUE	""	"logical or character for column name"
"db_spx"	"fev_0.5_2nd_ml"	TRUE	""	"logical or character for column name"
"db_spx"	"fev_0.75_2nd_ml"	TRUE	""	"logical or character for column name"
"db_spx"	"fev_1_2nd_ml"	TRUE	""	"logical or character for column name"
"db_spx"	"fev_3_2nd_ml"	TRUE	""	"logical or character for column name"
"db_spx"	"fev_6_2nd_ml"	TRUE	""	"logical or character for column name"
"db_spx"	"pef_2nd_ml.s"	TRUE	""	"logical or character for column name"
"db_spx"	"fef_25.75_2nd_ml.s"	TRUE	""	"logical or character for column name"
"db_spx"	"forced_expiratory_time_2nd_s"	TRUE	""	"logical or character for column name"
"db_spx"	"fvc_quality_attribute_2nd"	TRUE	""	"logical or character for column name"
"db_spx"	"fev1_quality_attribute_2nd"	TRUE	""	"logical or character for column name"
"db_spx"	"number_of_acceptable_curves_2nd"	TRUE	""	"logical or character for column name"
"db_spx"	"effort_quality_attribute_2nd"	TRUE	""	"logical or character for column name"
"db_spx"	"Year"	FALSE	"FALSE"	"logical"
"db_spx"	"join"	FALSE	"\"left\""	"join"
"db_tea"	"data"	TRUE	""	"data"
"db_tea"	"years"	TRUE	""	"years"
"db_tea"	"day"	FALSE	"1"	"day=1 or day=2 or day=c(1,2)"
"db_tea"	"fun"	FALSE	"c(\"mean\", \"alone\", \"sum\")"	"mean or alone or sum"
"db_tea"	"unit"	FALSE	"c(\"gram\", \"kcal\", \"cup\")"	"gram, kcal or cup"
"db_tea"	"sweeten"	FALSE	"FALSE"	"logical"
"db_tea"	"caffeinate"	FALSE	"FALSE"	"logical"
"db_tea"	"green"	FALSE	"FALSE"	"logical"
"db_tea"	"black"	FALSE	"FALSE"	"logical"
"db_tea"	"oolong"	FALSE	"FALSE"	"logical"
"db_tea"	"iced"	FALSE	"FALSE"	"logical"
"db_tea"	"hot"	FALSE	"FALSE"	"logical"
"db_tea"	"normT"	FALSE	"FALSE"	"logical"
"db_tea"	"leaf"	FALSE	"FALSE"	"logical"
"db_tea"	"instant"	FALSE	"FALSE"	"logical"
"db_tea"	"bottle"	FALSE	"FALSE"	"logical"
"db_tea"	"both2days"	FALSE	"TRUE"	"logical"
"db_tea"	"food.code"	FALSE	"NULL"	"foode code"
"db_tea"	"Year"	FALSE	"FALSE"	"logical"
"db_tea"	"join"	FALSE	"\"left\""	"join"
"db_urine.alb.cr"	"data"	TRUE	""	"data"
"db_urine.alb.cr"	"years"	TRUE	""	"years"
"db_urine.alb.cr"	"albumin_urine_mg.l"	FALSE	"FALSE"	"logical or character"
"db_urine.alb.cr"	"albumin_urine_ug.ml"	FALSE	"FALSE"	"logical or character"
"db_urine.alb.cr"	"creatinine_urine_mg.dl"	FALSE	"FALSE"	"logical or character"
"db_urine.alb.cr"	"creatinine_urine_umol.l"	FALSE	"FALSE"	"logical or character"
"db_urine.alb.cr"	"uACR_mg.g"	FALSE	"FALSE"	"logical or character"
"db_urine.alb.cr"	"Year"	FALSE	"FALSE"	"logical"
"db_urine.alb.cr"	"join"	FALSE	"\"left\""	"join"
"delet_masc"	"d"	TRUE	""	""
"delet_masc"	"ex_col"	FALSE	"NULL"	""
"delete_variable"	"fit"	TRUE	""	""
"delete_variable"	"..."	FALSE	""	""
"delete_variable"	"vars"	FALSE	"NULL"	""
"delete_variable"	"data"	FALSE	"NULL"	""
"delete_variable_rcs_keepx"	"fit"	TRUE	""	""
"delete_variable_rcs_keepx"	"data"	FALSE	"NULL"	""
"delete_variable_rcs_keepx"	"dataxxyyyyxx"	FALSE	"F"	""
"design4matchit"	"design"	TRUE	""	"design"
"deviance_svycoxph"	"object"	TRUE	""	""
"dex_ABPI"	"data"	TRUE	""	"data"
"dex_ABPI"	"years"	TRUE	""	"years"
"dex_ABPI"	"left_abpi"	FALSE	"TRUE"	"left abpi"
"dex_ABPI"	"right_abpi"	FALSE	"TRUE"	"right abpi"
"dex_ABPI"	"Year"	FALSE	"FALSE"	"logical"
"dex_ABPI"	"join"	FALSE	"\"left\""	"join"
"dex_ABSI"	"data"	TRUE	""	"data"
"dex_ABSI"	"years"	TRUE	""	"years"
"dex_ABSI"	"Year"	FALSE	"FALSE"	"logcial"
"dex_ABSI"	"join"	FALSE	"\"left\""	"join"
"dex_AHA.PREVENT"	"data"	TRUE	""	"data"
"dex_AHA.PREVENT"	"years"	TRUE	""	"years"
"dex_AHA.PREVENT"	"CVD_10yr.risk"	FALSE	"F"	"logical"
"dex_AHA.PREVENT"	"ASCVD_10yr.risk"	FALSE	"F"	"logical"
"dex_AHA.PREVENT"	"HF_10yr.risk"	FALSE	"F"	"logical"
"dex_AHA.PREVENT"	"component"	FALSE	"F"	"logical"
"dex_AHA.PREVENT"	"Year"	FALSE	"F"	"logical"
"dex_AHA.PREVENT"	"join"	FALSE	"\"left\""	"left"
"dex_AIP"	"data"	FALSE	"NULL"	"data"
"dex_AIP"	"years"	TRUE	""	"years"
"dex_AIP"	"weight"	FALSE	"FALSE"	"logical"
"dex_AIP"	"Year"	FALSE	"FALSE"	"logical"
"dex_AIP"	"join"	FALSE	"\"left\""	"join"
"dex_AIP"	"cat"	FALSE	"TRUE"	"logical"
"dex_animal.protein"	"data"	TRUE	""	""
"dex_animal.protein"	"years"	TRUE	""	""
"dex_animal.protein"	"Year"	FALSE	"FALSE"	""
"dex_animal.protein"	"join"	FALSE	"\"left\""	""
"dex_ASCVD.h10yr"	"data"	TRUE	""	"data"
"dex_ASCVD.h10yr"	"years"	TRUE	""	"years"
"dex_ASCVD.h10yr"	"age"	FALSE	"\"[40,79]\""	"range of age. pass to bu(). default is \"40,79\""
"dex_ASCVD.h10yr"	"restrict.Race"	FALSE	"TRUE"	"logical. whether resctrict race to non-hispanic white"
"dex_ASCVD.h10yr"	"component"	FALSE	"FALSE"	"logical"
"dex_ASCVD.h10yr"	"weight"	FALSE	"FALSE"	"logical"
"dex_ASCVD.h10yr"	"Year"	FALSE	"FALSE"	"logical"
"dex_ASCVD.h10yr"	"join"	FALSE	"\"left\""	"join"
"dex_BARD"	"data"	TRUE	""	"data"
"dex_BARD"	"years"	TRUE	""	"years"
"dex_BARD"	"Year"	FALSE	"FALSE"	"logical"
"dex_BARD"	"join"	FALSE	"\"left\""	"join"
"dex_BiologicalAge"	"data"	TRUE	""	"data"
"dex_BiologicalAge"	"biomarkers"	FALSE	"NULL"	"biomarkers"
"dex_BiologicalAge"	"by"	FALSE	"NULL"	"one or more group variables"
"dex_body.fat.percentage"	"data"	TRUE	""	"data"
"dex_body.fat.percentage"	"years"	TRUE	""	"years"
"dex_body.fat.percentage"	"Year"	FALSE	"FALSE"	"logical"
"dex_body.fat.percentage"	"join"	FALSE	"\"left\""	"join"
"dex_BRI"	"data"	TRUE	""	"data"
"dex_BRI"	"years"	TRUE	""	"years"
"dex_BRI"	"Year"	FALSE	"FALSE"	"logcial"
"dex_BRI"	"join"	FALSE	"\"left\""	"join"
"dex_CALLY"	"data"	TRUE	""	"数据"
"dex_CALLY"	"years"	TRUE	""	"年份"
"dex_CALLY"	"all"	FALSE	"FALSE"	"logical"
"dex_CALLY"	"CALLY"	FALSE	"T"	"character or logical"
"dex_CALLY"	"crp"	TRUE	""	"character or logical"
"dex_CALLY"	"alb"	TRUE	""	"character or logical"
"dex_CALLY"	"lym"	TRUE	""	"character or logical"
"dex_CALLY"	"Year"	FALSE	"F"	"character or logical"
"dex_CALLY"	"join"	FALSE	"\"left\""	""
"dex_CCI"	"data"	TRUE	""	"data"
"dex_CCI"	"years"	TRUE	""	"years"
"dex_CCI"	"cci_number"	FALSE	"FALSE"	"logical. whether to keep items number"
"dex_CCI"	"Year"	FALSE	"FALSE"	"logical"
"dex_CCI"	"join"	FALSE	"\"left\""	"join"
"dex_CDAI"	"data"	TRUE	""	"data"
"dex_CDAI"	"years"	TRUE	""	"years"
"dex_CDAI"	"day"	FALSE	"1"	""
"dex_CDAI"	"both2days"	FALSE	"T"	""
"dex_CDAI"	"component"	FALSE	"FALSE"	"logical"
"dex_CDAI"	"Year"	FALSE	"FALSE"	"logical"
"dex_CDAI"	"join"	FALSE	"\"left\""	"join"
"dex_CDAI"	"round"	FALSE	"3"	"3"
"dex_CMDS"	"data"	TRUE	""	"data"
"dex_CMDS"	"years"	TRUE	""	"years"
"dex_CMDS"	"weight"	FALSE	"FALSE"	""
"dex_CMDS"	"Year"	FALSE	"FALSE"	"logical"
"dex_CMDS"	"join"	FALSE	"\"left\""	"join"
"dex_CMI"	"data"	TRUE	""	"data"
"dex_CMI"	"years"	TRUE	""	""
"dex_CMI"	"CMI"	TRUE	""	"character or logical"
"dex_CMI"	"tg_mmol.L"	TRUE	""	"character or logical"
"dex_CMI"	"hdl_mmol.L"	TRUE	""	"character or logical"
"dex_CMI"	"WHtR"	TRUE	""	"waist/height; character or logical"
"dex_CMI"	"Year"	FALSE	"FALSE"	"character or logical"
"dex_CMI"	"join"	FALSE	"\"left\""	"join"
"dex_CONUT"	"data"	TRUE	""	"data"
"dex_CONUT"	"years"	TRUE	""	"years"
"dex_CONUT"	"Year"	FALSE	"FALSE"	"logical"
"dex_CONUT"	"join"	FALSE	"\"left\""	"join"
"dex_DASH.Mellen"	"data"	TRUE	""	"data"
"dex_DASH.Mellen"	"years"	TRUE	""	"years"
"dex_DASH.Mellen"	"day"	FALSE	"1"	"1 or 2 or c(1,2)(fun = mean)"
"dex_DASH.Mellen"	"both2days"	FALSE	"T"	"logical, default is TRUE"
"dex_DASH.Mellen"	"component"	FALSE	"F"	"logical"
"dex_DASH.Mellen"	"Year"	FALSE	"FALSE"	"logical"
"dex_DASH.Mellen"	"join"	FALSE	"\"left\""	"join"
"dex_DI_GM"	"data"	TRUE	""	"要合并的数据"
"dex_DI_GM"	"years"	TRUE	""	"要提取的年份，从2007年开始"
"dex_DI_GM"	"day"	FALSE	"1"	"day =1 或者day=c(1,2)，默认是day=1"
"dex_DI_GM"	"score"	FALSE	"F"	"是否返回各项得分"
"dex_DI_GM"	"component"	FALSE	"F"	"是否返回各项原始数据"
"dex_DI_GM"	"Year"	FALSE	"FALSE"	"是否保留Year列"
"dex_DI_GM"	"join"	FALSE	"\"left\""	"数据合并的方式"
"dex_DII"	"data"	TRUE	""	"dataframe or list to be attarched"
"dex_DII"	"years"	TRUE	""	"years"
"dex_DII"	"day"	FALSE	"1"	"1"
"dex_DII"	"rawComponet"	FALSE	"FALSE"	"logical, whether to keep raw componet data"
"dex_DII"	"both2days"	FALSE	"F"	""
"dex_DII"	"cat"	FALSE	"TRUE"	"logical"
"dex_DII"	"Year"	FALSE	"FALSE"	"logical"
"dex_DII"	"join"	FALSE	"\"left\""	"join"
"dex_eGDR"	"data"	FALSE	"NULL"	"要追加的数据"
"dex_eGDR"	"all"	FALSE	"FALSE"	"logical"
"dex_eGDR"	"years"	TRUE	""	"指定年份"
"dex_eGDR"	"eGDR"	FALSE	"T"	"character or logical"
"dex_eGDR"	"Year"	FALSE	"F"	"是否保留Year列"
"dex_eGDR"	"join"	FALSE	"\"left\""	"数据合并的方向，full，inner，left，right"
"dex_eGFR"	"data"	TRUE	""	"data"
"dex_eGFR"	"years"	TRUE	""	"years"
"dex_eGFR"	"method"	FALSE	"\"CKD_EPI_Scr_2009\""	"10 methods: Cockcroft_Gault MDRD_1999, MDRD_2000, MDRD_2007 CKD_EPI_Scr_2021,CKD_EPI_Scr_2009, CKD_EPI_SCysC_2012, CKD_EPI_Scr_SCysC_2012 Schwartz BIS1_Scr, BIS2_Scr_SCysC, FAS_age, FAS_height"
"dex_eGFR"	"Year"	FALSE	"FALSE"	"logical"
"dex_eGFR"	"join"	FALSE	"\"left\""	"join"
"dex_ePWV"	"data"	TRUE	""	"data"
"dex_ePWV"	"years"	TRUE	""	"years"
"dex_ePWV"	"Year"	FALSE	"FALSE"	"logical"
"dex_ePWV"	"join"	FALSE	"\"left\""	"join"
"dex_ePWV"	"component"	FALSE	"F"	"logical"
"dex_fasting.time"	"data"	FALSE	"NULL"	"要追加的数据"
"dex_fasting.time"	"years"	TRUE	""	"指定年份"
"dex_fasting.time"	"day"	FALSE	"1"	"1"
"dex_fasting.time"	"fasting.time"	FALSE	"T"	"禁食时间，单位小时"
"dex_fasting.time"	"Year"	FALSE	"F"	"是否保留Year列"
"dex_fasting.time"	"join"	FALSE	"\"left\""	"数据合并的方向，full，inner，left，right"
"dex_fat.mass"	"data"	TRUE	""	"data"
"dex_fat.mass"	"years"	TRUE	""	"years"
"dex_fat.mass"	"Year"	FALSE	"FALSE"	"logical"
"dex_fat.mass"	"join"	FALSE	"\"left\""	"join"
"dex_FIB.4"	"data"	TRUE	""	"data"
"dex_FIB.4"	"years"	TRUE	""	"years"
"dex_FIB.4"	"Year"	FALSE	"FALSE"	"logical"
"dex_FIB.4"	"join"	FALSE	"\"left\""	"join"
"dex_fii"	"data"	FALSE	"NULL"	"要追加的数据"
"dex_fii"	"all"	FALSE	"FALSE"	"logical"
"dex_fii"	"day"	FALSE	"1"	""
"dex_fii"	"years"	TRUE	""	"指定年份"
"dex_fii"	"Year"	FALSE	"F"	"是否保留Year列"
"dex_fii"	"join"	FALSE	"\"left\""	"数据合并的方向，full，inner，left，right"
"dex_FLI"	"data"	TRUE	""	"data"
"dex_FLI"	"years"	TRUE	""	"years"
"dex_FLI"	"Year"	FALSE	"FALSE"	"logical"
"dex_FLI"	"join"	FALSE	"\"left\""	"left"
"dex_Frailty"	"data"	TRUE	""	"data"
"dex_Frailty"	"years"	TRUE	""	"years"
"dex_Frailty"	"component"	FALSE	"FALSE"	"logical. whether to keep 49 components"
"dex_FS"	"data"	TRUE	""	"data"
"dex_FS"	"years"	TRUE	""	"years"
"dex_FS"	"Year"	FALSE	"FALSE"	"logical"
"dex_FS"	"join"	FALSE	"\"left\""	"join"
"dex_FS"	"weight"	FALSE	"FALSE"	"wtsaf2yr/wtsaf2yr for lipid"
"dex_FSI"	"data"	TRUE	""	"data"
"dex_FSI"	"years"	TRUE	""	"years"
"dex_FSI"	"Year"	FALSE	"FALSE"	"logical"
"dex_FSI"	"join"	FALSE	"\"left\""	"join"
"dex_FSI"	"weight"	FALSE	"FALSE"	"wtsaf2yr/wtsaf2yr for lipid"
"dex_GNRI"	"data"	TRUE	""	"data"
"dex_GNRI"	"years"	TRUE	""	"years"
"dex_GNRI"	"cut"	TRUE	""	"one or more numeric"
"dex_GNRI"	"method"	FALSE	"c(\"22\", \"105\", \"wlo\")"	"methods for caculate idael body weight. 22(default), or 105 or wlo 22: 22 * (height(m) - 0.1(female))^2 105: height(cm) - 105 wlo: height(cm) - 100 - (height(cm) - 150) / (4(male), 2.5(female))"
"dex_GPS"	"data"	TRUE	""	"data"
"dex_GPS"	"years"	TRUE	""	"years"
"dex_GPS"	"Year"	FALSE	"FALSE"	"logical"
"dex_GPS"	"join"	FALSE	"\"left\""	"join"
"dex_HeartAge"	"data"	TRUE	""	"data"
"dex_HeartAge"	"years"	TRUE	""	"years"
"dex_HeartAge"	"CVD.10yr.risk"	FALSE	"FALSE"	"logical"
"dex_HeartAge"	"component"	FALSE	"FALSE"	"logical"
"dex_HeartAge"	"points_var"	FALSE	"FALSE"	"logical"
"dex_HeartAge"	"Year"	FALSE	"FALSE"	"logical"
"dex_HeartAge"	"join"	FALSE	"\"left\""	"join"
"dex_HEI"	"data"	TRUE	""	"data to be attached"
"dex_HEI"	"years"	TRUE	""	"years"
"dex_HEI"	"version"	FALSE	"c(\"2015\", \"2010\")"	"2015 or 2010"
"dex_HEI"	"method"	FALSE	"c(\"ssum\", \"pratio\")"	"ssum or pratio. ssum: simple sum, pratio: population ratio"
"dex_HEI"	"dietary"	FALSE	"c(\"tot\", \"iff\")"	"tot or iff"
"dex_HEI"	"day"	FALSE	"1"	"1 or 2 for per day, 1 and 2 for per person"
"dex_HEI"	"both2days"	FALSE	"F"	""
"dex_HEI"	"varLabel"	FALSE	"FALSE"	"(for ssum) logical. whether to add variable label to HEI data"
"dex_HEI"	"energy"	FALSE	"TRUE"	"(for ssum) logical. whether to keep energy column"
"dex_HEI"	"component"	FALSE	"TRUE"	"(for ssum) logical. whether to keep component columns"
"dex_HEI"	"density"	FALSE	"FALSE"	"(for ssum) logical. whether to keep density columns"
"dex_HEI"	"seed"	FALSE	"NULL"	"(for pratio) seed"
"dex_high.quality.carbohydrate"	"data"	TRUE	""	""
"dex_high.quality.carbohydrate"	"years"	TRUE	""	""
"dex_high.quality.carbohydrate"	"Year"	FALSE	"FALSE"	""
"dex_high.quality.carbohydrate"	"join"	FALSE	"\"left\""	""
"dex_HOMA"	"data"	TRUE	""	"data"
"dex_HOMA"	"years"	TRUE	""	"years"
"dex_HOMA"	"IR"	FALSE	"TRUE"	"logical. whether to keep IR, insulin resistance"
"dex_HOMA"	"IS"	FALSE	"TRUE"	"logical. whether to keep IS, insulin sensitivity"
"dex_HOMA"	"beta"	FALSE	"TRUE"	"logical. whether to keep beta, function of beta cell function"
"dex_HOMA"	"fglu"	FALSE	"FALSE"	"logical. whether to keep fast glucose"
"dex_HOMA"	"finsulin"	FALSE	"FALSE"	"logical. whether to keep fast insulin"
"dex_HOMA"	"Year"	FALSE	"FALSE"	"logical"
"dex_HOMA"	"join"	FALSE	"\"left\""	"join"
"dex_HSI"	"data"	TRUE	""	"data"
"dex_HSI"	"years"	TRUE	""	"years"
"dex_HSI"	"Year"	FALSE	"FALSE"	"logical"
"dex_HSI"	"join"	FALSE	"\"left\""	"join"
"dex_LAP"	"data"	TRUE	""	"data"
"dex_LAP"	"years"	TRUE	""	"years"
"dex_LAP"	"Year"	FALSE	"FALSE"	"logical"
"dex_LAP"	"join"	FALSE	"\"left\""	"join"
"dex_LC9"	"data"	TRUE	""	"data"
"dex_LC9"	"years"	TRUE	""	"years"
"dex_LC9"	"day"	FALSE	"1"	"1 or c(1,2) for hei"
"dex_LC9"	"componet"	FALSE	"FALSE"	"是否返回9个因子得分"
"dex_LC9"	"Year"	FALSE	"FALSE"	"logical"
"dex_LC9"	"join"	FALSE	"\"left\""	"join"
"dex_LE8"	"data"	TRUE	""	"data"
"dex_LE8"	"years"	TRUE	""	"years"
"dex_LE8"	"day"	FALSE	"1"	"1 or c(1,2) for hei"
"dex_LE8"	"componet"	FALSE	"FALSE"	"logical"
"dex_LE8"	"Year"	FALSE	"FALSE"	"logical"
"dex_LE8"	"join"	FALSE	"\"left\""	"join"
"dex_lean.mass"	"data"	TRUE	""	"data"
"dex_lean.mass"	"years"	TRUE	""	"years"
"dex_lean.mass"	"Year"	FALSE	"FALSE"	"logical"
"dex_lean.mass"	"join"	FALSE	"\"left\""	"join"
"dex_low.qulity.carbohydrate"	"data"	TRUE	""	""
"dex_low.qulity.carbohydrate"	"years"	TRUE	""	""
"dex_low.qulity.carbohydrate"	"Year"	FALSE	"FALSE"	""
"dex_low.qulity.carbohydrate"	"join"	FALSE	"\"left\""	""
"dex_LS7"	"data"	TRUE	""	"data"
"dex_LS7"	"years"	TRUE	""	"years"
"dex_LS7"	"count"	FALSE	"FALSE"	"logical. whether to keep LS7 component count"
"dex_LS7"	"component_score"	FALSE	"FALSE"	"logical"
"dex_LS7"	"component_raw"	FALSE	"FALSE"	"logical"
"dex_LS7"	"hei_version"	FALSE	"2010"	"see dex_HEI"
"dex_LS7"	"Year"	FALSE	"FALSE"	"logical"
"dex_LS7"	"join"	FALSE	"\"left\""	"join"
"dex_MAO"	"data"	TRUE	""	"data"
"dex_MAO"	"years"	TRUE	""	"years"
"dex_MAO"	"Year"	FALSE	"FALSE"	"logical"
"dex_MAO"	"yes1"	FALSE	"FALSE"	"logical"
"dex_MAO"	"join"	FALSE	"\"left\""	"join"
"dex_METS.IR"	"data"	TRUE	""	"data"
"dex_METS.IR"	"years"	TRUE	""	"years"
"dex_METS.IR"	"Year"	FALSE	"FALSE"	"logical"
"dex_METS.IR"	"join"	FALSE	"\"left\""	"join"
"dex_METS.VF"	"data"	TRUE	""	"data"
"dex_METS.VF"	"years"	TRUE	""	"years"
"dex_METS.VF"	"Year"	FALSE	"FALSE"	"logical"
"dex_METS.VF"	"join"	FALSE	"\"left\""	"join"
"dex_MgDS"	"data"	TRUE	""	"data"
"dex_MgDS"	"years"	TRUE	""	"years"
"dex_MgDS"	"component"	FALSE	"FALSE"	""
"dex_MgDS"	"Year"	FALSE	"FALSE"	"logical"
"dex_MgDS"	"join"	FALSE	"\"left\""	"join"
"dex_MHO"	"data"	TRUE	""	"data"
"dex_MHO"	"years"	TRUE	""	"years"
"dex_MHO"	"Year"	FALSE	"FALSE"	"logical"
"dex_MHO"	"yes1"	FALSE	"FALSE"	"logical"
"dex_MHO"	"join"	FALSE	"\"left\""	"join"
"dex_MMII"	"data"	FALSE	"NULL"	""
"dex_MMII"	"years"	TRUE	""	""
"dex_MMII"	"MMII"	FALSE	"T"	"character or logical"
"dex_MMII"	"component"	FALSE	"F"	"是否返回计算成分"
"dex_MMII"	"Year"	FALSE	"F"	""
"dex_MMII"	"join"	FALSE	"\"left\""	""
"dex_MQI"	"data"	TRUE	""	"data"
"dex_MQI"	"years"	TRUE	""	"years. may only be 2011-2012 and 2013-2014"
"dex_MQI"	"MQI.total"	FALSE	"TRUE"	"logical"
"dex_MQI"	"MQI.app"	FALSE	"FALSE"	"logical"
"dex_MQI"	"MQI.arm"	FALSE	"FALSE"	"logical"
"dex_MQI"	"ASM"	FALSE	"FALSE"	"logical"
"dex_MQI"	"ASMI"	FALSE	"FALSE"	"logical"
"dex_MQI"	"Year"	FALSE	"FALSE"	"logical"
"dex_MQI"	"QC"	FALSE	"TRUE"	"logical. Quality Control"
"dex_MQI"	"GF.dominant"	FALSE	"FALSE"	""
"dex_MQI"	"join"	FALSE	"\"left\""	"join"
"dex_Muscle.strength"	"data"	TRUE	""	"data"
"dex_Muscle.strength"	"years"	TRUE	""	"years"
"dex_Muscle.strength"	"activity"	FALSE	"FALSE"	"logical"
"dex_Muscle.strength"	"times"	FALSE	"FALSE"	"logical"
"dex_Muscle.strength"	"MET"	FALSE	"FALSE"	"logical"
"dex_Muscle.strength"	"week"	FALSE	"TRUE"	"logical"
"dex_Muscle.strength"	"Year"	FALSE	"FALSE"	"logical"
"dex_Muscle.strength"	"join"	FALSE	"\"left\""	"join"
"dex_NAFLD.LFS"	"data"	TRUE	""	"data"
"dex_NAFLD.LFS"	"years"	TRUE	""	"years"
"dex_NAFLD.LFS"	"Year"	FALSE	"FALSE"	"logical"
"dex_NAFLD.LFS"	"Mets"	FALSE	"c(\"IDF2006\", \"ATP\", \"IDF2009\", \"Harm\")"	""
"dex_NAFLD.LFS"	"join"	FALSE	"\"left\""	"join"
"dex_NAFLD.LFS"	"cat"	FALSE	"TRUE"	"logical"
"dex_NAFLD.LFS"	"component"	FALSE	"FALSE"	"logical"
"dex_NFS"	"data"	TRUE	""	"data"
"dex_NFS"	"years"	TRUE	""	"years"
"dex_NFS"	"Year"	FALSE	"FALSE"	"logical"
"dex_NFS"	"join"	FALSE	"\"left\""	""
"dex_NFS"	"weight"	FALSE	"FALSE"	"logical. wtsaf2yr/wtsaf2yr for fast glucose"
"dex_NLR"	"data"	FALSE	"NULL"	"要追加的数据"
"dex_NLR"	"all"	FALSE	"FALSE"	"logical"
"dex_NLR"	"years"	TRUE	""	"指定年份"
"dex_NLR"	"NLR"	TRUE	""	"character or logical"
"dex_NLR"	"Year"	FALSE	"F"	"是否保留Year列"
"dex_NLR"	"join"	FALSE	"\"left\""	"数据合并的方向，full，inner，left，right"
"dex_NPS"	"data"	TRUE	""	"data"
"dex_NPS"	"years"	TRUE	""	"years"
"dex_NPS"	"Year"	FALSE	"FALSE"	"logical"
"dex_NPS"	"join"	FALSE	"\"left\""	"join"
"dex_OBS"	"data"	TRUE	""	"data"
"dex_OBS"	"years"	TRUE	""	"years"
"dex_OBS"	"day"	FALSE	"c(1, 2)"	"day = c(1,2) or day = 1(default)"
"dex_OBS"	"OBS.dietary"	FALSE	"FALSE"	"logical"
"dex_OBS"	"OBS.lifestyle"	FALSE	"FALSE"	"logiall"
"dex_OBS"	"component"	FALSE	"FALSE"	"logical"
"dex_OBS"	"score"	FALSE	"FALSE"	"logical"
"dex_OBS"	"Year"	FALSE	"FALSE"	"logical"
"dex_OBS"	"join"	FALSE	"\"left\""	"join"
"dex_OBS"	"cat"	FALSE	"T"	"logical"
"dex_PAiaf"	"data"	TRUE	""	"data"
"dex_PAiaf"	"years"	TRUE	""	"years"
"dex_PAiaf"	"activity"	FALSE	"FALSE"	"logical"
"dex_PAiaf"	"level"	FALSE	"FALSE"	"logical"
"dex_PAiaf"	"times"	FALSE	"FALSE"	"logical"
"dex_PAiaf"	"duration"	FALSE	"FALSE"	"logical"
"dex_PAiaf"	"mets"	FALSE	"FALSE"	"logical"
"dex_PAiaf"	"weight_type"	FALSE	"FALSE"	"logical"
"dex_PAiaf"	"PA_iaf"	FALSE	"FALSE"	"logical"
"dex_PAiaf"	"Year"	FALSE	"FALSE"	"logical"
"dex_PAiaf"	"week"	FALSE	"FALSE"	"logical"
"dex_PAiaf"	"join"	FALSE	"\"left\""	"join"
"dex_phenoAge"	"data"	TRUE	""	"data"
"dex_phenoAge"	"years"	TRUE	""	"years"
"dex_phenoAge"	"component"	FALSE	"FALSE"	""
"dex_phenoAge"	"Year"	FALSE	"FALSE"	"logical"
"dex_phenoAge"	"join"	FALSE	"\"left\""	"join"
"dex_PhysicalActivity"	"data"	TRUE	""	"data"
"dex_PhysicalActivity"	"years"	TRUE	""	"years"
"dex_PhysicalActivity"	"all.5"	FALSE	"FALSE"	"logical"
"dex_PhysicalActivity"	"walk_bicycle"	FALSE	"FALSE"	"logical"
"dex_PhysicalActivity"	"Tasks.HomeYard"	FALSE	"FALSE"	"logical"
"dex_PhysicalActivity"	"Muscle.strength"	FALSE	"FALSE"	"logical"
"dex_PhysicalActivity"	"WorkActivity"	FALSE	"FALSE"	"logical"
"dex_PhysicalActivity"	"RecreationalActivity"	FALSE	"FALSE"	"logical"
"dex_PhysicalActivity"	"activity"	FALSE	"FALSE"	"logical"
"dex_PhysicalActivity"	"time"	FALSE	"FALSE"	"logical. whether to keep time minutes per week if week = TRUE, else the orignal time"
"dex_PhysicalActivity"	"MET"	FALSE	"FALSE"	"logical"
"dex_PhysicalActivity"	"week"	FALSE	"TRUE"	"logical"
"dex_PhysicalActivity"	"direction"	FALSE	"c(\"m\", \"v\", \"no\")"	"m(default), v or no"
"dex_PhysicalActivity"	"total_time"	TRUE	""	"logical"
"dex_PhysicalActivity"	"total_MET"	TRUE	""	"logical"
"dex_PhysicalActivity"	"component"	FALSE	"FALSE"	"logical"
"dex_PhysicalActivity"	"Year"	FALSE	"FALSE"	"logical"
"dex_PhysicalActivity"	"join"	FALSE	"\"left\""	"join"
"dex_plant.protein"	"data"	TRUE	""	""
"dex_plant.protein"	"years"	TRUE	""	""
"dex_plant.protein"	"Year"	FALSE	"FALSE"	""
"dex_plant.protein"	"join"	FALSE	"\"left\""	""
"dex_PLF"	"data"	TRUE	""	"data"
"dex_PLF"	"years"	TRUE	""	"years"
"dex_PLF"	"Year"	FALSE	"FALSE"	"logical"
"dex_PLF"	"join"	FALSE	"\"left\""	"join"
"dex_PLR"	"data"	FALSE	"NULL"	"要追加的数据"
"dex_PLR"	"all"	FALSE	"FALSE"	"logical"
"dex_PLR"	"years"	TRUE	""	"指定年份"
"dex_PLR"	"PLR"	FALSE	"T"	"character or logical"
"dex_PLR"	"Year"	FALSE	"F"	"是否保留Year列"
"dex_PLR"	"join"	FALSE	"\"left\""	"数据合并的方向，full，inner，left，right"
"dex_PRAL.NEAP"	"data"	TRUE	""	"data"
"dex_PRAL.NEAP"	"years"	TRUE	""	"years"
"dex_PRAL.NEAP"	"day"	FALSE	"1"	"1 or 2 or 1,2"
"dex_PRAL.NEAP"	"both2days"	FALSE	"TRUE"	"logical"
"dex_PRAL.NEAP"	"fun"	FALSE	"c(\"mean\", \"sum\", \"alone\")"	"mean,sum, alone"
"dex_PRAL.NEAP"	"Year"	FALSE	"FALSE"	"logical"
"dex_PRAL.NEAP"	"join"	FALSE	"\"left\""	"join"
"dex_PRAL.NEAP"	"component"	FALSE	"FALSE"	"logical"
"dex_RecreationalActivity"	"data"	TRUE	""	"data"
"dex_RecreationalActivity"	"years"	TRUE	""	"years"
"dex_RecreationalActivity"	"activity"	FALSE	"FALSE"	"logical"
"dex_RecreationalActivity"	"time"	FALSE	"FALSE"	"logical"
"dex_RecreationalActivity"	"MET"	FALSE	"FALSE"	"logical"
"dex_RecreationalActivity"	"direction"	FALSE	"c(\"m\", \"v\", \"no\")"	"m(default), v or no for time and met"
"dex_RecreationalActivity"	"Year"	FALSE	"FALSE"	"logical"
"dex_RecreationalActivity"	"join"	FALSE	"\"left\""	"join"
"dex_SARC.F"	"data"	TRUE	""	"data"
"dex_SARC.F"	"years"	TRUE	""	"years"
"dex_SARC.F"	"component"	FALSE	"F"	"logical"
"dex_SARC.F"	"Year"	FALSE	"FALSE"	"logical"
"dex_SARC.F"	"join"	FALSE	"\"left\""	"join"
"dex_SDoH"	"data"	TRUE	""	"要追加的数据"
"dex_SDoH"	"years"	TRUE	""	"年份"
"dex_SDoH"	"score"	FALSE	"F"	"是否返回每项得分"
"dex_SDoH"	"component"	FALSE	"F"	"是否返回每项数据"
"dex_SDoH"	"Year"	FALSE	"F"	"是否保留年份"
"dex_SDoH"	"join"	FALSE	"\"left\""	""
"dex_SHR"	"data"	FALSE	"NULL"	""
"dex_SHR"	"years"	TRUE	""	""
"dex_SHR"	"SHR"	FALSE	"T"	"character or logical"
"dex_SHR"	"glucose_mg.dL"	FALSE	"F"	"character or logical"
"dex_SHR"	"HbA1c"	FALSE	"F"	"character or logical"
"dex_SHR"	"Year"	FALSE	"F"	""
"dex_SHR"	"join"	FALSE	"\"left\""	""
"dex_SII"	"data"	TRUE	""	"data"
"dex_SII"	"years"	TRUE	""	"years"
"dex_SII"	"Year"	FALSE	"FALSE"	"logical"
"dex_SII"	"join"	FALSE	"\"left\""	"join"
"dex_Tasks.HomeYard"	"data"	TRUE	""	"data"
"dex_Tasks.HomeYard"	"years"	TRUE	""	"years"
"dex_Tasks.HomeYard"	"activity"	FALSE	"FALSE"	"logical"
"dex_Tasks.HomeYard"	"time"	FALSE	"FALSE"	"logical"
"dex_Tasks.HomeYard"	"MET"	FALSE	"FALSE"	"logical"
"dex_Tasks.HomeYard"	"week"	FALSE	"TRUE"	"logical"
"dex_Tasks.HomeYard"	"direction"	FALSE	"c(\"m\", \"v\", \"no\")"	"m(default), v or no"
"dex_Tasks.HomeYard"	"Year"	FALSE	"FALSE"	"logical"
"dex_Tasks.HomeYard"	"join"	FALSE	"\"left\""	"join"
"dex_TyG"	"data"	TRUE	""	"data"
"dex_TyG"	"years"	TRUE	""	"years"
"dex_TyG"	"Year"	FALSE	"FALSE"	"logical"
"dex_TyG"	"join"	FALSE	"\"left\""	"join"
"dex_ulb"	"data"	TRUE	""	"data"
"dex_ulb"	"years"	TRUE	""	"years"
"dex_ulb"	"component"	FALSE	"FALSE"	"logical"
"dex_ulb"	"weight"	FALSE	"FALSE"	"logical"
"dex_ulb"	"Year"	FALSE	"FALSE"	"logical"
"dex_ulb"	"join"	FALSE	"\"left\""	"join"
"dex_usFLI"	"data"	TRUE	""	"data"
"dex_usFLI"	"years"	TRUE	""	"years"
"dex_usFLI"	"Year"	FALSE	"FALSE"	"logical"
"dex_usFLI"	"join"	FALSE	"\"left\""	"left"
"dex_VAI"	"data"	TRUE	""	"data"
"dex_VAI"	"years"	TRUE	""	"years"
"dex_VAT"	"data"	TRUE	""	"data"
"dex_VAT"	"years"	TRUE	""	"years"
"dex_VAT"	"Year"	FALSE	"FALSE"	"logical"
"dex_VAT"	"join"	FALSE	"\"left\""	"join"
"dex_walk_bicycle"	"data"	TRUE	""	"data"
"dex_walk_bicycle"	"years"	TRUE	""	"years"
"dex_walk_bicycle"	"activity"	FALSE	"FALSE"	"logical"
"dex_walk_bicycle"	"time"	FALSE	"FALSE"	"logical"
"dex_walk_bicycle"	"MET"	FALSE	"FALSE"	"logical"
"dex_walk_bicycle"	"week"	FALSE	"TRUE"	"logical"
"dex_walk_bicycle"	"direction"	FALSE	"c(\"m\", \"v\", \"no\")"	"m(default), v or no"
"dex_walk_bicycle"	"Year"	FALSE	"FALSE"	"logical"
"dex_walk_bicycle"	"join"	FALSE	"\"left\""	"join"
"dex_WHR"	"data"	TRUE	""	"data"
"dex_WHR"	"years"	TRUE	""	"years"
"dex_WHR"	"Year"	FALSE	"FALSE"	"logical"
"dex_WHR"	"join"	FALSE	"\"left\""	"join"
"dex_WHtR"	"data"	TRUE	""	"data"
"dex_WHtR"	"years"	TRUE	""	"years"
"dex_WHtR"	"Year"	FALSE	"FALSE"	"logical"
"dex_WHtR"	"join"	FALSE	"\"left\""	"join"
"dex_WorkActivity"	"data"	TRUE	""	"data"
"dex_WorkActivity"	"years"	TRUE	""	"years"
"dex_WorkActivity"	"activity"	FALSE	"FALSE"	"logical"
"dex_WorkActivity"	"time"	FALSE	"FALSE"	"logical"
"dex_WorkActivity"	"MET"	FALSE	"FALSE"	"logical"
"dex_WorkActivity"	"direction"	FALSE	"c(\"m\", \"v\", \"no\")"	"m(default), v or no"
"dex_WorkActivity"	"Year"	FALSE	"FALSE"	"logical"
"dex_WorkActivity"	"join"	FALSE	"\"left\""	"join"
"dex_YJP"	"data"	TRUE	""	"data"
"dex_YJP"	"years"	TRUE	""	"years"
"dex_YJP"	"cut"	FALSE	"4"	"3 or 4"
"dex_YJP"	"Year"	FALSE	"FALSE"	"logical"
"dex_YJP"	"cat"	FALSE	"TRUE"	"logical"
"dex_YJP"	"join"	FALSE	"\"left\""	"join"
"dex_ZJU"	"data"	TRUE	""	"data"
"dex_ZJU"	"years"	TRUE	""	"years"
"dex_ZJU"	"Year"	FALSE	"FALSE"	"logical"
"dex_ZJU"	"join"	FALSE	"\"left\""	"join"
"df.tolower"	"x"	TRUE	""	""
"diag_ACO"	"data"	TRUE	""	"data"
"diag_ACO"	"years"	TRUE	""	"years"
"diag_ACO"	"Year"	FALSE	"FALSE"	"logical"
"diag_ACO"	"join"	FALSE	"\"left\""	"join"
"diag_alcohol.associated.liver.disease"	"data"	TRUE	""	"data"
"diag_alcohol.associated.liver.disease"	"years"	TRUE	""	"years"
"diag_alcohol.associated.liver.disease"	"yes1"	FALSE	"FALSE"	"logical"
"diag_alcohol.associated.liver.disease"	"colname"	FALSE	"\"alcohol.associated.liver.disease\""	"colname for alcohol.associated.liver.disease"
"diag_alcohol.associated.liver.disease"	"Year"	FALSE	"FALSE"	"logical"
"diag_alcohol.associated.liver.disease"	"join"	FALSE	"\"left\""	"join"
"diag_alcohol.user"	"data"	TRUE	""	"data"
"diag_alcohol.user"	"years"	TRUE	""	"years"
"diag_alcohol.user"	"mild"	FALSE	"c(1, 2)"	"mild"
"diag_alcohol.user"	"moderate"	FALSE	"c(2, 3)"	"moderate"
"diag_alcohol.user"	"heavy"	FALSE	"c(3, 4)"	"heavy"
"diag_alcohol.user"	"binge"	FALSE	"TRUE"	"logical"
"diag_alcohol.user"	"Year"	FALSE	"FALSE"	"logical"
"diag_alcohol.user"	"join"	FALSE	"\"left\""	"join"
"diag_Anemia"	"data"	TRUE	""	"data"
"diag_Anemia"	"years"	TRUE	""	"years"
"diag_Anemia"	"Year"	FALSE	"FALSE"	"logical"
"diag_Anemia"	"join"	FALSE	"\"left\""	"join"
"diag_angina"	"data"	TRUE	""	"data"
"diag_angina"	"years"	TRUE	""	"years"
"diag_angina"	"angina"	FALSE	"TRUE"	"logical or charachter"
"diag_angina"	"angina.Age"	FALSE	"FALSE"	"logical or character"
"diag_angina"	"yes1"	FALSE	"FALSE"	"logical"
"diag_angina"	"Year"	FALSE	"FALSE"	"logical"
"diag_angina"	"join"	FALSE	"\"left\""	"join"
"diag_arthritis"	"data"	TRUE	""	"data"
"diag_arthritis"	"years"	TRUE	""	"years"
"diag_arthritis"	"arthritis"	FALSE	"FALSE"	"logical"
"diag_arthritis"	"arghritis_age"	FALSE	"FALSE"	"logical"
"diag_arthritis"	"arghritis_type"	FALSE	"FALSE"	"logical"
"diag_arthritis"	"rheumatoid_arthritis"	TRUE	""	"logical or character"
"diag_arthritis"	"psoriatic_arthritis"	TRUE	""	"logical or character"
"diag_arthritis"	"osteoarthritis_or_degenerative_arthritis"	TRUE	""	"logical or character, osteoarthritis before 2010, osteoarthritis or degenerative arthritis after 2011"
"diag_arthritis"	"Year"	FALSE	"FALSE"	"logical"
"diag_arthritis"	"join"	FALSE	"\"left\""	"join"
"diag_ASCVD"	"data"	TRUE	""	"data"
"diag_ASCVD"	"years"	TRUE	""	"years"
"diag_ASCVD"	"early_ASCVD"	FALSE	"FALSE"	"logical"
"diag_ASCVD"	"early_male"	FALSE	"55"	""
"diag_ASCVD"	"early_female"	FALSE	"60"	""
"diag_ASCVD"	"Year"	FALSE	"FALSE"	"logical"
"diag_ASCVD"	"join"	FALSE	"\"left\""	"join"
"diag_Asthma"	"data"	TRUE	""	"data"
"diag_Asthma"	"years"	TRUE	""	"years"
"diag_Asthma"	"told"	FALSE	"TRUE"	"logical or character"
"diag_Asthma"	"drug"	FALSE	"TRUE"	"logical or character"
"diag_Asthma"	"cat"	FALSE	"TRUE"	"logical"
"diag_Asthma"	"yes1"	FALSE	"FALSE"	"logical"
"diag_Asthma"	"Year"	FALSE	"FALSE"	"logical"
"diag_Asthma"	"join"	FALSE	"\"left\""	"join"
"diag_atopic"	"data"	TRUE	""	"data"
"diag_atopic"	"cut.off"	FALSE	"0.35"	"cutoff for sIgE compnent, default is 0.35"
"diag_atopic"	"component"	FALSE	"F"	"logical"
"diag_atopic"	"Year"	FALSE	"F"	"logical"
"diag_binge"	"data"	TRUE	""	"data"
"diag_binge"	"years"	TRUE	""	"years"
"diag_binge"	"month"	FALSE	"TRUE"	"logical."
"diag_binge"	"Year"	FALSE	"FALSE"	"logical"
"diag_binge"	"join"	FALSE	"\"left\""	"join"
"diag_CKD"	"data"	TRUE	""	"data"
"diag_CKD"	"years"	TRUE	""	"years"
"diag_CKD"	"ckd"	FALSE	"c(\"A2\", \"G3a\")"	"the lowest diagnosis standard"
"diag_CKD"	"show_CKD"	FALSE	"TRUE"	"logical"
"diag_CKD"	"show_prognosis"	FALSE	"TRUE"	"logical"
"diag_CKD"	"show_ACR"	FALSE	"FALSE"	"logical"
"diag_CKD"	"show_eGFR"	FALSE	"FALSE"	"logical"
"diag_CKD"	"eGFR_method"	FALSE	"\"CKD_EPI_Scr_2009\""	"one of CKD_EPI_Scr_2021(default), CKD_EPI_Scr_2009, MDRD_2007, MDRD_2000, MDRD_1999, CKD_EPI_SCysC CKD_EPI_Scr_SCysC, Schwartz, BIS1_Scr, BIS2_Scr_SCysC, Cockcroft_Gault,"
"diag_CKD"	"yes1"	FALSE	"FALSE"	"logical"
"diag_CKD"	"Year"	FALSE	"FALSE"	"logical"
"diag_CKD"	"join"	FALSE	"\"left\""	"join"
"diag_CKM"	"data"	TRUE	""	"data"
"diag_CKM"	"years"	TRUE	""	"years"
"diag_CKM"	"component"	FALSE	"F"	"是否返回计算成分"
"diag_CKM"	"Year"	FALSE	"F"	"logical"
"diag_CKM"	"join"	FALSE	"\"left\""	"left"
"diag_congestive.heart.failure"	"data"	TRUE	""	"data"
"diag_congestive.heart.failure"	"years"	TRUE	""	"years"
"diag_congestive.heart.failure"	"yes1"	FALSE	"FALSE"	"logical"
"diag_congestive.heart.failure"	"Year"	FALSE	"FALSE"	"logical"
"diag_congestive.heart.failure"	"join"	FALSE	"\"left\""	"join"
"diag_COPD"	"data"	TRUE	""	"data"
"diag_COPD"	"years"	TRUE	""	"years"
"diag_COPD"	"told"	FALSE	"T"	""
"diag_COPD"	"emphysema"	FALSE	"TRUE"	"or character"
"diag_COPD"	"spx"	FALSE	"TRUE"	"logical or character"
"diag_COPD"	"drug"	FALSE	"TRUE"	"logical or character"
"diag_COPD"	"cat"	FALSE	"TRUE"	"logical"
"diag_COPD"	"Year"	FALSE	"FALSE"	"logical"
"diag_COPD"	"yes1"	FALSE	"FALSE"	"logical"
"diag_COPD"	"join"	FALSE	"\"left\""	"join"
"diag_coronary.heart.disease"	"data"	TRUE	""	"data"
"diag_coronary.heart.disease"	"years"	TRUE	""	"years"
"diag_coronary.heart.disease"	"coronary.heart.disease"	FALSE	"TRUE"	"logical or charachter"
"diag_coronary.heart.disease"	"coronary.heart.disease.Age"	FALSE	"FALSE"	"logical or character"
"diag_coronary.heart.disease"	"Year"	FALSE	"FALSE"	"logical"
"diag_coronary.heart.disease"	"join"	FALSE	"\"left\""	"left, right, full"
"diag_CVD"	"data"	TRUE	""	"data"
"diag_CVD"	"years"	TRUE	""	"years"
"diag_CVD"	"Year"	FALSE	"FALSE"	"logical"
"diag_CVD"	"join"	FALSE	"\"left\""	"join"
"diag_DM"	"data"	TRUE	""	"data"
"diag_DM"	"years"	TRUE	""	"years"
"diag_DM"	"told"	FALSE	"TRUE"	"logical or character"
"diag_DM"	"HbA1c"	FALSE	"TRUE"	"logical or character"
"diag_DM"	"fast_glu"	FALSE	"TRUE"	"logical or character"
"diag_DM"	"OGTT2"	FALSE	"TRUE"	"logical or character"
"diag_DM"	"rand_glu"	FALSE	"TRUE"	"logical or character"
"diag_DM"	"drug"	FALSE	"TRUE"	"logical or character"
"diag_DM"	"DM1"	FALSE	"FALSE"	"logical"
"diag_DM"	"cat"	FALSE	"TRUE"	"logical"
"diag_DM"	"Year"	FALSE	"FALSE"	"logical"
"diag_DM"	"join"	FALSE	"\"left\""	"join"
"diag_DM"	"exclude_Pregnant"	FALSE	"TRUE"	"logical whether to exclude pregant"
"diag_epilepsy"	"data"	TRUE	""	"data"
"diag_epilepsy"	"years"	TRUE	""	"years"
"diag_epilepsy"	"yes1"	FALSE	"FALSE"	""
"diag_epilepsy"	"take_drug"	FALSE	"FALSE"	"logical or charachter"
"diag_epilepsy"	"DrugNumber"	FALSE	"FALSE"	"logical or charachter"
"diag_epilepsy"	"drugname"	FALSE	"FALSE"	"logical or charachter"
"diag_epilepsy"	"remove.other"	FALSE	"TRUE"	"logical"
"diag_epilepsy"	"dup.take.drug"	FALSE	"c(\"paste\", \"remove\", \"keep\")"	"paste(default), remove or keep"
"diag_epilepsy"	"Year"	FALSE	"FALSE"	"logical"
"diag_epilepsy"	"join"	FALSE	"\"left\""	"join"
"diag_Familial.Hypercholesterolemia"	"data"	TRUE	""	"data"
"diag_Familial.Hypercholesterolemia"	"years"	TRUE	""	"years"
"diag_Familial.Hypercholesterolemia"	"class"	FALSE	"TRUE"	"logical"
"diag_Familial.Hypercholesterolemia"	"score"	FALSE	"FALSE"	"logical"
"diag_Familial.Hypercholesterolemia"	"Year"	FALSE	"FALSE"	"logical"
"diag_Familial.Hypercholesterolemia"	"join"	FALSE	"\"left\""	"join"
"diag_Fibrillation"	"data"	TRUE	""	"data"
"diag_Fibrillation"	"years"	TRUE	""	"years"
"diag_Fibrillation"	"Year"	FALSE	"FALSE"	"logical"
"diag_Fibrillation"	"join"	FALSE	"\"left\""	"join"
"diag_heart.attack"	"data"	TRUE	""	"data"
"diag_heart.attack"	"years"	TRUE	""	"years"
"diag_heart.attack"	"heart.attack"	FALSE	"TRUE"	"logical or character"
"diag_heart.attack"	"heart.attack.Age"	FALSE	"FALSE"	"logical or character"
"diag_heart.attack"	"Year"	FALSE	"FALSE"	"logical"
"diag_heart.attack"	"join"	FALSE	"\"left\""	"join"
"diag_Hyperlipidemia"	"data"	TRUE	""	"data"
"diag_Hyperlipidemia"	"years"	TRUE	""	"years"
"diag_Hyperlipidemia"	"yes1"	FALSE	"FALSE"	"logical"
"diag_Hyperlipidemia"	"Year"	FALSE	"FALSE"	"logical"
"diag_Hyperlipidemia"	"join"	FALSE	"\"left\""	"join"
"diag_Hypertension"	"data"	TRUE	""	"data"
"diag_Hypertension"	"years"	TRUE	""	"years"
"diag_Hypertension"	"told"	FALSE	"TRUE"	"logical or character"
"diag_Hypertension"	"drug"	FALSE	"TRUE"	"logical or character"
"diag_Hypertension"	"bpx"	FALSE	"TRUE"	"logical or character"
"diag_Hypertension"	"method"	FALSE	"c(\"mean\", \"times\")"	"mean or times"
"diag_Hypertension"	"systolic"	FALSE	"140"	"140"
"diag_Hypertension"	"diastolic"	FALSE	"90"	"90"
"diag_Hypertension"	"n"	FALSE	"3"	"number of test for diagnose hypertension"
"diag_Hypertension"	"component"	FALSE	"FALSE"	"logical"
"diag_Hypertension"	"yes1"	FALSE	"FALSE"	"logical"
"diag_Hypertension"	"cat"	FALSE	"TRUE"	"logical"
"diag_Hypertension"	"Year"	FALSE	"FALSE"	"logical"
"diag_Hypertension"	"join"	FALSE	"\"left\""	"join"
"diag_hypoparathyroidism"	"data"	TRUE	""	"data"
"diag_hypoparathyroidism"	"years"	TRUE	""	"years"
"diag_hypoparathyroidism"	"Year"	FALSE	"FALSE"	"logical"
"diag_hypoparathyroidism"	"join"	FALSE	"\"left\""	"join"
"diag_icd10"	"..."	FALSE	""	"key words"
"diag_icd10"	"data"	TRUE	""	"data"
"diag_icd10"	"years"	TRUE	""	"years"
"diag_icd10"	"Year"	FALSE	"FALSE"	"logical"
"diag_icd10"	"join"	FALSE	"\"left\""	"join"
"diag_icd10"	"colname"	FALSE	"\"target\""	"colname"
"diag_icd10"	"yes1"	FALSE	"FALSE"	"logical"
"diag_icd10"	"icd10"	FALSE	"FALSE"	""
"diag_infertility"	"data"	TRUE	""	"data"
"diag_infertility"	"years"	TRUE	""	"years"
"diag_infertility"	"infertility_care"	FALSE	"FALSE"	"logical"
"diag_infertility"	"Year"	FALSE	"FALSE"	"logcial"
"diag_infertility"	"join"	FALSE	"\"left\""	"join"
"diag_MAFLD"	"data"	TRUE	""	"data"
"diag_MAFLD"	"years"	TRUE	""	"years"
"diag_MAFLD"	"steatosis"	FALSE	"FALSE"	"logical, whether to keep steatosis column"
"diag_MAFLD"	"second3"	FALSE	"FALSE"	"logical, whether to keep second3 column"
"diag_MAFLD"	"met"	FALSE	"FALSE"	"logical, whether to keep met column"
"diag_MAFLD"	"CAP.cutoff"	FALSE	"248"	"cutoff for CAP, default is 248"
"diag_MAFLD"	"above.equal"	FALSE	"FALSE"	"logical. whether > or >= cutoff"
"diag_MAFLD"	"cat"	FALSE	"TRUE"	""
"diag_MAFLD"	"Year"	FALSE	"FALSE"	"logical"
"diag_MAFLD"	"join"	FALSE	"\"left\""	"join"
"diag_MAFLD.FLI"	"data"	TRUE	""	"data"
"diag_MAFLD.FLI"	"years"	TRUE	""	"years"
"diag_MAFLD.FLI"	"steatosis"	FALSE	"FALSE"	"logical, whether to keep steatosis column"
"diag_MAFLD.FLI"	"second3"	FALSE	"FALSE"	"logical, whether to keep second3 column"
"diag_MAFLD.FLI"	"met"	FALSE	"FALSE"	"logical, whether to keep met column"
"diag_MAFLD.FLI"	"cutoff.FLI"	FALSE	"NULL"	"FLI的cutoff，必须指定"
"diag_MAFLD.FLI"	"cat"	FALSE	"TRUE"	""
"diag_MAFLD.FLI"	"Year"	FALSE	"FALSE"	"logical"
"diag_MAFLD.FLI"	"join"	FALSE	"\"left\""	"join"
"diag_MAFLD.usFLI"	"data"	TRUE	""	"data"
"diag_MAFLD.usFLI"	"years"	TRUE	""	"years"
"diag_MAFLD.usFLI"	"steatosis"	FALSE	"FALSE"	"logical, whether to keep steatosis column"
"diag_MAFLD.usFLI"	"second3"	FALSE	"FALSE"	"logical, whether to keep second3 column"
"diag_MAFLD.usFLI"	"met"	FALSE	"FALSE"	"logical, whether to keep met column"
"diag_MAFLD.usFLI"	"cutoff.usFLI"	FALSE	"NULL"	"usFLI的cutoff，必须指定"
"diag_MAFLD.usFLI"	"cat"	FALSE	"TRUE"	""
"diag_MAFLD.usFLI"	"Year"	FALSE	"FALSE"	"logical"
"diag_MAFLD.usFLI"	"join"	FALSE	"\"left\""	"join"
"diag_MASLD.cap"	"data"	TRUE	""	"data"
"diag_MASLD.cap"	"years"	TRUE	""	"years"
"diag_MASLD.cap"	"cutoff.cap"	FALSE	"248"	"cutoff value of cap, default is 248"
"diag_MASLD.cap"	"Year"	FALSE	"FALSE"	"logical"
"diag_MASLD.cap"	"join"	FALSE	"\"left\""	"join"
"diag_MASLD.FLI"	"data"	TRUE	""	"data"
"diag_MASLD.FLI"	"years"	TRUE	""	"years"
"diag_MASLD.FLI"	"cutoff.FLI"	FALSE	"NULL"	"FLI的cutoff，必须指定"
"diag_MASLD.FLI"	"Year"	FALSE	"FALSE"	"logical"
"diag_MASLD.FLI"	"join"	FALSE	"\"left\""	"join"
"diag_MASLD.usFLI"	"data"	TRUE	""	"data"
"diag_MASLD.usFLI"	"years"	TRUE	""	"years"
"diag_MASLD.usFLI"	"cutoff.usFLI"	FALSE	"30"	"cutoff value of usFLI, default is 30"
"diag_MASLD.usFLI"	"Year"	FALSE	"FALSE"	"logical"
"diag_MASLD.usFLI"	"join"	FALSE	"\"left\""	"join"
"diag_MetS"	"data"	TRUE	""	"data"
"diag_MetS"	"years"	TRUE	""	"years"
"diag_MetS"	"methods"	FALSE	"c(\"ATP\", \"IDF2006\", \"IDF2009\", \"Harm\")"	"ATP or IDF or Harm"
"diag_MetS"	"component"	FALSE	"FALSE"	"logical"
"diag_MetS"	"yes1"	FALSE	"FALSE"	"logical"
"diag_MetS"	"join"	FALSE	"\"left\""	"join"
"diag_MetS"	"Year"	FALSE	"FALSE"	"logical"
"diag_MetS"	"cat"	FALSE	"TRUE"	"logical"
"diag_mFried.frailty"	"data"	FALSE	"NULL"	""
"diag_mFried.frailty"	"all"	FALSE	"FALSE"	""
"diag_mFried.frailty"	"years"	TRUE	""	""
"diag_mFried.frailty"	"Fried.frailty"	TRUE	""	"是否虚弱"
"diag_mFried.frailty"	"Fried.frailty_count"	TRUE	""	"计算虚弱的指标个数"
"diag_mFried.frailty"	"weakness"	TRUE	""	"character or logical"
"diag_mFried.frailty"	"low.pa"	TRUE	""	"character or logical"
"diag_mFried.frailty"	"exhaustion"	TRUE	""	"character or logical"
"diag_mFried.frailty"	"slow.walking.speed"	TRUE	""	"character or logical"
"diag_mFried.frailty"	"weight.change"	TRUE	""	"character or logical"
"diag_mFried.frailty"	"Year"	FALSE	"F"	""
"diag_mFried.frailty"	"join"	FALSE	"\"left\""	""
"diag_NAFLD"	"data"	TRUE	""	"data"
"diag_NAFLD"	"years"	TRUE	""	"years"
"diag_NAFLD"	"cap.cutoff"	FALSE	"248"	"cap cutoff, default is 248"
"diag_NAFLD"	"colname"	FALSE	"\"Nonalcoholic.fatty.liver.disease\""	"colname for Nonalcoholic fatty liver disease"
"diag_NAFLD"	"Year"	FALSE	"FALSE"	"logical"
"diag_NAFLD"	"join"	FALSE	"\"left\""	"join"
"diag_OSAS.3"	"data"	TRUE	""	"data"
"diag_OSAS.3"	"years"	TRUE	""	"years"
"diag_OSAS.3"	"Year"	FALSE	"FALSE"	"logical"
"diag_OSAS.3"	"join"	FALSE	"\"left\""	"join"
"diag_OSAS.3"	"component"	FALSE	"F"	""
"diag_OSAS.3a"	"data"	TRUE	""	"data"
"diag_OSAS.3a"	"years"	TRUE	""	"years"
"diag_OSAS.3a"	"Year"	FALSE	"FALSE"	"logical"
"diag_OSAS.3a"	"join"	FALSE	"\"left\""	"join"
"diag_OSAS.3a"	"component"	FALSE	"F"	"logical"
"diag_OSAS.3ha"	"data"	TRUE	""	"data"
"diag_OSAS.3ha"	"years"	TRUE	""	"years"
"diag_OSAS.3ha"	"Year"	FALSE	"FALSE"	"logical"
"diag_OSAS.3ha"	"join"	FALSE	"\"left\""	"join"
"diag_OSAS.3ha"	"component"	FALSE	"F"	"logical"
"diag_OSAS.MAP"	"data"	TRUE	""	"data"
"diag_OSAS.MAP"	"years"	TRUE	""	"years"
"diag_OSAS.MAP"	"Year"	FALSE	"FALSE"	"logical"
"diag_OSAS.MAP"	"join"	FALSE	"\"left\""	"join"
"diag_OSAS.MAP"	"component"	FALSE	"F"	""
"diag_osteoporosis"	"data"	TRUE	""	"data"
"diag_osteoporosis"	"years"	TRUE	""	"years"
"diag_osteoporosis"	"fem.neck.mean"	FALSE	"0.86"	"0.86"
"diag_osteoporosis"	"fem.neck.sd"	FALSE	"0.12"	"0.12"
"diag_osteoporosis"	"lum.mean"	FALSE	"1.064"	"1.064"
"diag_osteoporosis"	"lum.sd"	FALSE	"0.106"	"0.106"
"diag_osteoporosis"	"Tscore"	FALSE	"FALSE"	"logical"
"diag_osteoporosis"	"Year"	FALSE	"FALSE"	"logical"
"diag_osteoporosis"	"join"	FALSE	"\"left\""	"join"
"diag_Overactive.bladder"	"data"	TRUE	""	"如果要追加数据, 就给data赋值"
"diag_Overactive.bladder"	"years"	TRUE	""	"提取数据的年份，和data使用一个就可以了"
"diag_Overactive.bladder"	"Year"	FALSE	"FALSE"	"逻辑值，在最终的数据中是否保留Year列"
"diag_Overactive.bladder"	"join"	FALSE	"\"left\""	"与上面的data配合使用，向data中的数据合并的方向，等于left或者right或者inner或者full"
"diag_PAD"	"data"	TRUE	""	"data"
"diag_PAD"	"years"	TRUE	""	"years"
"diag_PAD"	"yes1"	FALSE	"FALSE"	""
"diag_PAD"	"Year"	FALSE	"FALSE"	"logical"
"diag_PAD"	"join"	FALSE	"\"left\""	"join"
"diag_Parkinson"	"data"	TRUE	""	"data"
"diag_Parkinson"	"years"	TRUE	""	"years"
"diag_Parkinson"	"Year"	FALSE	"FALSE"	"logical"
"diag_Parkinson"	"yes1"	FALSE	"FALSE"	"logical"
"diag_Parkinson"	"join"	FALSE	"\"left\""	"join"
"diag_periodontitis"	"data"	TRUE	""	"data"
"diag_periodontitis"	"years"	TRUE	""	"years"
"diag_periodontitis"	"Year"	FALSE	"FALSE"	"logical"
"diag_periodontitis"	"join"	FALSE	"\"left\""	"join"
"diag_periodontitis_CDC.AAP"	"data"	TRUE	""	"data"
"diag_periodontitis_CDC.AAP"	"years"	TRUE	""	"years"
"diag_periodontitis_CDC.AAP"	"Year"	FALSE	"FALSE"	"logical"
"diag_periodontitis_CDC.AAP"	"join"	FALSE	"\"left\""	"join"
"diag_PHQ9"	"data"	TRUE	""	"dataframe or list to be attarched"
"diag_PHQ9"	"years"	TRUE	""	"years"
"diag_PHQ9"	"cut"	TRUE	""	"one or more numeric cut point"
"diag_PHQ9"	"na0"	FALSE	"FALSE"	"logical. whether to use missing value as 0 score"
"diag_PHQ9"	"score"	FALSE	"FALSE"	"FALSE(default). logical. whether to add raw \"PHQ-9\" score and answer"
"diag_PHQ9"	"dpq"	FALSE	"FALSE"	"FALSE(default). logical. whether to add \"PHQ-9\" questions"
"diag_PHQ9"	"varLabel"	FALSE	"FALSE"	"logical. whether to add label to variable"
"diag_PHQ9"	"cat"	FALSE	"T"	""
"diag_preDM"	"data"	TRUE	""	"data"
"diag_preDM"	"years"	TRUE	""	"years"
"diag_preDM"	"Year"	FALSE	"FALSE"	"logical"
"diag_preDM"	"cat"	FALSE	"TRUE"	"logical"
"diag_preDM"	"join"	FALSE	"\"left\""	"join"
"diag_Pregnant"	"data"	TRUE	""	"data"
"diag_Pregnant"	"years"	TRUE	""	"years"
"diag_Pregnant"	"yes1"	FALSE	"FALSE"	"logical"
"diag_Pregnant"	"Year"	FALSE	"FALSE"	"logical"
"diag_Pregnant"	"join"	FALSE	"\"left\""	"join"
"diag_Resistant.hypertension"	"data"	TRUE	""	"data"
"diag_Resistant.hypertension"	"years"	TRUE	""	"years"
"diag_Resistant.hypertension"	"systolic"	FALSE	"140"	""
"diag_Resistant.hypertension"	"diastolic"	FALSE	"90"	""
"diag_Resistant.hypertension"	"Year"	FALSE	"FALSE"	"logical"
"diag_Resistant.hypertension"	"join"	FALSE	"\"left\""	"left"
"diag_Retinal.Emboli"	"data"	TRUE	""	"data"
"diag_Retinal.Emboli"	"years"	TRUE	""	"years 2005-2008"
"diag_Retinal.Emboli"	"Year"	FALSE	"FALSE"	"logical"
"diag_Retinal.Emboli"	"join"	FALSE	"\"left\""	"join"
"diag_RMetS"	"data"	TRUE	""	"data"
"diag_RMetS"	"years"	TRUE	""	"years"
"diag_RMetS"	"component"	FALSE	"F"	""
"diag_RMetS"	"Year"	FALSE	"FALSE"	"logical"
"diag_RMetS"	"join"	FALSE	"\"left\""	"join"
"diag_sarcopenia"	"data"	TRUE	""	"data"
"diag_sarcopenia"	"years"	TRUE	""	"years"
"diag_sarcopenia"	"yes1"	FALSE	"FALSE"	"logical"
"diag_sarcopenia"	"Year"	FALSE	"FALSE"	"logical"
"diag_sarcopenia"	"join"	FALSE	"\"left\""	"join"
"diag_sarcopenia_low.muscle"	"data"	TRUE	""	"data"
"diag_sarcopenia_low.muscle"	"years"	TRUE	""	"years"
"diag_sarcopenia_low.muscle"	"yes1"	FALSE	"FALSE"	"logical"
"diag_sarcopenia_low.muscle"	"Year"	FALSE	"FALSE"	"logical"
"diag_sarcopenia_low.muscle"	"join"	FALSE	"\"left\""	"join"
"diag_smoke"	"data"	TRUE	""	"data"
"diag_smoke"	"years"	TRUE	""	"years"
"diag_smoke"	"smoke"	FALSE	"T"	"logical"
"diag_smoke"	"start_age"	FALSE	"F"	"character or logical"
"diag_smoke"	"quit_years"	FALSE	"F"	"character or logical"
"diag_smoke"	"smoking_years"	FALSE	"F"	"logical"
"diag_smoke"	"pack_years"	FALSE	"F"	""
"diag_smoke"	"cigarettes_per_day_when_quit"	FALSE	"F"	""
"diag_smoke"	"avg_cigarettes_per_day_past_30_days"	FALSE	"F"	""
"diag_smoke"	"anyone.smoke.in.home"	FALSE	"F"	""
"diag_smoke"	"days.used.nicotine.stop.smoking.aid_past5days"	FALSE	"F"	""
"diag_smoke"	"never"	FALSE	"\"never\""	""
"diag_smoke"	"former"	FALSE	"\"former\""	""
"diag_smoke"	"now"	FALSE	"\"now\""	""
"diag_smoke"	"Year"	FALSE	"FALSE"	"logical"
"diag_smoke"	"join"	FALSE	"\"left\""	"join"
"diag_stroke"	"data"	TRUE	""	"data"
"diag_stroke"	"years"	TRUE	""	"years"
"diag_stroke"	"stroke"	FALSE	"TRUE"	"logical or character"
"diag_stroke"	"stroke.Age"	FALSE	"FALSE"	"logical or character"
"diag_stroke"	"Year"	FALSE	"FALSE"	"logical"
"diag_stroke"	"join"	FALSE	"\"left\""	"join"
"diag_viral.hepatitis"	"data"	TRUE	""	"data"
"diag_viral.hepatitis"	"years"	TRUE	""	"years"
"diag_viral.hepatitis"	"HBV"	FALSE	"TRUE"	"logical"
"diag_viral.hepatitis"	"HCV"	FALSE	"TRUE"	"logical"
"diag_viral.hepatitis"	"Year"	FALSE	"FALSE"	"logical"
"diag_viral.hepatitis"	"yes1"	FALSE	"FALSE"	"logical"
"diag_viral.hepatitis"	"colname"	FALSE	"\"viral.hepatitis\""	"colname for viral.hepatitis(default) column"
"diag_viral.hepatitis"	"join"	FALSE	"\"left\""	"join"
"diag_youth.hypertension"	"data"	TRUE	""	"data"
"diag_youth.hypertension"	"years"	TRUE	""	"years"
"diag_youth.hypertension"	"levels"	FALSE	"c(\"90th\", \"50th\", \"95th\", \"95th+\")"	"one of 90th, 50th, 95th, 95th+"
"diag_youth.hypertension"	"Year"	FALSE	"FALSE"	"logical"
"diag_youth.hypertension"	"join"	FALSE	"\"left\""	"join"
"diag_youth.obesity"	"data"	TRUE	""	"data"
"diag_youth.obesity"	"years"	TRUE	""	"years"
"diag_youth.obesity"	"Year"	FALSE	"FALSE"	"logical"
"diag_youth.obesity"	"join"	FALSE	"\"left\""	"join"
"dietary_food.code"	"..."	FALSE	""	""
"dietary_food.code"	"data"	TRUE	""	""
"dietary_food.code"	"years"	TRUE	""	""
"dietary_food.code"	"start"	FALSE	"NULL"	""
"dietary_food.code"	"Year"	FALSE	"FALSE"	""
"digit"	"x"	TRUE	""	""
"digit"	"round"	TRUE	""	""
"digit2character"	"x"	TRUE	""	"vector or dataframe"
"digit2character"	"round"	FALSE	"2"	"2"
"digit2character<-"	"x"	TRUE	""	"vector or dataframe"
"digit2character<-"	"value"	TRUE	""	"2"
"digit2numeric"	"x"	TRUE	""	"vector or dataframe"
"digit2numeric"	"round"	FALSE	"2"	"2"
"digit2numeric<-"	"x"	TRUE	""	"vector or dataframe"
"digit2numeric<-"	"value"	TRUE	""	"2"
"dii"	"component"	TRUE	""	"one componet name"
"dii"	"x"	TRUE	""	"value"
"distinct"	".data"	TRUE	""	"design"
"distinct"	"..."	FALSE	""	"one or more colnames"
"distinct"	".keep_all"	FALSE	"FALSE"	"logical"
"distinct.survey.design"	".data"	TRUE	""	""
"distinct.survey.design"	"..."	FALSE	""	""
"dl"	"li"	TRUE	""	""
"drop_col"	"x"	TRUE	""	"dataframe"
"drop_col"	"..."	FALSE	""	"one or more colnames or numeric number or logical"
"drop_col<-"	"x"	TRUE	""	"dataframe"
"drop_col<-"	"value"	TRUE	""	"one or more colnames or numeric number or logical"
"drop_row"	"x"	TRUE	""	"data"
"drop_row"	"..."	FALSE	""	"rule"
"drop_row.data.frame"	"x"	TRUE	""	""
"drop_row.data.frame"	"..."	FALSE	""	""
"drop_row.data.frame"	"cat"	FALSE	"TRUE"	"logical"
"drop_row.data.frame"	"title"	FALSE	"NULL"	"title"
"drop_row.data.frame"	"title.space"	FALSE	"\"\""	"title space"
"drop_row.data.frame"	"subtitle.space"	FALSE	"\"\""	"subtitle space"
"drop_row.survey.design"	"x"	TRUE	""	""
"drop_row.survey.design"	"..."	FALSE	""	""
"drop_row.survey.design"	"cat"	FALSE	"TRUE"	""
"drop_row.survey.design"	"title"	FALSE	"NULL"	""
"drop_row.survey.design"	"title.space"	FALSE	"\"\""	""
"drop_row.survey.design"	"subtitle.space"	FALSE	"\"\""	""
"drop_row_high_percent"	"d"	TRUE	""	"数据"
"drop_row_high_percent"	"..."	FALSE	""	"列名"
"drop_row_high_percent"	"percent"	FALSE	"97.5"	"默认为97.5"
"drop_row_low_percent"	"d"	TRUE	""	"数据"
"drop_row_low_percent"	"..."	FALSE	""	"列名"
"drop_row_low_percent"	"percent"	FALSE	"2.5"	"默认为2.5"
"drop_row<-"	"x"	TRUE	""	"data"
"drop_row<-"	"value"	TRUE	""	"rule"
"Drug"	"..."	FALSE	""	"passed to lookl()"
"Drug"	"data"	FALSE	"NULL"	"data"
"Drug"	"years"	TRUE	""	"years"
"Drug"	"take_drug"	FALSE	"\"take_drug\""	"logical or character for take_drug column"
"Drug"	"DrugNumber"	FALSE	"FALSE"	"logical"
"Drug"	"drugname"	FALSE	"FALSE"	"logical or character for drugname column"
"Drug"	"fdaNDC"	FALSE	"FALSE"	"logical whether to show fdaNDC column"
"Drug"	"dcn"	FALSE	"FALSE"	"logical. whether to show drug category name"
"Drug"	"icn"	FALSE	"FALSE"	"logical. whether to show ingredient category name"
"Drug"	"icd10"	FALSE	"FALSE"	"logical. whether to show icd10"
"Drug"	"yes.code"	FALSE	"NULL"	"code for yes"
"Drug"	"other.code"	FALSE	"NULL"	"code for other"
"Drug"	"no.code"	FALSE	"NULL"	"code for no"
"Drug"	"remove.other"	FALSE	"T"	"logical. whether to keep other part for popurse drug"
"Drug"	"dup.take.drug"	FALSE	"c(\"remove\", \"paste\", \"keep\")"	"paste(default), remove or keep"
"Drug"	"join"	FALSE	"\"left\""	"left"
"Drug"	"Year"	FALSE	"FALSE"	"logical"
"drug_anti.Diabetic"	"data"	TRUE	""	"data"
"drug_anti.Diabetic"	"years"	TRUE	""	"years"
"drug_anti.Diabetic"	"take_drug"	FALSE	"TRUE"	"logical or character for take_drug column"
"drug_anti.Diabetic"	"DrugNumber"	FALSE	"FALSE"	"logical"
"drug_anti.Diabetic"	"drugname"	FALSE	"FALSE"	"logical or character for drugname column"
"drug_anti.Diabetic"	"fdaNDC"	FALSE	"FALSE"	"logical whether to show fdaNDC column"
"drug_anti.Diabetic"	"dcn"	FALSE	"FALSE"	"logical. whether to show drug category name"
"drug_anti.Diabetic"	"icn"	FALSE	"FALSE"	"logical. whether to show ingredient category name"
"drug_anti.Diabetic"	"icd10"	FALSE	"FALSE"	"logical. whether to show icd10"
"drug_anti.Diabetic"	"yes.code"	FALSE	"NULL"	"code for yes"
"drug_anti.Diabetic"	"other.code"	FALSE	"NULL"	"code for other"
"drug_anti.Diabetic"	"no.code"	FALSE	"NULL"	"code for no"
"drug_anti.Diabetic"	"remove.other"	FALSE	"TRUE"	"logical. whether to keep other part for popurse drug"
"drug_anti.Diabetic"	"dup.take.drug"	FALSE	"\"remove\""	"paste(default), remove or keep"
"drug_anti.Diabetic"	"join"	FALSE	"\"left\""	"left"
"drug_anti.Diabetic"	"Year"	FALSE	"FALSE"	"logical"
"drug_anti.Hyperlipidemic"	"data"	TRUE	""	"data"
"drug_anti.Hyperlipidemic"	"years"	TRUE	""	"years"
"drug_anti.Hyperlipidemic"	"take_drug"	FALSE	"TRUE"	"logical or character for take_drug column"
"drug_anti.Hyperlipidemic"	"DrugNumber"	FALSE	"FALSE"	"logical"
"drug_anti.Hyperlipidemic"	"drugname"	FALSE	"FALSE"	"logical or character for drugname column"
"drug_anti.Hyperlipidemic"	"fdaNDC"	FALSE	"FALSE"	"logical whether to show fdaNDC column"
"drug_anti.Hyperlipidemic"	"dcn"	FALSE	"FALSE"	"logical. whether to show drug category name"
"drug_anti.Hyperlipidemic"	"icn"	FALSE	"FALSE"	"logical. whether to show ingredient category name"
"drug_anti.Hyperlipidemic"	"icd10"	FALSE	"FALSE"	"logical. whether to show icd10"
"drug_anti.Hyperlipidemic"	"yes.code"	FALSE	"NULL"	"code for yes"
"drug_anti.Hyperlipidemic"	"other.code"	FALSE	"NULL"	"code for other"
"drug_anti.Hyperlipidemic"	"no.code"	FALSE	"NULL"	"code for no"
"drug_anti.Hyperlipidemic"	"remove.other"	FALSE	"TRUE"	"logical. whether to keep other part for popurse drug"
"drug_anti.Hyperlipidemic"	"dup.take.drug"	FALSE	"\"remove\""	"paste(default), remove or keep"
"drug_anti.Hyperlipidemic"	"join"	FALSE	"\"left\""	"left"
"drug_anti.Hyperlipidemic"	"Year"	FALSE	"FALSE"	"logical"
"drug_anti.Hypertensive"	"data"	TRUE	""	"data"
"drug_anti.Hypertensive"	"years"	TRUE	""	"years"
"drug_anti.Hypertensive"	"take_drug"	FALSE	"TRUE"	"logical or character for take_drug column"
"drug_anti.Hypertensive"	"DrugNumber"	FALSE	"FALSE"	"logical"
"drug_anti.Hypertensive"	"drugname"	FALSE	"FALSE"	"logical or character for drugname column"
"drug_anti.Hypertensive"	"fdaNDC"	FALSE	"FALSE"	"logical whether to show fdaNDC column"
"drug_anti.Hypertensive"	"dcn"	FALSE	"FALSE"	"logical. whether to show drug category name"
"drug_anti.Hypertensive"	"icn"	FALSE	"FALSE"	"logical. whether to show ingredient category name"
"drug_anti.Hypertensive"	"icd10"	FALSE	"FALSE"	"logical. whether to show icd10"
"drug_anti.Hypertensive"	"yes.code"	FALSE	"NULL"	"code for yes"
"drug_anti.Hypertensive"	"other.code"	FALSE	"NULL"	"code for other"
"drug_anti.Hypertensive"	"no.code"	FALSE	"NULL"	"code for no"
"drug_anti.Hypertensive"	"remove.other"	FALSE	"TRUE"	"logical. whether to keep other part for popurse drug"
"drug_anti.Hypertensive"	"dup.take.drug"	FALSE	"\"remove\""	"paste(default), remove or keep"
"drug_anti.Hypertensive"	"join"	FALSE	"\"left\""	"left"
"drug_anti.Hypertensive"	"Year"	FALSE	"FALSE"	"logical"
"drug_anti.infectives"	"data"	TRUE	""	"data"
"drug_anti.infectives"	"years"	TRUE	""	"years"
"drug_anti.infectives"	"take_drug"	FALSE	"TRUE"	"logical or character for take_drug column"
"drug_anti.infectives"	"DrugNumber"	FALSE	"FALSE"	"logical"
"drug_anti.infectives"	"drugname"	FALSE	"FALSE"	"logical or character for drugname column"
"drug_anti.infectives"	"fdaNDC"	FALSE	"FALSE"	"logical whether to show fdaNDC column"
"drug_anti.infectives"	"dcn"	FALSE	"FALSE"	"logical. whether to show drug category name"
"drug_anti.infectives"	"icn"	FALSE	"FALSE"	"logical. whether to show ingredient category name"
"drug_anti.infectives"	"icd10"	FALSE	"FALSE"	"logical. whether to show icd10"
"drug_anti.infectives"	"yes.code"	FALSE	"NULL"	"code for yes"
"drug_anti.infectives"	"other.code"	FALSE	"NULL"	"code for other"
"drug_anti.infectives"	"no.code"	FALSE	"NULL"	"code for no"
"drug_anti.infectives"	"remove.other"	FALSE	"TRUE"	"logical. whether to keep other part for popurse drug"
"drug_anti.infectives"	"dup.take.drug"	FALSE	"\"remove\""	"paste(default), remove or keep"
"drug_anti.infectives"	"join"	FALSE	"\"left\""	"left"
"drug_anti.infectives"	"Year"	FALSE	"FALSE"	"logical"
"drug_anti.parkinson"	"data"	TRUE	""	"data"
"drug_anti.parkinson"	"years"	TRUE	""	"years"
"drug_anti.parkinson"	"take_drug"	FALSE	"TRUE"	"logical or character for take_drug column"
"drug_anti.parkinson"	"DrugNumber"	FALSE	"FALSE"	"logical"
"drug_anti.parkinson"	"drugname"	FALSE	"FALSE"	"logical or character for drugname column"
"drug_anti.parkinson"	"fdaNDC"	FALSE	"FALSE"	"logical whether to show fdaNDC column"
"drug_anti.parkinson"	"dcn"	FALSE	"FALSE"	"logical. whether to show drug category name"
"drug_anti.parkinson"	"icn"	FALSE	"FALSE"	"logical. whether to show ingredient category name"
"drug_anti.parkinson"	"icd10"	FALSE	"FALSE"	"logical. whether to show icd10"
"drug_anti.parkinson"	"yes.code"	TRUE	""	"code for yes"
"drug_anti.parkinson"	"other.code"	TRUE	""	"code for other"
"drug_anti.parkinson"	"no.code"	TRUE	""	"code for no"
"drug_anti.parkinson"	"remove.other"	FALSE	"TRUE"	"logical. whether to keep other part for popurse drug"
"drug_anti.parkinson"	"dup.take.drug"	FALSE	"\"remove\""	"paste(default), remove or keep"
"drug_anti.parkinson"	"join"	FALSE	"\"left\""	"left"
"drug_anti.parkinson"	"Year"	FALSE	"FALSE"	"logical"
"drug_fibrates"	"data"	TRUE	""	"data"
"drug_fibrates"	"years"	TRUE	""	"years"
"drug_fibrates"	"take_drug"	FALSE	"TRUE"	"logical or character for take_drug column"
"drug_fibrates"	"DrugNumber"	FALSE	"FALSE"	"logical"
"drug_fibrates"	"drugname"	FALSE	"FALSE"	"logical or character for drugname column"
"drug_fibrates"	"fdaNDC"	FALSE	"FALSE"	"logical whether to show fdaNDC column"
"drug_fibrates"	"dcn"	FALSE	"FALSE"	"logical. whether to show drug category name"
"drug_fibrates"	"icn"	FALSE	"FALSE"	"logical. whether to show ingredient category name"
"drug_fibrates"	"icd10"	FALSE	"FALSE"	"logical. whether to show icd10"
"drug_fibrates"	"yes.code"	FALSE	"NULL"	"code for yes"
"drug_fibrates"	"other.code"	FALSE	"NULL"	"code for other"
"drug_fibrates"	"no.code"	FALSE	"NULL"	"code for no"
"drug_fibrates"	"remove.other"	FALSE	"TRUE"	"logical. whether to keep other part for popurse drug"
"drug_fibrates"	"dup.take.drug"	FALSE	"\"remove\""	"paste(default), remove or keep"
"drug_fibrates"	"join"	FALSE	"\"left\""	"left"
"drug_fibrates"	"Year"	FALSE	"FALSE"	"logical"
"drug_niacin"	"data"	TRUE	""	"data"
"drug_niacin"	"years"	TRUE	""	"years"
"drug_niacin"	"take_drug"	FALSE	"TRUE"	"logical or character for take_drug column"
"drug_niacin"	"DrugNumber"	FALSE	"FALSE"	"logical"
"drug_niacin"	"drugname"	FALSE	"FALSE"	"logical or character for drugname column"
"drug_niacin"	"fdaNDC"	FALSE	"FALSE"	"logical whether to show fdaNDC column"
"drug_niacin"	"dcn"	FALSE	"FALSE"	"logical. whether to show drug category name"
"drug_niacin"	"icn"	FALSE	"FALSE"	"logical. whether to show ingredient category name"
"drug_niacin"	"icd10"	FALSE	"FALSE"	"logical. whether to show icd10"
"drug_niacin"	"yes.code"	FALSE	"NULL"	"code for yes"
"drug_niacin"	"other.code"	FALSE	"NULL"	"code for other"
"drug_niacin"	"no.code"	FALSE	"NULL"	"code for no"
"drug_niacin"	"remove.other"	FALSE	"TRUE"	"logical. whether to keep other part for popurse drug"
"drug_niacin"	"dup.take.drug"	FALSE	"\"remove\""	"paste(default), remove or keep"
"drug_niacin"	"join"	FALSE	"\"left\""	"left"
"drug_niacin"	"Year"	FALSE	"FALSE"	"logical"
"drug_search"	"..."	FALSE	""	"pass to lookl()"
"drug_search"	"years"	FALSE	"NULL"	"years"
"DSD"	"data"	TRUE	""	"data"
"DSD"	"years"	TRUE	""	"years"
"DSD"	"prebiotic"	FALSE	"FALSE"	"logical"
"DSD"	"probiotic"	FALSE	"FALSE"	"logical"
"DSD"	"synbiotic"	FALSE	"F"	"logical"
"DSD"	"component"	FALSE	"F"	"logical"
"DSD"	"Year"	FALSE	"F"	"logcial"
"DSD"	"join"	FALSE	"\"left\""	""
"dxa.aspx"	"url"	TRUE	""	""
"dxa.aspx"	"years"	TRUE	""	""
"dxa.aspx"	"items"	TRUE	""	""
"each_id_first_row"	"data"	FALSE	"NULL"	"dataframe"
"each_id_first_row"	"..."	FALSE	""	"one or more id variables"
"each_id_last_row"	"data"	FALSE	"NULL"	"dataframe"
"each_id_last_row"	"..."	FALSE	""	"one or more id variables"
"eGFR_CKD_EPI_Scr_2021"	"data"	TRUE	""	""
"eGFR_CKD_EPI_Scr_2021"	"scr_mg.dl"	TRUE	""	""
"eGFR_FAS_age"	"data"	TRUE	""	""
"eGFR_FAS_age"	"scr_mg.dl"	TRUE	""	""
"eGFR_FAS_height"	"data"	TRUE	""	""
"eGFR_FAS_height"	"scr_mg.dl"	TRUE	""	""
"equal"	"a"	TRUE	""	""
"equal"	"b"	TRUE	""	""
"even"	"x"	TRUE	""	""
"evenl"	"x"	TRUE	""	""
"explicit1"	"formula"	TRUE	""	""
"Factor"	"x"	TRUE	""	"character or dataframe"
"fdup_seqn.foodcode"	"x"	TRUE	""	""
"fdup_seqn.foodcode"	"n"	FALSE	"10"	""
"file.info2"	"file"	TRUE	""	""
"file.info2"	"i"	TRUE	""	""
"filepage"	"yeari"	TRUE	""	""
"filepage"	"itemsi"	TRUE	""	""
"filepage"	"mode"	TRUE	""	""
"filepage"	"files"	TRUE	""	""
"filepage"	"filetable"	FALSE	"NULL"	""
"filepage"	"cat"	FALSE	"TRUE"	""
"filepage"	"redown"	FALSE	"TRUE"	""
"filepage"	"update"	FALSE	"FALSE"	""
"filepage"	"xpt"	FALSE	"TRUE"	""
"filepage"	"tsv"	FALSE	"TRUE"	""
"filepage"	"varLabel"	FALSE	"TRUE"	""
"filepage"	"codebook"	FALSE	"TRUE"	""
"filepage"	"updatefile"	FALSE	"TRUE"	""
"filepage"	"updatekeyword"	FALSE	"NULL"	""
"filesize"	"file"	TRUE	""	""
"fndds.db.food"	"..."	FALSE	""	""
"fndds.db.food"	"years"	TRUE	""	""
"fndds.db.food"	"start"	FALSE	"NULL"	""
"fndds.db.food"	"cat"	FALSE	"T"	""
"fndds.db.food"	"food.code"	FALSE	"NULL"	""
"fndds.db.food.and.weight"	"..."	FALSE	""	""
"fndds.db.food.and.weight"	"years"	TRUE	""	""
"fndds.db.food.and.weight"	"start"	FALSE	"NULL"	""
"fndds.db.food.and.weight"	"food.code"	FALSE	"NULL"	""
"fndds.db.food.and.weight"	"seq.num"	FALSE	"NULL"	""
"fndds.db.food.and.weight"	"cat"	FALSE	"TRUE"	""
"fndds.db.food.and.weight"	"portion.description"	FALSE	"NULL"	""
"fndds.mango"	"years"	TRUE	""	""
"fndds.mango"	"cat"	FALSE	"F"	""
"fndds.mango"	"food.code"	FALSE	"NULL"	""
"fndds_AddFoodDesc"	"..."	FALSE	""	""
"fndds_AddFoodDesc"	"data"	TRUE	""	"data"
"fndds_AddFoodDesc"	"years"	TRUE	""	"years"
"fndds_AddFoodDesc"	"start"	FALSE	"NULL"	""
"fndds_AddFoodDesc"	"Year"	FALSE	"FALSE"	"logical"
"fndds_AddFoodDesc"	"join"	FALSE	"\"left\""	"join"
"fndds_comp.food.Desc"	"..."	FALSE	""	"seach in main.food.description, wweia.category.description and additional.food.description"
"fndds_comp.food.Desc"	"data"	TRUE	""	"data"
"fndds_comp.food.Desc"	"years"	TRUE	""	"years"
"fndds_comp.food.Desc"	"start"	FALSE	"NULL"	"number"
"fndds_comp.food.Desc"	"Year"	FALSE	"FALSE"	"logical"
"fndds_comp.food.Desc"	"abbr"	FALSE	"TRUE"	"logical"
"fndds_comp.food.Desc"	"fortify"	FALSE	"TRUE"	"logical"
"fndds_comp.food.Desc"	"wweia"	FALSE	"TRUE"	"logical"
"fndds_comp.food.Desc"	"add"	FALSE	"TRUE"	"logical. whether to extract additional description"
"fndds_comp.food.Desc"	"join"	FALSE	"\"left\""	"join"
"fndds_comp.food.Portion.Weight"	"..."	FALSE	""	"search in subcode.description and portion.description"
"fndds_comp.food.Portion.Weight"	"data"	TRUE	""	"data"
"fndds_comp.food.Portion.Weight"	"years"	TRUE	""	"years"
"fndds_comp.food.Portion.Weight"	"start"	FALSE	"NULL"	"food code start with"
"fndds_comp.food.Portion.Weight"	"Year"	FALSE	"FALSE"	"logical"
"fndds_comp.food.Portion.Weight"	"join"	FALSE	"\"left\""	"join"
"fndds_comp.nutrients"	"..."	FALSE	""	"search in nutrient.description"
"fndds_comp.nutrients"	"data"	TRUE	""	"data"
"fndds_comp.nutrients"	"years"	TRUE	""	"years"
"fndds_comp.nutrients"	"Year"	FALSE	"FALSE"	"logical"
"fndds_comp.nutrients"	"join"	FALSE	"\"left\""	"join"
"fndds_DerivDesc"	"data"	TRUE	""	"data"
"fndds_DerivDesc"	"years"	TRUE	""	"years"
"fndds_DerivDesc"	"Year"	FALSE	"FALSE"	"logical"
"fndds_DerivDesc"	"join"	FALSE	"\"left\""	"join"
"fndds_file_colnames"	"files"	FALSE	"NULL"	"files"
"fndds_file_colnames"	"years"	TRUE	""	"years"
"fndds_file_colnames"	"view"	FALSE	"TRUE"	""
"fndds_file_names"	"view"	FALSE	"TRUE"	"logical"
"fndds_FNDDSIngred"	"data"	TRUE	""	"data"
"fndds_FNDDSIngred"	"years"	TRUE	""	"years"
"fndds_FNDDSIngred"	"Year"	FALSE	"FALSE"	"logical"
"fndds_FNDDSIngred"	"join"	FALSE	"\"left\""	"join"
"fndds_FNDDSNutVal"	"data"	TRUE	""	"data"
"fndds_FNDDSNutVal"	"years"	TRUE	""	"years"
"fndds_FNDDSNutVal"	"Year"	FALSE	"FALSE"	"logical"
"fndds_FNDDSNutVal"	"join"	FALSE	"\"left\""	"join"
"fndds_food.code"	"years"	TRUE	""	"years"
"fndds_food.code"	"cat"	FALSE	"TRUE"	"logical"
"fndds_FoodPortionDesc"	"data"	TRUE	""	"data"
"fndds_FoodPortionDesc"	"years"	TRUE	""	"years"
"fndds_FoodPortionDesc"	"Year"	FALSE	"FALSE"	"logical"
"fndds_FoodPortionDesc"	"join"	FALSE	"\"left\""	"join"
"fndds_FoodSubcodeLinks"	"data"	TRUE	""	"data"
"fndds_FoodSubcodeLinks"	"years"	TRUE	""	"years"
"fndds_FoodSubcodeLinks"	"Year"	FALSE	"FALSE"	"logical"
"fndds_FoodSubcodeLinks"	"join"	FALSE	"\"left\""	"join"
"fndds_FoodWeights"	"data"	TRUE	""	"data"
"fndds_FoodWeights"	"years"	TRUE	""	"years"
"fndds_FoodWeights"	"Year"	FALSE	"FALSE"	"logical"
"fndds_FoodWeights"	"join"	FALSE	"\"left\""	"join"
"fndds_IngredNutVal"	"data"	TRUE	""	"data"
"fndds_IngredNutVal"	"years"	TRUE	""	"years"
"fndds_IngredNutVal"	"Year"	FALSE	"FALSE"	"logical"
"fndds_IngredNutVal"	"join"	FALSE	"\"left\""	"join"
"fndds_MainFoodDesc"	"..."	FALSE	""	""
"fndds_MainFoodDesc"	"data"	TRUE	""	"data"
"fndds_MainFoodDesc"	"years"	TRUE	""	"years"
"fndds_MainFoodDesc"	"start"	FALSE	"NULL"	""
"fndds_MainFoodDesc"	"Year"	FALSE	"FALSE"	"logical"
"fndds_MainFoodDesc"	"abbr"	FALSE	"TRUE"	"(fndds_MainFoodDesc). logical."
"fndds_MainFoodDesc"	"fortify"	FALSE	"TRUE"	"(fndds_MainFoodDesc). logical."
"fndds_MainFoodDesc"	"wweia"	FALSE	"TRUE"	"(fndds_MainFoodDesc). logical."
"fndds_MainFoodDesc"	"join"	FALSE	"\"left\""	"join"
"fndds_MoistAdjust"	"data"	TRUE	""	"data"
"fndds_MoistAdjust"	"years"	TRUE	""	"years"
"fndds_MoistAdjust"	"Year"	FALSE	"FALSE"	"logical"
"fndds_MoistAdjust"	"join"	FALSE	"\"left\""	"join"
"fndds_NutDesc"	"data"	TRUE	""	"data"
"fndds_NutDesc"	"years"	TRUE	""	"years"
"fndds_NutDesc"	"Year"	FALSE	"FALSE"	"logical"
"fndds_NutDesc"	"join"	FALSE	"\"left\""	"join"
"fndds_SubcodeDesc"	"data"	TRUE	""	"data"
"fndds_SubcodeDesc"	"years"	TRUE	""	"years"
"fndds_SubcodeDesc"	"Year"	FALSE	"FALSE"	"logical"
"fndds_SubcodeDesc"	"join"	FALSE	"\"left\""	"join"
"fndds_tsv"	"..."	FALSE	""	"search"
"fndds_tsv"	"years"	TRUE	""	"years"
"fndds_tsv"	"cat"	FALSE	"TRUE"	"logical"
"food.code_used"	"d"	TRUE	""	"data"
"forestplot"	"x"	TRUE	""	""
"forestplot"	"..."	FALSE	""	""
"forestplot.stratum_model_1"	"x"	TRUE	""	"startum_model结果"
"forestplot.stratum_model_1"	"ci_position"	FALSE	"3"	"森林图的位置2或者3"
"forestplot.stratum_model_1"	"ci_wd"	FALSE	"18"	"森林图的宽度"
"forestplot.stratum_model_1"	"ci_col"	FALSE	"\"gray\""	"森林图须线的颜色"
"forestplot.stratum_model_1"	"txt.size"	FALSE	"11"	"字体大小"
"forestplot.stratum_model_1"	"family"	FALSE	"\"\""	"字体，例如Arial，Times，也就是Times New Roman"
"forestplot.stratum_model_1"	"redtxt"	FALSE	"T"	"是否标红"
"forestplot.stratum_model_1"	"xlim"	FALSE	"NULL"	"x轴的范围"
"forestplot.stratum_model_1"	"xticks"	FALSE	"NULL"	"x轴的标签"
"forestplot.stratum_model_1"	"xticks_size"	FALSE	"1.1"	"x轴标题大小"
"forestplot.stratum_model_1"	"box_col"	FALSE	"\"black\""	"箱子颜色"
"forestplot.stratum_model_1"	"box_size"	FALSE	"0.4"	"箱子大小"
"forestplot.stratum_model_1"	"box_pch"	FALSE	"19"	"箱子形状，默认是19"
"forestplot.stratum_model_1"	"zero_wd"	FALSE	"1.6"	"无效线宽度"
"forestplot.stratum_model_1"	"bg_color"	FALSE	"\"#f0f3f2\""	"背景颜色"
"forestplot.stratum_model_1"	"H1"	FALSE	"NULL"	"第1个列名"
"forestplot.stratum_model_1"	"H2"	FALSE	"NULL"	"第2个列名"
"forestplot.stratum_model_1"	"H3"	FALSE	"NULL"	"第3个列名"
"forestplot.stratum_model_1"	"H4"	FALSE	"NULL"	"第4个列名"
"forestplot.stratum_model_1"	"H5"	FALSE	"NULL"	"第5个列名"
"forestplot.stratum_model_1"	"H6"	FALSE	"NULL"	"第6个列名"
"forestplot.stratum_model_1"	"H7"	FALSE	"NULL"	"第7个列名"
"forestplot.stratum_model_1"	"H8"	FALSE	"NULL"	"第8个列名"
"forestplot.stratum_model_1"	"H9"	FALSE	"NULL"	"第9个列名"
"forestplot.stratum_model_1"	"h1"	FALSE	"0"	"第1个标题水平调整距离"
"forestplot.stratum_model_1"	"h2"	FALSE	"-1"	"第2个标题水平调整距离"
"forestplot.stratum_model_1"	"h3"	FALSE	"0"	"第3个标题水平调整距离"
"forestplot.stratum_model_1"	"h4"	FALSE	"-1"	"第4个标题水平调整距离"
"forestplot.stratum_model_1"	"h5"	FALSE	"0"	"第5个标题水平调整距离"
"forestplot.stratum_model_1"	"h6"	FALSE	"0"	"第6个标题水平调整距离"
"forestplot.stratum_model_1"	"h7"	FALSE	"0"	"第7个标题水平调整距离"
"forestplot.stratum_model_1"	"h8"	FALSE	"0"	"第8个标题水平调整距离"
"forestplot.stratum_model_1"	"h9"	FALSE	"0"	"第9个标题水平调整距离"
"forestplot.stratum_model_1"	"file"	FALSE	"NULL"	"保存的文件名"
"forestplot.stratum_model_1"	"width"	FALSE	"par(\"din\")[1]"	"图片宽度in"
"forestplot.stratum_model_1"	"height"	FALSE	"par(\"din\")[2]"	"图片高度in"
"forestplot.stratum_model_1"	"dpi"	FALSE	"300"	"分辨率"
"forestplot.stratum_model_2"	"x"	TRUE	""	"stratum_model的结果"
"forestplot.stratum_model_2"	"ci_position"	FALSE	"3"	"森林图的位置序号"
"forestplot.stratum_model_2"	"txt.size"	FALSE	"11"	"图片中文本大小"
"forestplot.stratum_model_2"	"family"	FALSE	"\"\""	"字体，例如Arial，Times，也就是Times New Roman"
"forestplot.stratum_model_2"	"redtxt"	FALSE	"T"	"是否将有意义的p值和可信区间标红"
"forestplot.stratum_model_2"	"bg_color"	FALSE	"\"#f0f3f2\""	"背景颜色"
"forestplot.stratum_model_2"	"ci_wd1"	FALSE	"NULL"	"森林图1的宽度"
"forestplot.stratum_model_2"	"ci_wd2"	FALSE	"NULL"	"森林图2的宽度"
"forestplot.stratum_model_2"	"ci_wd3"	FALSE	"NULL"	"森林图3的宽度"
"forestplot.stratum_model_2"	"ci_wd4"	FALSE	"NULL"	"森林图4的宽度"
"forestplot.stratum_model_2"	"ci_wd5"	FALSE	"NULL"	"森林图5的宽度"
"forestplot.stratum_model_2"	"ci_wd6"	FALSE	"NULL"	"森林图6的宽度"
"forestplot.stratum_model_2"	"ci_wd7"	FALSE	"NULL"	"森林图7的宽度"
"forestplot.stratum_model_2"	"ci_wd8"	FALSE	"NULL"	"森林图8的宽度"
"forestplot.stratum_model_2"	"ci_wd9"	FALSE	"NULL"	"森林图9的宽度"
"forestplot.stratum_model_2"	"ci_wd10"	FALSE	"NULL"	"森林图10的宽度"
"forestplot.stratum_model_2"	"xlim1"	FALSE	"NULL"	"森林图1的x轴范围"
"forestplot.stratum_model_2"	"xlim2"	FALSE	"NULL"	"森林图2的x轴范围"
"forestplot.stratum_model_2"	"xlim3"	FALSE	"NULL"	"森林图3的x轴范围"
"forestplot.stratum_model_2"	"xlim4"	FALSE	"NULL"	"森林图4的x轴范围"
"forestplot.stratum_model_2"	"xlim5"	FALSE	"NULL"	"森林图5的x轴范围"
"forestplot.stratum_model_2"	"xlim6"	FALSE	"NULL"	"森林图6的x轴范围"
"forestplot.stratum_model_2"	"xlim7"	FALSE	"NULL"	"森林图7的x轴范围"
"forestplot.stratum_model_2"	"xlim8"	FALSE	"NULL"	"森林图8的x轴范围"
"forestplot.stratum_model_2"	"xlim9"	FALSE	"NULL"	"森林图9的x轴范围"
"forestplot.stratum_model_2"	"xlim10"	FALSE	"NULL"	"森林图10的x轴范围"
"forestplot.stratum_model_2"	"xticks1"	FALSE	"NULL"	"森林图1的x轴显示标签"
"forestplot.stratum_model_2"	"xticks2"	FALSE	"NULL"	"森林图2的x轴显示标签"
"forestplot.stratum_model_2"	"xticks3"	FALSE	"NULL"	"森林图3的x轴显示标签"
"forestplot.stratum_model_2"	"xticks4"	FALSE	"NULL"	"森林图4的x轴显示标签"
"forestplot.stratum_model_2"	"xticks5"	FALSE	"NULL"	"森林图5的x轴显示标签"
"forestplot.stratum_model_2"	"xticks6"	FALSE	"NULL"	"森林图6的x轴显示标签"
"forestplot.stratum_model_2"	"xticks7"	FALSE	"NULL"	"森林图7的x轴显示标签"
"forestplot.stratum_model_2"	"xticks8"	FALSE	"NULL"	"森林图8的x轴显示标签"
"forestplot.stratum_model_2"	"xticks9"	FALSE	"NULL"	"森林图9的x轴显示标签"
"forestplot.stratum_model_2"	"xticks10"	FALSE	"NULL"	"森林图10的x轴显示标签"
"forestplot.stratum_model_2"	"xticks_size"	FALSE	"10"	"x轴标签的大小"
"forestplot.stratum_model_2"	"box_col"	FALSE	"NULL"	"森林图箱子的颜色，可以是一个值，也可以是多个值"
"forestplot.stratum_model_2"	"box_size"	FALSE	"0.4"	"森林图箱子的大小，一个值"
"forestplot.stratum_model_2"	"zero_wd"	FALSE	"1.6"	"无效线的宽度"
"forestplot.stratum_model_2"	"H1"	FALSE	"NULL"	"标题1内容"
"forestplot.stratum_model_2"	"H2"	FALSE	"NULL"	"标题2内容"
"forestplot.stratum_model_2"	"H3"	FALSE	"NULL"	"标题3内容"
"forestplot.stratum_model_2"	"H4"	FALSE	"\"P value\""	"标题4内容"
"forestplot.stratum_model_2"	"H5"	FALSE	"NULL"	"标题5内容"
"forestplot.stratum_model_2"	"H6"	FALSE	"NULL"	"标题6内容"
"forestplot.stratum_model_2"	"H7"	FALSE	"NULL"	"标题7内容"
"forestplot.stratum_model_2"	"H8"	FALSE	"NULL"	"标题8内容"
"forestplot.stratum_model_2"	"H9"	FALSE	"NULL"	"标题9内容"
"forestplot.stratum_model_2"	"H10"	FALSE	"NULL"	"标题10内容"
"forestplot.stratum_model_2"	"H11"	FALSE	"NULL"	"标题11内容"
"forestplot.stratum_model_2"	"H12"	FALSE	"NULL"	"标题12内容"
"forestplot.stratum_model_2"	"H13"	FALSE	"NULL"	"标题13内容"
"forestplot.stratum_model_2"	"H14"	FALSE	"NULL"	"标题14内容"
"forestplot.stratum_model_2"	"H15"	FALSE	"NULL"	"标题15内容"
"forestplot.stratum_model_2"	"H16"	FALSE	"NULL"	"标题16内容"
"forestplot.stratum_model_2"	"H17"	FALSE	"NULL"	"标题17内容"
"forestplot.stratum_model_2"	"H18"	FALSE	"NULL"	"标题18内容"
"forestplot.stratum_model_2"	"H19"	FALSE	"NULL"	"标题19内容"
"forestplot.stratum_model_2"	"H20"	FALSE	"NULL"	"标题20内容"
"forestplot.stratum_model_2"	"H21"	FALSE	"NULL"	"标题21内容"
"forestplot.stratum_model_2"	"H22"	FALSE	"NULL"	"标题22内容"
"forestplot.stratum_model_2"	"H23"	FALSE	"NULL"	"标题23内容"
"forestplot.stratum_model_2"	"H24"	FALSE	"NULL"	"标题24内容"
"forestplot.stratum_model_2"	"H25"	FALSE	"NULL"	"标题25内容"
"forestplot.stratum_model_2"	"H26"	FALSE	"NULL"	"标题26内容"
"forestplot.stratum_model_2"	"H27"	FALSE	"NULL"	"标题27内容"
"forestplot.stratum_model_2"	"H28"	FALSE	"NULL"	"标题28内容"
"forestplot.stratum_model_2"	"H29"	FALSE	"NULL"	"标题29内容"
"forestplot.stratum_model_2"	"H30"	FALSE	"NULL"	"标题30内容"
"forestplot.stratum_model_2"	"H31"	FALSE	"NULL"	"标题31内容"
"forestplot.stratum_model_2"	"H32"	FALSE	"NULL"	"标题32内容"
"forestplot.stratum_model_2"	"H33"	FALSE	"NULL"	"标题33内容"
"forestplot.stratum_model_2"	"H34"	FALSE	"NULL"	"标题34内容"
"forestplot.stratum_model_2"	"H35"	FALSE	"NULL"	"标题35内容"
"forestplot.stratum_model_2"	"H36"	FALSE	"NULL"	"标题36内容"
"forestplot.stratum_model_2"	"H37"	FALSE	"NULL"	"标题37内容"
"forestplot.stratum_model_2"	"H38"	FALSE	"NULL"	"标题38内容"
"forestplot.stratum_model_2"	"H39"	FALSE	"NULL"	"标题39内容"
"forestplot.stratum_model_2"	"H40"	FALSE	"NULL"	"标题40内容"
"forestplot.stratum_model_2"	"H41"	FALSE	"NULL"	"标题41内容"
"forestplot.stratum_model_2"	"H42"	FALSE	"NULL"	"标题42内容"
"forestplot.stratum_model_2"	"H43"	FALSE	"NULL"	"标题43内容"
"forestplot.stratum_model_2"	"H44"	FALSE	"NULL"	"标题44内容"
"forestplot.stratum_model_2"	"H45"	FALSE	"NULL"	"标题45内容"
"forestplot.stratum_model_2"	"H46"	FALSE	"NULL"	"标题46内容"
"forestplot.stratum_model_2"	"H47"	FALSE	"NULL"	"标题47内容"
"forestplot.stratum_model_2"	"H48"	FALSE	"NULL"	"标题48内容"
"forestplot.stratum_model_2"	"H49"	FALSE	"NULL"	"标题49内容"
"forestplot.stratum_model_2"	"H50"	FALSE	"NULL"	"标题50内容"
"forestplot.stratum_model_2"	"h1"	FALSE	"0"	"标题1水平移动的距离"
"forestplot.stratum_model_2"	"h2"	FALSE	"-1"	"标题2水平移动的距离"
"forestplot.stratum_model_2"	"h3"	FALSE	"0.4"	"标题3水平移动的距离"
"forestplot.stratum_model_2"	"h4"	FALSE	"0"	"标题4水平移动的距离"
"forestplot.stratum_model_2"	"h5"	FALSE	"-1"	"标题5水平移动的距离"
"forestplot.stratum_model_2"	"h6"	FALSE	"0"	"标题6水平移动的距离"
"forestplot.stratum_model_2"	"h7"	FALSE	"0"	"标题7水平移动的距离"
"forestplot.stratum_model_2"	"h8"	FALSE	"0"	"标题8水平移动的距离"
"forestplot.stratum_model_2"	"h9"	FALSE	"0"	"标题9水平移动的距离"
"forestplot.stratum_model_2"	"h10"	FALSE	"0"	"标题10水平移动的距离"
"forestplot.stratum_model_2"	"h11"	FALSE	"0"	"标题11水平移动的距离"
"forestplot.stratum_model_2"	"h12"	FALSE	"0"	"标题12水平移动的距离"
"forestplot.stratum_model_2"	"h13"	FALSE	"0"	"标题13水平移动的距离"
"forestplot.stratum_model_2"	"h14"	FALSE	"0"	"标题14水平移动的距离"
"forestplot.stratum_model_2"	"h15"	FALSE	"0"	"标题15水平移动的距离"
"forestplot.stratum_model_2"	"h16"	FALSE	"0"	"标题16水平移动的距离"
"forestplot.stratum_model_2"	"h17"	FALSE	"0"	"标题17水平移动的距离"
"forestplot.stratum_model_2"	"h18"	FALSE	"0"	"标题18水平移动的距离"
"forestplot.stratum_model_2"	"h19"	FALSE	"0"	"标题19水平移动的距离"
"forestplot.stratum_model_2"	"h20"	FALSE	"0"	"标题20水平移动的距离"
"forestplot.stratum_model_2"	"h21"	FALSE	"0"	"标题21水平移动的距离"
"forestplot.stratum_model_2"	"h22"	FALSE	"0"	"标题22水平移动的距离"
"forestplot.stratum_model_2"	"h23"	FALSE	"0"	"标题23水平移动的距离"
"forestplot.stratum_model_2"	"h24"	FALSE	"0"	"标题24水平移动的距离"
"forestplot.stratum_model_2"	"h25"	FALSE	"0"	"标题25水平移动的距离"
"forestplot.stratum_model_2"	"h26"	FALSE	"0"	"标题26水平移动的距离"
"forestplot.stratum_model_2"	"h27"	FALSE	"0"	"标题27水平移动的距离"
"forestplot.stratum_model_2"	"h28"	FALSE	"0"	"标题28水平移动的距离"
"forestplot.stratum_model_2"	"h29"	FALSE	"0"	"标题29水平移动的距离"
"forestplot.stratum_model_2"	"h30"	FALSE	"0"	"标题30水平移动的距离"
"forestplot.stratum_model_2"	"h31"	FALSE	"0"	"标题31水平移动的距离"
"forestplot.stratum_model_2"	"h32"	FALSE	"0"	"标题32水平移动的距离"
"forestplot.stratum_model_2"	"h33"	FALSE	"0"	"标题33水平移动的距离"
"forestplot.stratum_model_2"	"h34"	FALSE	"0"	"标题34水平移动的距离"
"forestplot.stratum_model_2"	"h35"	FALSE	"0"	"标题35水平移动的距离"
"forestplot.stratum_model_2"	"h36"	FALSE	"0"	"标题36水平移动的距离"
"forestplot.stratum_model_2"	"h37"	FALSE	"0"	"标题37水平移动的距离"
"forestplot.stratum_model_2"	"h38"	FALSE	"0"	"标题38水平移动的距离"
"forestplot.stratum_model_2"	"h39"	FALSE	"0"	"标题39水平移动的距离"
"forestplot.stratum_model_2"	"h40"	FALSE	"0"	"标题40水平移动的距离"
"forestplot.stratum_model_2"	"h41"	FALSE	"0"	"标题41水平移动的距离"
"forestplot.stratum_model_2"	"h42"	FALSE	"0"	"标题42水平移动的距离"
"forestplot.stratum_model_2"	"h43"	FALSE	"0"	"标题43水平移动的距离"
"forestplot.stratum_model_2"	"h44"	FALSE	"0"	"标题44水平移动的距离"
"forestplot.stratum_model_2"	"h45"	FALSE	"0"	"标题45水平移动的距离"
"forestplot.stratum_model_2"	"h46"	FALSE	"0"	"标题46水平移动的距离"
"forestplot.stratum_model_2"	"h47"	FALSE	"0"	"标题47水平移动的距离"
"forestplot.stratum_model_2"	"h48"	FALSE	"0"	"标题48水平移动的距离"
"forestplot.stratum_model_2"	"h49"	FALSE	"0"	"标题49水平移动的距离"
"forestplot.stratum_model_2"	"h50"	FALSE	"0"	"标题50水平移动的距离"
"forestplot.stratum_model_2"	"file"	FALSE	"NULL"	"保存的文件名"
"forestplot.stratum_model_2"	"width"	FALSE	"par(\"din\")[1]"	"图片宽度in"
"forestplot.stratum_model_2"	"height"	FALSE	"par(\"din\")[2]"	"图片高度in"
"forestplot.stratum_model_2"	"dpi"	FALSE	"300"	"图片分辨率"
"fped_occasion"	"data"	TRUE	""	"data"
"fped_occasion"	"years"	TRUE	""	"years"
"fped_occasion"	"day"	FALSE	"1"	"data, 1 or 2 or c(1,2)"
"fped_occasion"	"fun"	FALSE	"c(\"sum\", \"mean\")"	"when day = c(1,2), fun should be one of 'mean' or 'sum'"
"fped_occasion"	"occasion"	FALSE	"c(\"Breakfast\", \"Lunch\", \"Dinner\")"	"occasion, can be achieved by db_eating.occasion()"
"fped_occasion"	"f_citmlb"	FALSE	"FALSE"	"logical"
"fped_occasion"	"f_other"	FALSE	"FALSE"	"logical"
"fped_occasion"	"f_whole"	FALSE	"FALSE"	"logical"
"fped_occasion"	"f_juice"	FALSE	"FALSE"	"logical"
"fped_occasion"	"f_total"	FALSE	"FALSE"	"logical"
"fped_occasion"	"v_drkgr"	FALSE	"FALSE"	"logical"
"fped_occasion"	"v_redor_tomato"	FALSE	"FALSE"	"logical"
"fped_occasion"	"v_redor_other"	FALSE	"FALSE"	"logical"
"fped_occasion"	"v_redor_total"	FALSE	"FALSE"	"logical"
"fped_occasion"	"v_starchy_potato"	FALSE	"FALSE"	"logical"
"fped_occasion"	"v_starchy_other"	FALSE	"FALSE"	"logical"
"fped_occasion"	"v_starchy_total"	FALSE	"FALSE"	"logical"
"fped_occasion"	"v_other"	FALSE	"FALSE"	"logical"
"fped_occasion"	"v_total"	FALSE	"FALSE"	"logical"
"fped_occasion"	"v_legumes"	FALSE	"FALSE"	"logical"
"fped_occasion"	"g_whole"	FALSE	"FALSE"	"logical"
"fped_occasion"	"g_refined"	FALSE	"FALSE"	"logical"
"fped_occasion"	"g_total"	FALSE	"FALSE"	"logical"
"fped_occasion"	"d_milk"	FALSE	"FALSE"	"logical"
"fped_occasion"	"d_yogurt"	FALSE	"FALSE"	"logical"
"fped_occasion"	"d_cheese"	FALSE	"FALSE"	"logical"
"fped_occasion"	"d_total"	FALSE	"FALSE"	"logical"
"fped_occasion"	"pf_meat"	FALSE	"FALSE"	"logical"
"fped_occasion"	"pf_curedmeat"	FALSE	"FALSE"	"logical"
"fped_occasion"	"pf_organ"	FALSE	"FALSE"	"logical"
"fped_occasion"	"pf_poult"	FALSE	"FALSE"	"logical"
"fped_occasion"	"pf_seafd_hi"	FALSE	"FALSE"	"logical"
"fped_occasion"	"pf_seafd_low"	FALSE	"FALSE"	"logical"
"fped_occasion"	"pf_mps_total"	FALSE	"FALSE"	"logical"
"fped_occasion"	"pf_eggs"	FALSE	"FALSE"	"logical"
"fped_occasion"	"pf_soy"	FALSE	"FALSE"	"logical"
"fped_occasion"	"pf_nutsds"	FALSE	"FALSE"	"logical"
"fped_occasion"	"pf_legumes"	FALSE	"FALSE"	"logical"
"fped_occasion"	"pf_total"	FALSE	"FALSE"	"logical"
"fped_occasion"	"add_sugars"	FALSE	"FALSE"	"logical"
"fped_occasion"	"oils"	FALSE	"FALSE"	"logical"
"fped_occasion"	"solid_fats"	FALSE	"FALSE"	"logical"
"fped_occasion"	"a_drinks"	FALSE	"FALSE"	"logical"
"fped_occasion"	"Year"	FALSE	"FALSE"	"logical"
"fped_occasion"	"join"	FALSE	"\"left\""	"join"
"fped_occasion"	"cat"	FALSE	"TRUE"	"logical"
"fped_read"	"years"	TRUE	""	"years"
"fped_read"	"day"	FALSE	"c(\"1\", \"2\")"	"1 or 2"
"fped_read"	"dietary"	FALSE	"c(\"tot\", \"iff\")"	"tot or iff"
"fped_read"	"version"	FALSE	"c(\"2010\", \"2015\")"	"2010 or 2015"
"fped_read"	"fun"	FALSE	"c(\"sum\", \"mean\")"	"sum or mean"
"fped_read"	"cat"	FALSE	"FALSE"	"logical"
"fped_read.g"	"years"	TRUE	""	""
"fped_read.g"	"day"	FALSE	"c(\"1\", \"2\")"	""
"fped_read.g"	"fun"	FALSE	"c(\"sum\", \"mean\")"	""
"fped_read.g"	"cat"	FALSE	"FALSE"	""
"fped_readi"	"years"	TRUE	""	""
"fped_readi"	"day"	FALSE	"c(\"1\", \"2\")"	""
"fped_readi"	"dietary"	FALSE	"c(\"tot\", \"iff\")"	""
"fped_readi"	"version"	FALSE	"c(\"2010\", \"2015\")"	""
"fped_readi"	"cat"	FALSE	"FALSE"	""
"fped0304"	"day"	FALSE	"1"	""
"fped0304"	"dietary"	FALSE	"\"iff\""	""
"fped0304"	"grams"	FALSE	"FALSE"	""
"freq_count"	"design"	TRUE	""	"design or dataframe"
"freq_count"	"x"	TRUE	""	"one or more numeric variable"
"freq_count"	"by"	FALSE	"NULL"	"one or more factor variable"
"freq_count"	"value"	FALSE	"FALSE"	"logical"
"freq_count"	"per"	FALSE	"FALSE"	"logical"
"freq_count"	"remove.name"	FALSE	"FALSE"	"logical"
"freq_count"	"remove.suffix"	FALSE	"FALSE"	"logical"
"freq_count"	"round"	FALSE	"2"	"2"
"freq_count"	"file"	FALSE	"NULL"	"excel file name"
"freq_mean"	"design"	TRUE	""	"design or dataframe"
"freq_mean"	"x"	TRUE	""	"one or more numeric variable"
"freq_mean"	"by"	FALSE	"NULL"	"one or more factor variable"
"freq_mean"	"value"	FALSE	"FALSE"	"logical"
"freq_mean"	"sd"	FALSE	"FALSE"	"logical"
"freq_mean"	"low.high"	FALSE	"FALSE"	"logical"
"freq_mean"	"ci"	FALSE	"FALSE"	"logical"
"freq_mean"	"meanPMsd"	FALSE	"FALSE"	"logical"
"freq_mean"	"meanSQsd"	FALSE	"FALSE"	"logical"
"freq_mean"	"round"	FALSE	"2"	"round, default is 2"
"freq_mean"	"na.rm"	FALSE	"TRUE"	"logical"
"Full_Join"	"..."	FALSE	""	"one or more variables"
"Full_Join"	"by"	FALSE	"\"seqn\""	"by pass to dplyr::full_join()"
"Full_Join"	"cat"	FALSE	"TRUE"	"logical"
"Full_Join"	"inspect"	FALSE	"NULL"	"one or more variables"
"full_join_character"	"model.i"	TRUE	""	""
"funique.noNA"	"x"	TRUE	""	""
"get_config_path"	"slash"	FALSE	"FALSE"	"logical for end with slash"
"get_config_years"	"range"	FALSE	"TRUE"	""
"getChangepoints"	"r"	TRUE	""	"result of RCS()"
"getChangepoints"	"range"	FALSE	"NULL"	"range for the rcs() varaibel"
"getChangepoints.m1"	"r"	TRUE	""	""
"getChangepoints.m1"	"range"	FALSE	"NULL"	""
"getChangepoints.m1by"	"r"	TRUE	""	""
"getChangepoints.m1by"	"range"	FALSE	"NULL"	""
"getKnot"	"fit"	TRUE	""	"fit"
"getReference"	"r"	TRUE	""	""
"getReference.m1"	"r"	TRUE	""	""
"getReference.m1by"	"r"	TRUE	""	""
"ggplot.m1"	"data"	TRUE	""	"resultes of RCS() function"
"ggplot.m1"	"mapping"	TRUE	""	"ignore"
"ggplot.m1"	"..."	FALSE	""	"ignore"
"ggplot.m1"	"environment"	FALSE	"parent.frame()"	"ignore"
"ggplot.m1"	"vline"	FALSE	"TRUE"	""
"ggplot.m1"	"hline"	FALSE	"TRUE"	""
"ggplot.m1"	"point"	FALSE	"FALSE"	""
"ggplot.m1"	"ylab"	FALSE	"NULL"	""
"ggplot.m1"	"xlab"	FALSE	"NULL"	""
"ggplot.m1"	"color"	FALSE	"\"red\""	"logical or colors"
"ggplot.m1by"	"data"	TRUE	""	"resultes of RCS() function"
"ggplot.m1by"	"mapping"	TRUE	""	"ignore"
"ggplot.m1by"	"..."	FALSE	""	"ignore"
"ggplot.m1by"	"environment"	FALSE	"parent.frame()"	"ignore"
"ggplot.m1by"	"vline"	FALSE	"TRUE"	""
"ggplot.m1by"	"hline"	FALSE	"TRUE"	""
"ggplot.m1by"	"point"	FALSE	"FALSE"	""
"ggplot.m1by"	"ylab"	FALSE	"NULL"	""
"ggplot.m1by"	"xlab"	FALSE	"NULL"	""
"ggplot.m1by"	"text"	FALSE	"TRUE"	"logical whether to add text"
"group_cal"	"d"	TRUE	""	""
"group_cal"	"mean_vars"	FALSE	"NULL"	""
"group_cal"	"median_vars"	FALSE	"NULL"	""
"group_cal"	"sd_vars"	FALSE	"NULL"	""
"group_cal"	"max_vars"	FALSE	"NULL"	""
"group_cal"	"min_vars"	FALSE	"NULL"	""
"group_cal"	"sum_vars"	FALSE	"NULL"	""
"group_cal"	"uniq_vars"	FALSE	"NULL"	""
"group_cal"	"paste_vars"	FALSE	"NULL"	""
"group_cal"	"uniq_past_vars"	FALSE	"NULL"	""
"group_cal"	"collapse"	FALSE	"\",\""	""
"group_cal"	"bys"	FALSE	"NULL"	""
"group_max"	"d"	TRUE	""	""
"group_max"	"vars"	FALSE	"NULL"	""
"group_max"	"bys"	FALSE	"NULL"	""
"group_mean"	"d"	TRUE	""	""
"group_mean"	"vars"	FALSE	"NULL"	""
"group_mean"	"bys"	FALSE	"NULL"	""
"group_min"	"d"	TRUE	""	""
"group_min"	"vars"	FALSE	"NULL"	""
"group_min"	"bys"	FALSE	"NULL"	""
"group_paste"	"d"	TRUE	""	""
"group_paste"	"vars"	FALSE	"NULL"	""
"group_paste"	"bys"	FALSE	"NULL"	""
"group_paste"	"collapse"	FALSE	"\",\""	""
"group_sd"	"d"	TRUE	""	""
"group_sd"	"vars"	FALSE	"NULL"	""
"group_sd"	"bys"	FALSE	"NULL"	""
"group_sum"	"d"	TRUE	""	""
"group_sum"	"vars"	FALSE	"NULL"	""
"group_sum"	"bys"	FALSE	"NULL"	""
"group_unique"	"d"	TRUE	""	""
"group_unique"	"vars"	FALSE	"NULL"	""
"group_unique"	"bys"	FALSE	"NULL"	""
"group_use_paste"	"x"	TRUE	""	""
"group_use_paste"	"collapse"	FALSE	"\",\""	""
"head4span"	"x"	TRUE	""	""
"head4span"	"p1"	FALSE	"NULL"	""
"head4span"	"p2"	FALSE	"NULL"	""
"head4span"	"rm0"	FALSE	"F"	""
"hei_2010"	"indat"	TRUE	""	""
"hei_2010"	"kcal"	FALSE	"\"dr1tkcal\""	""
"hei_2010"	"lv_total"	FALSE	"\"legume_added_dr1t_v_total\""	""
"hei_2010"	"lbeangrn"	FALSE	"\"legume_added_beangrn\""	""
"hei_2010"	"f_total"	FALSE	"\"dr1t_f_total\""	""
"hei_2010"	"wholefrt"	FALSE	"\"wholefrt\""	""
"hei_2010"	"g_whl"	FALSE	"\"dr1t_g_whole\""	""
"hei_2010"	"d_total"	FALSE	"\"dr1t_d_total\""	""
"hei_2010"	"lallmeat"	FALSE	"\"legume_added_allmeat\""	""
"hei_2010"	"lseaplant"	FALSE	"\"legume_added_seaplant\""	""
"hei_2010"	"monopoly"	FALSE	"\"monopoly\""	""
"hei_2010"	"sfat"	FALSE	"\"dr1tsfat\""	""
"hei_2010"	"sodi"	FALSE	"\"dr1tsodi\""	""
"hei_2010"	"g_nwhl"	FALSE	"\"dr1t_g_refined\""	""
"hei_2010"	"emptycal10"	FALSE	"\"emptycal10\""	""
"hei_2010"	"varLabel"	FALSE	"FALSE"	""
"hei_2010"	"energy"	FALSE	"TRUE"	""
"hei_2010"	"component"	FALSE	"TRUE"	""
"hei_2010"	"density"	FALSE	"FALSE"	""
"hei_2010"	"join"	FALSE	"\"seqn\""	""
"hei_2010_PerDay_pratio"	"seqn"	FALSE	"NULL"	""
"hei_2010_PerDay_pratio"	"years"	FALSE	"1999"	""
"hei_2010_PerDay_pratio"	"day"	FALSE	"\"1\""	""
"hei_2010_PerDay_pratio"	"dietary"	FALSE	"\"tot\""	""
"hei_2010_PerDay_pratio"	"seed"	FALSE	"NULL"	""
"hei_2010_PerDay_pratio"	"varLabel"	FALSE	"FALSE"	""
"hei_2010_PerDay_ssum"	"years"	TRUE	""	""
"hei_2010_PerDay_ssum"	"day"	FALSE	"\"2\""	""
"hei_2010_PerDay_ssum"	"dietary"	FALSE	"\"tot\""	""
"hei_2010_PerDay_ssum"	"varLabel"	FALSE	"FALSE"	""
"hei_2010_PerDay_ssum"	"energy"	FALSE	"TRUE"	""
"hei_2010_PerDay_ssum"	"component"	FALSE	"TRUE"	""
"hei_2010_PerDay_ssum"	"density"	FALSE	"FALSE"	""
"hei_2010_PerDay_ssum"	"version"	FALSE	"2010"	""
"hei_2010_PerPerson_pratio"	"seqn"	FALSE	"NULL"	""
"hei_2010_PerPerson_pratio"	"years"	FALSE	"years"	""
"hei_2010_PerPerson_pratio"	"dietary"	FALSE	"\"tot\""	""
"hei_2010_PerPerson_pratio"	"seed"	FALSE	"NULL"	""
"hei_2010_PerPerson_ssum"	"years"	TRUE	""	""
"hei_2010_PerPerson_ssum"	"dietary"	FALSE	"\"tot\""	""
"hei_2010_PerPerson_ssum"	"varLabel"	FALSE	"FALSE"	""
"hei_2010_PerPerson_ssum"	"energy"	FALSE	"TRUE"	""
"hei_2010_PerPerson_ssum"	"component"	FALSE	"TRUE"	""
"hei_2010_PerPerson_ssum"	"density"	FALSE	"FALSE"	""
"hei_2010_PerPerson_ssum"	"both2days"	FALSE	"F"	""
"hei_2015"	"indat"	FALSE	"indat"	""
"hei_2015"	"kcal"	FALSE	"\"dr1tkcal\""	""
"hei_2015"	"vtotalleg"	FALSE	"\"vtotalleg\""	""
"hei_2015"	"vdrkgrleg"	FALSE	"\"vdrkgrleg\""	""
"hei_2015"	"f_total"	FALSE	"\"dr1t_f_total\""	""
"hei_2015"	"fwholefrt"	FALSE	"\"fwholefrt\""	""
"hei_2015"	"g_whole"	FALSE	"\"dr1t_g_whole\""	""
"hei_2015"	"d_total"	FALSE	"\"dr1t_d_total\""	""
"hei_2015"	"pfallprotleg"	FALSE	"\"pfallprotleg\""	""
"hei_2015"	"pfseaplantleg"	FALSE	"\"pfseaplantleg\""	""
"hei_2015"	"monopoly"	FALSE	"\"monopoly\""	""
"hei_2015"	"satfat"	FALSE	"\"dr1tsfat\""	""
"hei_2015"	"sodium"	FALSE	"\"dr1tsodi\""	""
"hei_2015"	"g_refined"	FALSE	"\"dr1t_g_refined\""	""
"hei_2015"	"add_sugars"	FALSE	"\"dr1t_add_sugars\""	""
"hei_2015"	"varLabel"	FALSE	"FALSE"	""
"hei_2015"	"energy"	FALSE	"TRUE"	""
"hei_2015"	"component"	FALSE	"TRUE"	""
"hei_2015"	"density"	FALSE	"FALSE"	""
"hei_2015"	"join"	FALSE	"\"seqn\""	""
"hei_2015_PerDay_pratio"	"seqn"	FALSE	"NULL"	""
"hei_2015_PerDay_pratio"	"years"	FALSE	"2009"	""
"hei_2015_PerDay_pratio"	"day"	FALSE	"\"1\""	""
"hei_2015_PerDay_pratio"	"dietary"	FALSE	"\"tot\""	""
"hei_2015_PerDay_pratio"	"seed"	FALSE	"NULL"	""
"hei_2015_PerDay_pratio"	"varLabel"	FALSE	"FALSE"	""
"hei_2015_PerDay_ssum"	"years"	TRUE	""	""
"hei_2015_PerDay_ssum"	"day"	TRUE	""	""
"hei_2015_PerDay_ssum"	"dietary"	TRUE	""	""
"hei_2015_PerDay_ssum"	"varLabel"	FALSE	"FALSE"	""
"hei_2015_PerDay_ssum"	"energy"	FALSE	"TRUE"	""
"hei_2015_PerDay_ssum"	"component"	FALSE	"TRUE"	""
"hei_2015_PerDay_ssum"	"density"	FALSE	"FALSE"	""
"hei_2015_PerDay_ssum"	"version"	FALSE	"2015"	""
"hei_2015_PerPerson_pratio"	"seqn"	FALSE	"seqn"	""
"hei_2015_PerPerson_pratio"	"years"	FALSE	"years"	""
"hei_2015_PerPerson_pratio"	"dietary"	FALSE	"dietary"	""
"hei_2015_PerPerson_pratio"	"seed"	FALSE	"NULL"	""
"hei_2015_PerPerson_ssum"	"years"	TRUE	""	""
"hei_2015_PerPerson_ssum"	"dietary"	FALSE	"\"tot\""	""
"hei_2015_PerPerson_ssum"	"varLabel"	FALSE	"FALSE"	""
"hei_2015_PerPerson_ssum"	"energy"	FALSE	"TRUE"	""
"hei_2015_PerPerson_ssum"	"component"	FALSE	"TRUE"	""
"hei_2015_PerPerson_ssum"	"density"	FALSE	"FALSE"	""
"hei_2015_PerPerson_ssum"	"both2days"	FALSE	"F"	""
"highlight"	"x"	TRUE	""	"dataframe or vector"
"highlight"	"..."	FALSE	""	"one or more key words"
"highlight"	"colors"	FALSE	"NULL"	"colors"
"histgram_range"	"x"	TRUE	""	""
"histgram_range"	"bins"	TRUE	""	""
"html_space"	"n"	FALSE	"1"	""
"html_table"	"df"	TRUE	""	""
"html_table"	"..."	FALSE	""	""
"html_table"	"caption"	FALSE	"NULL"	""
"html_table"	"header"	FALSE	"1"	""
"html_table"	"headtop"	FALSE	"0"	""
"html_table"	"bodytop"	FALSE	"0"	""
"html_table"	"headspan.list"	FALSE	"NULL"	""
"html_table"	"foot"	FALSE	"\"\""	""
"html_URL"	"x"	TRUE	""	"object"
"html_URL"	"href"	FALSE	"NULL"	"url"
"html_URL"	"name"	FALSE	"NULL"	"name or anchor"
"html_URL"	"target"	FALSE	"\"new\""	"new"
"icd10_search"	"..."	FALSE	""	""
"icd10_search"	"years"	TRUE	""	""
"ifel"	"..."	FALSE	""	"express"
"iff.fode.code"	"years"	TRUE	""	""
"iff.fode.code"	"day"	FALSE	"1"	""
"iff.fode.code"	"start"	FALSE	"NULL"	""
"iff.gram.kcl"	"years"	TRUE	""	""
"iff.gram.kcl"	"day"	TRUE	""	""
"inf2NA"	"x"	TRUE	""	""
"Inner_Join"	"..."	FALSE	""	"one or more variables"
"Inner_Join"	"by"	FALSE	"\"seqn\""	"by pass to dplyr::inner_join()"
"Inner_Join"	"cat"	FALSE	"TRUE"	"logical"
"Inner_Join"	"inspect"	FALSE	"NULL"	"one or more variables"
"interi"	"fit"	TRUE	""	""
"intersection"	"fit"	TRUE	""	""
"intersection"	"round"	TRUE	""	""
"intersection"	"boot"	FALSE	"2000"	""
"intersection"	"seed"	FALSE	"NULL"	""
"ip_analysis"	"fit"	TRUE	""	"回归"
"ip_analysis"	"ip"	FALSE	"NULL"	"切点值"
"ip_analysis"	"round"	FALSE	"3"	"小数位数"
"ip_analysis"	"xlsx"	FALSE	"NULL"	"excel表格命令"
"label_table"	"div"	TRUE	""	""
"Left_Join"	"..."	FALSE	""	"one or more variables"
"Left_Join"	"by"	FALSE	"\"seqn\""	"by pass to dplyr::left_join()"
"Left_Join"	"cat"	FALSE	"TRUE"	"logical"
"Left_Join"	"inspect"	FALSE	"NULL"	"one or more variables"
"leg2010a"	"indat"	TRUE	""	""
"leg2010a"	"kcal"	TRUE	""	""
"leg2010a"	"allmeat"	TRUE	""	""
"leg2010a"	"seaplant"	TRUE	""	""
"leg2010a"	"v_total"	TRUE	""	""
"leg2010a"	"v_drkgr"	TRUE	""	""
"leg2010a"	"legumes"	TRUE	""	""
"listn"	"x"	TRUE	""	""
"listn"	"n"	FALSE	"1"	""
"look"	"x"	TRUE	""	"one character vector"
"look"	"..."	FALSE	""	"one or more keyword, started with nothing or ~, !~, =, !=, connected by '|'."
"look"	"ignore.case"	FALSE	"FALSE"	"logical. whether to ignore case."
"looki"	"x"	TRUE	""	""
"looki"	"..."	FALSE	""	""
"looki"	"ignore.case"	FALSE	"FALSE"	""
"looki"	"NA2false"	FALSE	"FALSE"	""
"lookl"	"x"	TRUE	""	"one character vector"
"lookl"	"..."	FALSE	""	"one or more keyword, started with nothing or ~, !~, =, !=, connected by '|'."
"lookl"	"ignore.case"	FALSE	"TRUE"	"logical. whether to ignore case."
"lookl"	"NA2false"	FALSE	"FALSE"	"logical whether transform NA to FALSE"
"LS7_Michelle"	"years"	TRUE	""	""
"LS7_Michelle"	"hei_version"	FALSE	"2010"	""
"LS7_Michelle"	"count"	TRUE	""	""
"LS7_Michelle"	"component_score"	TRUE	""	""
"LS7_Michelle"	"component_raw"	TRUE	""	""
"make.formula"	"names"	TRUE	""	""
"matchit4design"	"design"	TRUE	""	"design"
"matchit4design"	"matchit"	TRUE	""	"result of matchit"
"md.pattern"	"data"	TRUE	""	"dataframe or list"
"md.value"	"data"	TRUE	""	"dataframe or list"
"mdb_files"	"mdb"	TRUE	""	"mdb file"
"mean_by"	"data"	TRUE	""	""
"mean_by"	"x"	TRUE	""	""
"mean_by"	"by"	TRUE	""	""
"milk.food.code"	"years"	TRUE	""	""
"milk.food.code"	"food.code"	FALSE	"NULL"	""
"miss"	"x"	FALSE	"1"	""
"missForest2"	"d"	TRUE	""	"数据"
"missForest2"	"ntree"	FALSE	"5"	""
"missForest2"	"seed"	FALSE	"1"	""
"missValue"	"data"	TRUE	""	"dataframe"
"missValue"	"..."	FALSE	""	"filt rownames"
"model.data"	"fit"	TRUE	""	""
"model.data"	"data"	FALSE	"NULL"	""
"mort_read"	"years"	TRUE	""	"one or more years, missing for all"
"mort_read"	"varLabel"	FALSE	"FALSE"	"logical, default is TRUE."
"mort_read"	"codebook"	FALSE	"TRUE"	"logical, default is TRUE."
"multibyteString"	"tsv"	TRUE	""	"tsv"
"mutate.survey.design"	".data"	TRUE	""	"survey design"
"mutate.survey.design"	"..."	FALSE	""	"pass to mutate"
"nchar_max"	"x"	TRUE	""	""
"newVb"	"df"	TRUE	""	"数据框"
"newVb"	"..."	FALSE	""	"特殊的格式：列名，条件1，条件2，条件3"
"nhs.iff.food.code"	"years"	TRUE	""	""
"nhs.iff.food.code"	"day"	FALSE	"1"	""
"nhs.iff.food.code"	"food.code"	FALSE	"NULL"	""
"nhs.pubmed"	"..."	FALSE	""	""
"nhs.pubmed_title"	"..."	FALSE	""	""
"nhs_brief"	"..."	FALSE	""	"pass to nhs_colnames()"
"nhs_brief.character"	"..."	FALSE	""	"pass to nhs_colnames()"
"nhs_brief.data.frame"	"..."	FALSE	""	"pass to nhs_colnames()"
"nhs_browse"	"years"	TRUE	""	"one or more years"
"nhs_browse"	"items"	TRUE	""	"one or more items"
"nhs_browse"	"open"	FALSE	"TRUE"	"whether to open in browser"
"nhs_check"	"years"	TRUE	""	"one or more years"
"nhs_check"	"items"	TRUE	""	"one or more items"
"nhs_codebook"	"..."	FALSE	""	"one(suggest) or more variable names"
"nhs_codebook"	"tolower"	FALSE	"FALSE"	"logical"
"nhs_codebook.character"	"variable"	TRUE	""	""
"nhs_codebook.character"	"files"	TRUE	""	""
"nhs_codebook.character"	"tolower"	FALSE	"FALSE"	""
"nhs_codebook.dataframe"	"variable"	TRUE	""	""
"nhs_codebook.dataframe"	"files"	TRUE	""	""
"nhs_codebook.dataframe"	"tolower"	FALSE	"FALSE"	""
"nhs_colnames"	"..."	FALSE	""	"path of tsv files or dataframe or list of nhs_read()"
"nhs_colnames"	"brief"	FALSE	"FALSE"	"logical. whether to return brief results"
"nhs_colnames.character"	"..."	FALSE	""	"path of tsv files or dataframe or list of nhs_read()"
"nhs_colnames.character"	"brief"	FALSE	"FALSE"	"logical. whether to return brief results"
"nhs_colnames.list"	"..."	FALSE	""	"path of tsv files or dataframe or list of nhs_read()"
"nhs_colnames.list"	"order"	FALSE	"FALSE"	"logical. whether to order by colnames"
"nhs_colnames.list"	"brief"	FALSE	"FALSE"	"logical. whether to return brief results"
"nhs_Connect"	"user"	FALSE	"\"postgres\""	"user, default is 'postgres'"
"nhs_Connect"	"password"	FALSE	"\"pg\""	"password, default is 'pg'"
"nhs_Connect"	"dbname"	FALSE	"\"nhanes\""	"database name, default is 'nhanes'"
"nhs_Connect"	"host"	FALSE	"\"localhost\""	"default is 'localhost'"
"nhs_Connect"	"port"	FALSE	"5432"	"default is 5432"
"nhs_Connect"	"..."	FALSE	""	"passed to DBI::dbConnect()"
"nhs_copy"	"dir"	TRUE	""	"directory"
"nhs_DOC"	"tsv"	TRUE	""	"tsv"
"nhs_docFile_pc"	"..."	FALSE	""	"file names, which will be used to look()"
"nhs_docFile_pc"	"items"	TRUE	""	"item"
"nhs_docFile_pc"	"years"	TRUE	""	"years"
"nhs_docFile_pc"	"open"	FALSE	"FALSE"	"logical. whether to open the document file url in browser"
"nhs_download"	"years"	TRUE	""	"one or more years"
"nhs_download"	"items"	TRUE	""	"one or more items"
"nhs_download"	"files"	TRUE	""	"which files to be download"
"nhs_download"	"xpt"	FALSE	"TRUE"	"logical. whether to download original data"
"nhs_download"	"tsv"	FALSE	"TRUE"	"logical. whether to restore tsv file"
"nhs_download"	"varLabel"	FALSE	"TRUE"	"logical. whether to restore varLabel file"
"nhs_download"	"codebook"	FALSE	"TRUE"	"logical. whether to restore codebook file."
"nhs_download"	"update"	FALSE	"TRUE"	"logical. whether to restore upate file."
"nhs_download"	"filetable"	FALSE	"NULL"	"ignore. only used in update."
"nhs_download"	"cat"	FALSE	"TRUE"	"logical. whether to print download process."
"nhs_download"	"redown"	FALSE	"TRUE"	"logical. whether to download the existed file."
"nhs_download"	"updatekeyword"	FALSE	"NULL"	"update key word"
"nhs_file_table"	"year"	TRUE	""	"year"
"nhs_file_table"	"items"	TRUE	""	"items"
"nhs_file_table"	"datafilename"	TRUE	""	"datafilename"
"nhs_file_table"	"docFilename"	TRUE	""	"docFilename"
"nhs_file_table"	"datafile"	TRUE	""	"datafile"
"nhs_file_table"	"published"	TRUE	""	"published"
"nhs_file_table"	"docURL"	TRUE	""	"docURL"
"nhs_file_table"	"dataURL"	TRUE	""	"dataURL"
"nhs_files_pc"	"pattern"	FALSE	"NULL"	"for nhs_files_pc()"
"nhs_files_pc"	"items"	TRUE	""	""
"nhs_files_pc"	"years"	TRUE	""	"one or more years"
"nhs_files_pc"	"exclude"	FALSE	"NULL"	""
"nhs_files_pc"	"file_ext"	FALSE	"NULL"	"file extensions for nhs_files_pc(), default is NULL to list all files"
"nhs_files_pc"	"cat"	FALSE	"TRUE"	"logical, wheter to show the process"
"nhs_files_web"	"years"	TRUE	""	"one or more years"
"nhs_files_web"	"items"	TRUE	""	""
"nhs_files_web"	"cat"	FALSE	"TRUE"	"logical, wheter to show the process"
"nhs_html"	"x"	TRUE	""	"result of nhs_tsv"
"nhs_html"	"browse"	FALSE	"TRUE"	"logical"
"nhs_html_download"	"tsv"	FALSE	"NULL"	"tsv"
"nhs_html_download"	"download"	FALSE	"FALSE"	""
"nhs_html_download"	"distribute"	FALSE	"FALSE"	""
"nhs_items_pc"	"years"	TRUE	""	"one or more years"
"nhs_items_web"	"years"	TRUE	""	"one or more years"
"nhs_items_web"	"cat"	FALSE	"TRUE"	"logical, wheter to show the process"
"nhs_news"	"browse"	FALSE	"FALSE"	""
"nhs_pg"	"..."	FALSE	""	"files and variables"
"nhs_pg"	"varLabel"	FALSE	"TRUE"	"logical. Whether to add label for variables, default is TRUE"
"nhs_pg"	"codebook"	FALSE	"TRUE"	"logical. Whether to convert code into label."
"nhs_pg"	"nrows"	FALSE	"Inf"	"maximum rows to read. default is infinity"
"nhs_pg"	"lowercd"	FALSE	"FALSE"	"logical. Whether to convert codebook to little letter."
"nhs_pg"	"force_rbind"	FALSE	"FALSE"	"logical. Whether to rbind the query list data"
"nhs_pg"	"conn"	TRUE	""	"connection to nhanes database in PostgreSQL"
"nhs_read"	"..."	FALSE	""	"one or more data file path, or variable names"
"nhs_read"	"varLabel"	FALSE	"FALSE"	"logical, whether to add varLabel for variable"
"nhs_read"	"codebook"	FALSE	"TRUE"	"logical, whether to decode variable"
"nhs_read"	"lower_cd"	FALSE	"FALSE"	"logical. whether to ignore case in codebook"
"nhs_read"	"Year"	FALSE	"TRUE"	"logical. whether to keep Year column"
"nhs_read"	"nrows"	FALSE	"Inf"	"The maximum number of rows to read."
"nhs_read"	"cat"	FALSE	"TRUE"	"logical. whether to show progress information"
"nhs_read"	"refuse_dontknow_toNA"	FALSE	"TRUE"	"logical. whether transform refuse and dont know to NA"
"nhs_read"	"psu_strat"	FALSE	"TRUE"	"logical"
"nhs_read"	"join"	FALSE	"c(\"full\", \"inner\", \"left\", \"right\", \"semi\", \"anti\", \"nest\")"	"join method. One of full, inner, left, right, semi, anti, nest"
"nhs_search"	"..."	FALSE	""	"one or more keywords, use look() function to search."
"nhs_search"	"cat"	FALSE	"TRUE"	"logical. whether to show results number"
"nhs_search"	"fileds"	FALSE	"NULL"	""
"nhs_search_file"	"..."	FALSE	""	""
"nhs_search_file"	"data"	FALSE	"NULL"	""
"nhs_search_file"	"cat"	FALSE	"TRUE"	""
"nhs_target"	"..."	FALSE	""	"variable names, which will be searched by lookl(), list result of nhs_read() or dataframe or list of nhs_select(), nhs_pg()"
"nhs_target.character"	"..."	FALSE	""	"variable names, which will be searched by lookl(), list result of nhs_read() or dataframe or list of nhs_select(), nhs_pg()"
"nhs_target.character"	"data"	FALSE	"NULL"	"varLabel data, used in web application"
"nhs_target.data.frame"	"..."	FALSE	""	"variable names, which will be searched by lookl(), list result of nhs_read() or dataframe or list of nhs_select(), nhs_pg()"
"nhs_target.list"	"..."	FALSE	""	"variable names, which will be searched by lookl(), list result of nhs_read() or dataframe or list of nhs_select(), nhs_pg()"
"nhs_tsv"	"..."	FALSE	""	"filename"
"nhs_tsv"	"items"	TRUE	""	"items"
"nhs_tsv"	"years"	TRUE	""	"years"
"nhs_tsv"	"ex_years"	FALSE	"NULL"	""
"nhs_tsv"	"cat"	FALSE	"TRUE"	"logical. whether to print files"
"nhs_update"	"path"	FALSE	"NULL"	"更新部分的路径"
"nhs_update0"	"path"	FALSE	"NULL"	""
"nhs_Upload"	"files"	TRUE	""	""
"nhs_Upload"	"conn"	TRUE	""	"connection, if missing, it will be get 'connectiontopsql' from global environment."
"nhs_varLabel"	"..."	FALSE	""	"file path of nhs_files_pc() or variable names"
"nhs_varLabel"	"tolower"	FALSE	"FALSE"	"logical. Whether to transform lebel to be lower."
"nhs_view"	"x"	TRUE	""	"result of nsh_datafile()"
"nhs_view"	"..."	FALSE	""	"key words for high light"
"nhs_view.character"	"x"	TRUE	""	"result of nsh_datafile()"
"nhs_view.character"	"..."	FALSE	""	"key words for high light"
"nhs_view.character"	"n"	FALSE	"4"	"4"
"nhs_view.data.frame"	"x"	TRUE	""	""
"nhs_view.data.frame"	"..."	FALSE	""	""
"nhs_view.data.frame"	"scroll_height"	FALSE	"\"600px\""	""
"nhs_view.Drug"	"x"	TRUE	""	""
"nhs_view.Drug"	"..."	FALSE	""	""
"nhs_view.incidence_byYear"	"x"	TRUE	""	""
"nhs_view.incidence_byYear"	"..."	FALSE	""	""
"nhs_view.incidence_byYear"	"scroll_height"	FALSE	"\"1200px\""	""
"nhs_view.nhs_colnames"	"x"	TRUE	""	"result of nsh_datafile()"
"nhs_view.nhs_colnames"	"..."	FALSE	""	"key words for high light"
"nhs_view.nhs_colnames"	"label"	FALSE	"TRUE"	"logical. whether to show label column"
"nhs_view.nhs_colnames"	"description"	FALSE	"TRUE"	"logical. whether to show description column"
"nhs_view.nhs_colnames"	"target"	FALSE	"TRUE"	"logical. whether to show target column"
"nhs_view.nhs_colnames"	"instructions"	FALSE	"TRUE"	"logical. whether to show instructions column"
"nhs_view.nhs_colnames"	"hard.edits"	FALSE	"TRUE"	"logical. whether to show hard.edits column"
"nhs_view.nhs_colnames"	"datafame"	FALSE	"FALSE"	"logical. whether to return dataframe"
"nhs_view.nhs_colnames"	"combine"	FALSE	"NULL"	""
"nhs_view.nhs_colnames"	"scroll_height"	FALSE	"\"600px\""	"scroll height, default is \"600px\""
"nhs_view.nhs_file_web"	"x"	TRUE	""	""
"nhs_view.nhs_file_web"	"..."	FALSE	""	""
"nhs_view.nhs_file_web"	"scroll_height"	FALSE	"\"600px\""	""
"nhs_view.nhs_search"	"x"	TRUE	""	""
"nhs_view.nhs_search"	"..."	FALSE	""	""
"nhs_view.nhs_search"	"label"	FALSE	"TRUE"	""
"nhs_view.nhs_search"	"description"	FALSE	"TRUE"	""
"nhs_view.nhs_search"	"target"	FALSE	"TRUE"	""
"nhs_view.nhs_search"	"instructions"	FALSE	"TRUE"	""
"nhs_view.nhs_search"	"hard.edits"	FALSE	"TRUE"	""
"nhs_view.nhs_search"	"datafame"	FALSE	"FALSE"	""
"nhs_view.nhs_search"	"scroll_height"	FALSE	"\"600px\""	""
"nhs_view.nhs_search_file"	"x"	TRUE	""	""
"nhs_view.nhs_search_file"	"..."	FALSE	""	""
"nhs_view.nhs_search_file"	"scroll_height"	FALSE	"\"600px\""	""
"nhs_view.regtable"	"x"	TRUE	""	""
"nhs_view.regtable"	"..."	FALSE	""	""
"nhs_view.regtable"	"scroll_height"	FALSE	"\"1200px\""	""
"nhs_view.stratum_model"	"x"	TRUE	""	""
"nhs_view.stratum_model"	"..."	FALSE	""	""
"nhs_view.stratum_model"	"scroll_height"	FALSE	"\"1200px\""	""
"nhs_view.svy_tableone"	"x"	TRUE	""	""
"nhs_view.svy_tableone"	"..."	FALSE	""	""
"nhs_view.svytableone"	"x"	TRUE	""	""
"nhs_view.svytableone"	"..."	FALSE	""	""
"nhs_view.svytableone"	"scroll_height"	FALSE	"\"1200px\""	""
"nhs_view.target"	"x"	TRUE	""	""
"nhs_view.target"	"..."	FALSE	""	""
"nhs_wt"	"data"	TRUE	""	"data"
"nhs_wt"	"yr2"	TRUE	""	"weight for 2 years"
"nhs_wt"	"yr4"	TRUE	""	"weight for 4 years: 1999-2000 and 2001-2002"
"nhs_wt"	"wtname"	FALSE	"\"cwt\""	"name for combine weight column"
"nhs_year_pc"	"range"	FALSE	"TRUE"	"whether to show year interval"
"nhs_years_web"	"range"	FALSE	"TRUE"	"whether to show year interval"
"NULLcodebook"	"firs_publish"	TRUE	""	""
"NULLcodebook"	"last_revise"	TRUE	""	""
"NULLcodebook"	"file"	TRUE	""	""
"odd"	"x"	TRUE	""	""
"oddl"	"x"	TRUE	""	""
"optimal_nKnots"	"fit"	TRUE	""	"result of fit from 'rms' package"
"optimal_nKnots"	"n"	FALSE	"3:8"	"number of nots"
"optimal_nKnots"	"by"	FALSE	"NULL"	""
"optimal_nKnots"	"plot"	FALSE	"TRUE"	"logical. whether to plot"
"optimal_nKnots"	"title"	FALSE	"NULL"	""
"optimal_nKnots"	"data"	FALSE	"NULL"	""
"optimal_nKnots"	"cat"	FALSE	"F"	""
"optimal_nKnots.default"	"fit"	TRUE	""	""
"optimal_nKnots.default"	"n"	FALSE	"3:8"	""
"optimal_nKnots.default"	"by"	FALSE	"NULL"	""
"optimal_nKnots.default"	"plot"	FALSE	"TRUE"	""
"optimal_nKnots.default"	"title"	FALSE	"NULL"	""
"optimal_nKnots.default"	"data"	FALSE	"NULL"	""
"optimal_nKnots.default"	"cat"	FALSE	"F"	""
"optimal_nKnots.svycoxph"	"fit"	TRUE	""	""
"optimal_nKnots.svycoxph"	"n"	FALSE	"3:8"	""
"optimal_nKnots.svycoxph"	"by"	FALSE	"NULL"	""
"optimal_nKnots.svycoxph"	"plot"	FALSE	"TRUE"	""
"optimal_nKnots.svycoxph"	"title"	FALSE	"NULL"	""
"optimal_nKnots.svycoxph"	"data"	FALSE	"NULL"	""
"optimal_nKnots.svycoxph"	"cat"	FALSE	"F"	""
"optimal_nKnots.svyglm"	"fit"	TRUE	""	""
"optimal_nKnots.svyglm"	"n"	FALSE	"3:8"	""
"optimal_nKnots.svyglm"	"by"	FALSE	"NULL"	""
"optimal_nKnots.svyglm"	"plot"	FALSE	"TRUE"	""
"optimal_nKnots.svyglm"	"title"	FALSE	"NULL"	""
"optimal_nKnots.svyglm"	"data"	FALSE	"NULL"	""
"optimal_nKnots.svyglm"	"cat"	FALSE	"F"	""
"order_fit"	"fs"	TRUE	""	""
"p4interaction"	"fit"	TRUE	""	"result of glm, lm, ols, lrm, coxph, cph, svyglm svycoxph"
"p4interaction"	"adjust"	FALSE	"NULL"	"adjust variable"
"p4interaction"	"df"	FALSE	"Inf"	"NULL"
"p4trend"	"fit"	TRUE	""	"fit"
"p4trend"	"x"	FALSE	"NULL"	"x"
"p4trend"	"character2integer"	FALSE	"TRUE"	""
"p4trend"	"quadratic"	FALSE	"FALSE"	""
"p4trend"	"round"	FALSE	"3"	"round"
"paste_dataframe"	"..."	FALSE	""	"one or more dataframe or character"
"paste_dcn.icn"	"x"	TRUE	""	""
"paste_dcn.icn"	"key"	FALSE	"\"rxddcn\""	""
"paste0_columns"	"df"	TRUE	""	""
"paste0_columns"	"collapse"	FALSE	"\",\""	""
"paste1"	"x1"	TRUE	""	""
"paste1"	"x2"	TRUE	""	""
"person_years"	"data"	TRUE	""	"data"
"person_years"	"outcome"	FALSE	"NULL"	"outcome column name"
"person_years"	"year"	FALSE	"NULL"	"year column name"
"person_years"	"by"	FALSE	"NULL"	"one or more group column name"
"person_years"	"per1000"	FALSE	"FALSE"	"logical"
"person_years"	"round"	FALSE	"3"	"3 is default"
"prepare_items"	"items"	TRUE	""	"one or more items"
"prepare_years"	"years"	TRUE	""	"one or more years"
"prepare_years"	"range"	FALSE	"TRUE"	"logical."
"prevalence_byYear"	"object"	TRUE	""	"dataframe or design"
"prevalence_byYear"	"y"	FALSE	"NULL"	"disease variable"
"prevalence_byYear"	"stratum"	FALSE	"NULL"	"stratum variable"
"prevalence_byYear"	"adjust"	FALSE	"NULL"	"adjust varaible"
"prevalence_byYear"	"round"	FALSE	"2"	"digit"
"prevalence_byYear"	"xlsx"	FALSE	"NULL"	"xlsx file names"
"print.svy_roc"	"x"	TRUE	""	"result of svy_roc"
"print.svy_roc"	"..."	FALSE	""	"ignore"
"pvalue.digit"	"p"	TRUE	""	""
"pvalue.digit"	"round"	FALSE	"3"	""
"pvalue.format"	"x"	TRUE	""	""
"pvalue.format"	"round"	FALSE	"2"	""
"Qnplot"	"..."	FALSE	""	"一个或者多个crude.Model.n的结果"
"Qnplot"	"xlab"	FALSE	"NULL"	""
"Qnplot"	"ylab"	FALSE	"NULL"	""
"Qnplot"	"skip"	FALSE	"0"	""
"Qnplot"	"linewidth"	FALSE	"0.9"	""
"Qnplot"	"axis.text.size"	FALSE	"10"	""
"Qnplot"	"axis.label.size"	FALSE	"12"	""
"Qnplot"	"legend.text.size"	FALSE	"9.5"	""
"Qnplot"	"legend.position"	FALSE	"\"right\""	""
"Qnplot"	"strip.text.size"	FALSE	"10"	""
"Qnplot"	"file"	FALSE	"NULL"	""
"Qnplot"	"width"	FALSE	"par(\"din\")[1]"	""
"Qnplot"	"height"	FALSE	"par(\"din\")[2]"	""
"Qnplot"	"unit"	FALSE	"\"in\""	""
"Qnplot"	"dpi"	FALSE	"300"	""
"qoute_n"	"x"	TRUE	""	""
"qoute_n"	"pos"	FALSE	"\"left\""	""
"quant"	"x"	TRUE	""	"numeric vector"
"quant"	"n"	TRUE	""	"quantile numbers"
"quant"	"round"	FALSE	"3"	"3, round"
"quant"	"cat"	FALSE	"TRUE"	"logical"
"quant"	"Q"	FALSE	"FALSE"	"logical. whether transfer to Q1, Q2, Q3..."
"quant.median"	"x"	TRUE	""	"vector"
"quant.median"	"n"	TRUE	""	"number of quantile"
"quant.median"	"round"	FALSE	"3"	"round, 3 is default"
"quant.median"	"cat"	FALSE	"TRUE"	"logical"
"quiet"	"x"	TRUE	""	""
"RCS"	"..."	FALSE	""	"one or more regression"
"RCS"	"nknots"	FALSE	"NULL"	"number of knots"
"RCS"	"reference"	FALSE	"\"median\""	"reference, default is median"
"RCS"	"by"	FALSE	"NULL"	"one or more variable"
"RCS"	"conf.int"	FALSE	"0.95"	""
"RCS"	"ref.zero"	FALSE	"TRUE"	""
"RCS"	"log"	FALSE	"TRUE"	""
"RCS.default"	"..."	FALSE	""	""
"RCS.default"	"nknots"	FALSE	"NULL"	""
"RCS.default"	"reference"	FALSE	"\"median\""	""
"RCS.default"	"by"	FALSE	"NULL"	""
"RCS.default"	"conf.int"	FALSE	"0.95"	""
"RCS.default"	"ref.zero"	FALSE	"TRUE"	""
"RCS.default"	"log"	FALSE	"TRUE"	""
"RCS.svycoxph"	"..."	FALSE	""	""
"RCS.svycoxph"	"nknots"	FALSE	"NULL"	""
"RCS.svycoxph"	"reference"	FALSE	"\"median\""	""
"RCS.svycoxph"	"by"	FALSE	"NULL"	""
"RCS.svycoxph"	"conf.int"	FALSE	"0.95"	""
"RCS.svycoxph"	"ref.zero"	FALSE	"TRUE"	""
"RCS.svycoxph"	"log"	FALSE	"TRUE"	""
"RCS.svyglm"	"..."	FALSE	""	""
"RCS.svyglm"	"nknots"	FALSE	"NULL"	""
"RCS.svyglm"	"reference"	FALSE	"\"median\""	""
"RCS.svyglm"	"by"	FALSE	"NULL"	""
"RCS.svyglm"	"conf.int"	FALSE	"0.95"	""
"RCS.svyglm"	"ref.zero"	FALSE	"TRUE"	""
"RCS.svyglm"	"log"	FALSE	"TRUE"	""
"rcsx"	"fit"	TRUE	""	""
"re_order"	"data"	TRUE	""	"dataframe"
"re_order"	"..."	FALSE	""	"one or more colnames"
"Recode"	"x"	TRUE	""	"one numeric or character vector"
"Recode"	"..."	FALSE	""	"pattern for replacement"
"Recode"	"string"	FALSE	"TRUE"	"logical. whether convert number to string for numeric vector."
"Recode"	"cat"	FALSE	"TRUE"	"logical. whether to print message"
"Recode"	"to.numeric"	FALSE	"FALSE"	"logical. whether convert to numeric"
"Recode"	"order"	FALSE	"F"	""
"reg_check"	"..."	FALSE	""	"any"
"reg_logistic"	"fit"	TRUE	""	""
"reg_logistic"	"round"	FALSE	"2"	""
"reg_logistic"	"style"	FALSE	"2"	""
"reg_logistic"	"x"	FALSE	"NULL"	""
"reg_logistic"	"view"	FALSE	"T"	""
"reg_table"	"fit"	TRUE	""	"fit"
"reg_table"	"round"	FALSE	"2"	"2"
"reg_table"	"style"	FALSE	"2"	"integer"
"reg_table"	"x"	FALSE	"NULL"	"x varaibles"
"reg_table"	"view"	FALSE	"T"	"logical"
"reg_table"	"xlsx"	FALSE	"NULL"	""
"reg_table.coxph"	"fit"	TRUE	""	""
"reg_table.coxph"	"round"	FALSE	"2"	""
"reg_table.coxph"	"style"	FALSE	"2"	""
"reg_table.coxph"	"x"	FALSE	"NULL"	""
"reg_table.coxph"	"view"	FALSE	"T"	""
"reg_table.coxph"	"xlsx"	FALSE	"NULL"	""
"reg_table.cph"	"fit"	TRUE	""	""
"reg_table.cph"	"round"	FALSE	"2"	""
"reg_table.cph"	"style"	FALSE	"2"	""
"reg_table.cph"	"x"	FALSE	"NULL"	""
"reg_table.cph"	"view"	FALSE	"T"	""
"reg_table.cph"	"xlsx"	FALSE	"NULL"	""
"reg_table.glm"	"fit"	TRUE	""	""
"reg_table.glm"	"round"	FALSE	"2"	""
"reg_table.glm"	"style"	FALSE	"2"	""
"reg_table.glm"	"x"	FALSE	"NULL"	""
"reg_table.glm"	"view"	FALSE	"T"	""
"reg_table.glm"	"xlsx"	FALSE	"NULL"	""
"reg_table.lm"	"fit"	TRUE	""	""
"reg_table.lm"	"round"	FALSE	"2"	""
"reg_table.lm"	"style"	FALSE	"2"	""
"reg_table.lm"	"x"	FALSE	"NULL"	""
"reg_table.lm"	"view"	FALSE	"T"	""
"reg_table.lrm"	"fit"	TRUE	""	""
"reg_table.lrm"	"round"	FALSE	"2"	""
"reg_table.lrm"	"style"	FALSE	"2"	""
"reg_table.lrm"	"x"	FALSE	"NULL"	""
"reg_table.lrm"	"view"	FALSE	"T"	""
"reg_table.lrm"	"xlsx"	FALSE	"NULL"	""
"reg_table.ols"	"fit"	TRUE	""	""
"reg_table.ols"	"round"	FALSE	"2"	""
"reg_table.ols"	"style"	FALSE	"2"	""
"reg_table.ols"	"x"	FALSE	"NULL"	""
"reg_table.ols"	"view"	FALSE	"T"	""
"reg_table.ols"	"xlsx"	FALSE	"NULL"	""
"reg_table.svycoxph"	"fit"	TRUE	""	""
"reg_table.svycoxph"	"round"	FALSE	"2"	""
"reg_table.svycoxph"	"style"	FALSE	"2"	""
"reg_table.svycoxph"	"x"	FALSE	"NULL"	""
"reg_table.svycoxph"	"view"	FALSE	"T"	""
"reg_table.svycoxph"	"xlsx"	FALSE	"NULL"	""
"reg_table.svyglm"	"fit"	TRUE	""	""
"reg_table.svyglm"	"round"	FALSE	"2"	""
"reg_table.svyglm"	"style"	FALSE	"2"	""
"reg_table.svyglm"	"x"	FALSE	"NULL"	""
"reg_table.svyglm"	"view"	FALSE	"T"	""
"reg_table.svyglm"	"xlsx"	FALSE	"NULL"	""
"regTermTest2"	"model"	TRUE	""	""
"regTermTest2"	"test.terms"	TRUE	""	""
"regTermTest2"	"null"	FALSE	"NULL"	""
"regTermTest2"	"df"	TRUE	""	""
"regTermTest2"	"method"	FALSE	"c(\"Wald\", \"WorkingWald\", \"LRT\")"	""
"regTermTest2"	"lrt.approximation"	FALSE	"\"saddlepoint\""	""
"regTermTest4svycoxph"	"model"	TRUE	""	""
"regTermTest4svycoxph"	"test.terms"	TRUE	""	""
"regTermTest4svycoxph"	"null"	FALSE	"NULL"	""
"regTermTest4svycoxph"	"df"	TRUE	""	""
"regTermTest4svycoxph"	"method"	FALSE	"c(\"Wald\", \"WorkingWald\", \"LRT\")"	""
"regTermTest4svycoxph"	"lrt.approximation"	FALSE	"\"saddlepoint\""	""
"regType"	"fit"	TRUE	""	""
"rename"	".data"	TRUE	""	"data"
"rename"	"..."	FALSE	""	"one or more colnames"
"rename.survey.design"	".data"	TRUE	""	""
"rename.survey.design"	"..."	FALSE	""	""
"rename_fdcd"	"x"	TRUE	""	""
"rename_fdcd"	"fdcd"	FALSE	"\"food.code\""	""
"rename_line"	"x"	TRUE	""	""
"rename_rstz"	"x"	TRUE	""	""
"Replace0"	"data"	TRUE	""	""
"Replace0"	"..."	FALSE	""	""
"Replace0"	"ignore.case"	FALSE	"F"	""
"return_data"	"data"	TRUE	""	""
"return_data"	"d"	TRUE	""	""
"return_data"	"Year"	TRUE	""	""
"return_data"	"key"	FALSE	"\"seqn\""	""
"return_data"	"join"	FALSE	"\"left\""	""
"Right_Join"	"..."	FALSE	""	"one or more variables"
"Right_Join"	"by"	FALSE	"\"seqn\""	"by pass to dplyr::right_join()"
"Right_Join"	"cat"	FALSE	"TRUE"	"logical"
"Right_Join"	"inspect"	FALSE	"NULL"	"one or more variables"
"row.counts"	"data"	TRUE	""	"dataframe"
"row.max"	"x"	TRUE	""	"dataframe"
"row.max"	"na.rm"	FALSE	"T"	"logical"
"row.means"	"data"	TRUE	""	"dataframe"
"row.means"	"na.rm"	FALSE	"TRUE"	"logical"
"row.min"	"x"	TRUE	""	"dataframe"
"row.min"	"na.rm"	FALSE	"T"	"logical"
"row.sums"	"data"	TRUE	""	"dataframe"
"row.sums"	"na.rm"	FALSE	"TRUE"	"logical"
"row_names"	"data"	TRUE	""	"dataframe"
"row_names"	"names"	TRUE	""	"can be null"
"sd_by"	"data"	TRUE	""	""
"sd_by"	"x"	TRUE	""	""
"sd_by"	"by"	TRUE	""	""
"search_fn"	"..."	FALSE	""	""
"search_words_inR"	"..."	FALSE	""	""
"search_words_inR"	"edit"	FALSE	"F"	""
"search_words_inR_inline"	"..."	FALSE	""	""
"search_words_inR_inline"	"edit"	FALSE	"F"	""
"search_words_inR_inline"	"ignore.case"	FALSE	"T"	""
"select"	".data"	TRUE	""	"data"
"select"	"..."	FALSE	""	"one or more colnames"
"select.survey.design"	".data"	TRUE	""	""
"select.survey.design"	"..."	FALSE	""	""
"select_col"	"x"	TRUE	""	"dataframe"
"select_col"	"..."	FALSE	""	"rule"
"select_col<-"	"x"	TRUE	""	"dataframe"
"select_col<-"	"value"	TRUE	""	"one or more colnames or numeric number or logical"
"select_df"	"x"	TRUE	""	""
"select_df"	"..."	FALSE	""	""
"select_row"	"x"	TRUE	""	"data"
"select_row"	"..."	FALSE	""	"rule"
"select_row.data.frame"	"x"	TRUE	""	""
"select_row.data.frame"	"..."	FALSE	""	""
"select_row.data.frame"	"cat"	FALSE	"TRUE"	""
"select_row.survey.design"	"x"	TRUE	""	""
"select_row.survey.design"	"..."	FALSE	""	""
"select_row.survey.design"	"cat"	FALSE	"TRUE"	""
"select_row<-"	"x"	TRUE	""	"data"
"select_row<-"	"value"	TRUE	""	"rule"
"seqn_by"	"x"	TRUE	""	""
"seqn_by"	"by"	TRUE	""	""
"setReference"	"x"	TRUE	""	"variable"
"setReference"	"value"	TRUE	""	"value"
"showSpecialMessage"	"..."	FALSE	""	""
"showSpecialMessage"	"envir"	FALSE	"parent.frame()"	""
"size_bt2unit"	"bt"	TRUE	""	""
"start_with"	"x"	TRUE	""	""
"start_with"	"start"	TRUE	""	""
"stork_paper"	"english"	TRUE	""	""
"stork_paper"	"file"	FALSE	"\"stork2.xlsx\""	""
"stork_paper1"	"html"	TRUE	""	""
"stratum_model"	"object"	TRUE	""	"数据分析的对象，object=d，或者object=nhs"
"stratum_model"	"time"	FALSE	"NULL"	"时间变量，仅仅在cox回归的时候使用，线性回归和logistic回归不使用"
"stratum_model"	"y"	TRUE	""	"y变量，例如y='goal'"
"stratum_model"	"x"	TRUE	""	"x变量，例如x='x'"
"stratum_model"	"stratum"	FALSE	"NULL"	"要分层的变量，注意分层变量必须是分类变量，连续变量是无法进行分层的，例如stratum=c('s1','s2','s3')"
"stratum_model"	"adjust"	FALSE	"NULL"	"要调整的变量，例如adjust = c('a1','a2','a3')"
"stratum_model"	"p"	FALSE	"TRUE"	"逻辑值，是否显示p值"
"stratum_model"	"round"	FALSE	"3"	"设置小数点，默认是3位小数"
"stratum_model"	"view"	FALSE	"TRUE"	"逻辑值，是否在Viewer窗口中显示结果"
"stratum_model"	"xlsx"	FALSE	"NULL"	"赋值可以把结果写到excel里面，例如xlsx = \"我的结果.xlsx\""
"stratum_model"	"interaction"	FALSE	"TRUE"	"逻辑值，是否进行交互检验"
"stratum_model_i"	"object"	TRUE	""	""
"stratum_model_i"	"time"	FALSE	"NULL"	""
"stratum_model_i"	"y"	TRUE	""	""
"stratum_model_i"	"x"	TRUE	""	""
"stratum_model_i"	"stratum"	FALSE	"NULL"	""
"stratum_model_i"	"adjust"	FALSE	"NULL"	""
"stratum_model_i"	"p"	FALSE	"TRUE"	""
"stratum_model_i"	"round"	FALSE	"3"	""
"stratum_model_i"	"interaction"	FALSE	"TRUE"	""
"subsetdesign2df"	"design"	TRUE	""	"design"
"subsetdesign2df"	"..."	FALSE	""	"filter"
"svy_barplot"	"x"	TRUE	""	"results of svy_mean"
"svy_barplot"	"beside"	FALSE	"TRUE"	"work for by"
"svy_barplot"	"..."	FALSE	""	"pass to barplot in base"
"svy_count"	"design"	TRUE	""	"design or dataframe"
"svy_count"	"x"	TRUE	""	"one or more numeric variable"
"svy_count"	"by"	FALSE	"NULL"	"one or more factor variable"
"svy_count"	"value"	FALSE	"FALSE"	"logical"
"svy_count"	"per"	FALSE	"FALSE"	"logical"
"svy_count"	"se"	FALSE	"FALSE"	"logical"
"svy_count"	"low.high"	FALSE	"FALSE"	"logical"
"svy_count"	"ci"	FALSE	"FALSE"	"logical"
"svy_count"	"perSQse"	FALSE	"FALSE"	"logical"
"svy_count"	"valueSQper"	FALSE	"FALSE"	"logical"
"svy_count"	"direction"	FALSE	"c(\"h\", \"v\")"	"h or v"
"svy_count"	"na.rm"	FALSE	"TRUE"	"logical"
"svy_count"	"remove.name"	FALSE	"FALSE"	"logical"
"svy_count"	"remove.suffix"	FALSE	"FALSE"	"logical"
"svy_count"	"round"	FALSE	"2"	"round, default is 2"
"svy_coxplot"	"model"	TRUE	""	"model"
"svy_coxplot"	"..."	FALSE	""	"data for x"
"svy_coxplot"	"ci"	FALSE	"FALSE"	"logical"
"svy_coxplot"	"legend.title"	FALSE	"NULL"	""
"svy_coxplot"	"legend.name"	FALSE	"NULL"	""
"svy_design"	"data"	TRUE	""	"data"
"svy_design"	"weights"	FALSE	"\"nhs_wt\""	"weights"
"svy_design"	"psu"	FALSE	"\"sdmvpsu\""	"sdmvpsu"
"svy_design"	"strata"	FALSE	"\"sdmvstra\""	"sdmvstra"
"svy_design.data.frame"	"data"	TRUE	""	"data"
"svy_design.data.frame"	"weights"	FALSE	"\"nhs_wt\""	"weights"
"svy_design.data.frame"	"psu"	FALSE	"\"sdmvpsu\""	"sdmvpsu"
"svy_design.data.frame"	"strata"	FALSE	"\"sdmvstra\""	"sdmvstra"
"svy_design.mids"	"data"	TRUE	""	"data"
"svy_design.mids"	"weights"	FALSE	"\"nhs_wt\""	"weights"
"svy_design.mids"	"psu"	FALSE	"\"sdmvpsu\""	"sdmvpsu"
"svy_design.mids"	"strata"	FALSE	"\"sdmvstra\""	"sdmvstra"
"svy_kmplot"	"x"	TRUE	""	"result of svykm()"
"svy_kmplot"	"..."	FALSE	""	"ignore"
"svy_kmplot.svykm"	"x"	TRUE	""	"result of svykm()"
"svy_kmplot.svykm"	"ci"	FALSE	"FALSE"	"logical"
"svy_kmplot.svykm"	"xlab"	FALSE	"\"Time\""	"character"
"svy_kmplot.svykm"	"ylab"	FALSE	"\"Survival Probability\""	"character"
"svy_kmplot.svykm"	"pvalue"	FALSE	"FALSE"	"logical or character"
"svy_kmplot.svykm"	"round"	FALSE	"2"	"round"
"svy_kmplot.svykm"	"margin"	FALSE	"c(30, 30, 90, 20)"	"tow numeric"
"svy_kmplot.svykm"	"risktable"	FALSE	"TRUE"	"logical"
"svy_kmplot.svykm"	"freq"	FALSE	"T"	"logical"
"svy_kmplot.svykm"	"weighted.prop"	FALSE	"T"	"logical"
"svy_kmplot.svykm"	"rt.title.xy"	FALSE	"NULL"	"two numeric"
"svy_kmplot.svykm"	"rt.title"	FALSE	"\"Risk Table\""	"character"
"svy_kmplot.svykm"	"rt.title.color"	FALSE	"\"black\""	"color"
"svy_kmplot.svykm"	"rt.title.size"	FALSE	"4"	"one numeric"
"svy_kmplot.svykm"	"rt.text.y"	FALSE	"-0.3"	"one numeric"
"svy_kmplot.svykm"	"color"	FALSE	"\"black\""	"colors"
"svy_kmplot.svykm"	"rt.text.size"	FALSE	"4"	"one numeric"
"svy_kmplot.svykm"	"..."	FALSE	""	"ignore"
"svy_kmplot.svykmlist"	"x"	TRUE	""	"result of svykm()"
"svy_kmplot.svykmlist"	"ci"	FALSE	"FALSE"	"logical"
"svy_kmplot.svykmlist"	"xlab"	FALSE	"\"Time\""	"character"
"svy_kmplot.svykmlist"	"ylab"	FALSE	"\"Survival Probability\""	"character"
"svy_kmplot.svykmlist"	"round"	FALSE	"3"	"round"
"svy_kmplot.svykmlist"	"pvalue"	FALSE	"TRUE"	"logical or character"
"svy_kmplot.svykmlist"	"pvalue.xy"	FALSE	"NULL"	"two numeric"
"svy_kmplot.svykmlist"	"pvalue.size"	FALSE	"4"	"one numeric"
"svy_kmplot.svykmlist"	"xlim"	FALSE	"NULL"	"two numeric"
"svy_kmplot.svykmlist"	"ylim"	FALSE	"NULL"	"two numeric"
"svy_kmplot.svykmlist"	"xbreaks"	FALSE	"waiver()"	"breaks"
"svy_kmplot.svykmlist"	"ybreaks"	FALSE	"waiver()"	"breaks"
"svy_kmplot.svykmlist"	"line.width"	FALSE	"0.7"	"one numeric"
"svy_kmplot.svykmlist"	"axis.line.width"	FALSE	"0.6"	"one numeric"
"svy_kmplot.svykmlist"	"axis.ticks.length"	FALSE	"0.15"	"one numeric"
"svy_kmplot.svykmlist"	"axis.ticks.with"	FALSE	"0.6"	"one numeric"
"svy_kmplot.svykmlist"	"axis.text.size"	FALSE	"10"	"one numeric"
"svy_kmplot.svykmlist"	"axis.title"	FALSE	"12"	"character"
"svy_kmplot.svykmlist"	"margin"	FALSE	"c(30, 30, 90, 20)"	"tow numeric"
"svy_kmplot.svykmlist"	"legend.title"	FALSE	"NULL"	"character"
"svy_kmplot.svykmlist"	"legend.position"	FALSE	"\"right\""	"right, bottom, left, top or two numeric"
"svy_kmplot.svykmlist"	"legend.title.size"	FALSE	"13"	"one numeric"
"svy_kmplot.svykmlist"	"legend.text.size"	FALSE	"10"	"one numeric"
"svy_kmplot.svykmlist"	"risktable"	FALSE	"TRUE"	"logical"
"svy_kmplot.svykmlist"	"freq"	FALSE	"T"	"logical"
"svy_kmplot.svykmlist"	"weighted.prop"	FALSE	"T"	"logical"
"svy_kmplot.svykmlist"	"rt.title.xy"	FALSE	"NULL"	"two numeric"
"svy_kmplot.svykmlist"	"rt.title"	FALSE	"\"Risk Table\""	"character"
"svy_kmplot.svykmlist"	"rt.title.color"	FALSE	"\"black\""	"color"
"svy_kmplot.svykmlist"	"rt.title.size"	FALSE	"4"	"one numeric"
"svy_kmplot.svykmlist"	"rt.text.y"	FALSE	"NULL"	"one numeric"
"svy_kmplot.svykmlist"	"color"	FALSE	"NULL"	"colors"
"svy_kmplot.svykmlist"	"rt.text.size"	FALSE	"4"	"one numeric"
"svy_kmplot.svykmlist"	"..."	FALSE	""	"ignore"
"svy_mean"	"design"	TRUE	""	"design"
"svy_mean"	"x"	TRUE	""	"one or more variable"
"svy_mean"	"by"	FALSE	"NULL"	"one or more variable"
"svy_mean"	"value"	FALSE	"FALSE"	"logical"
"svy_mean"	"se"	FALSE	"FALSE"	"logical"
"svy_mean"	"low.high"	FALSE	"FALSE"	"logical"
"svy_mean"	"ci"	FALSE	"FALSE"	"logical"
"svy_mean"	"meanPMse"	FALSE	"FALSE"	"logical"
"svy_mean"	"meanSQse"	FALSE	"FALSE"	"logical"
"svy_mean"	"geometric"	FALSE	"FALSE"	""
"svy_mean"	"round"	FALSE	"2"	"round"
"svy_mean"	"remove.suffix"	FALSE	"FALSE"	"logical"
"svy_mean"	"na.rm"	FALSE	"TRUE"	"logical"
"svy_missValue"	"design"	TRUE	""	"\"survey.design2\" object of svydesign() from 'survey' package"
"svy_missValue"	"plot"	FALSE	"TRUE"	"logical. whether to plot"
"svy_population"	"design"	TRUE	""	"design"
"svy_population"	"by"	FALSE	"NULL"	""
"svy_quantile"	"design"	TRUE	""	"desing"
"svy_quantile"	"x"	TRUE	""	"variable"
"svy_quantile"	"by"	FALSE	"NULL"	"variable"
"svy_quantile"	"quantile"	FALSE	"FALSE"	"logical"
"svy_quantile"	"q0.25"	FALSE	"FALSE"	"logical"
"svy_quantile"	"q0.5"	FALSE	"FALSE"	"logical"
"svy_quantile"	"q0.75"	FALSE	"FALSE"	"logical"
"svy_quantile"	"round"	FALSE	"2"	"2"
"svy_quantile"	"remove.prefix"	FALSE	"FALSE"	"logical"
"svy_quantile"	"remove.suffix"	FALSE	"FALSE"	"logical"
"svy_quantile"	"na.rm"	FALSE	"TRUE"	"logical"
"svy_reg_lm"	"fit"	TRUE	""	""
"svy_reg_lm"	"round"	FALSE	"2"	""
"svy_reg_lm"	"style"	FALSE	"2"	""
"svy_reg_lm"	"x"	FALSE	"NULL"	""
"svy_reg_lm"	"view"	FALSE	"T"	""
"svy_reg_logistic"	"fit"	TRUE	""	""
"svy_reg_logistic"	"round"	FALSE	"2"	""
"svy_reg_logistic"	"style"	FALSE	"2"	""
"svy_reg_logistic"	"x"	FALSE	"NULL"	""
"svy_reg_logistic"	"view"	FALSE	"T"	""
"svy_roc"	"design"	TRUE	""	"design"
"svy_roc"	"score"	TRUE	""	"score"
"svy_roc"	"class"	TRUE	""	"class"
"svy_roc"	"rescale"	FALSE	"TRUE"	"logical"
"svy_roc_plot"	"..."	FALSE	""	"one or more result of svy_roc()"
"svy_roc_plot"	"color"	FALSE	"NULL"	"color"
"svy_roc_plot"	"lwd"	FALSE	"1.05"	"line wide"
"svy_roc_plot"	"legend.title"	FALSE	"NULL"	"legend title"
"svy_roc_plot"	"legend.names"	FALSE	"NULL"	"legend names"
"svy_tableone"	"design"	TRUE	""	"design"
"svy_tableone"	"cv"	FALSE	"NULL"	"continuous variable"
"svy_tableone"	"cv.nn"	FALSE	"NULL"	"continuous variable with non-normal distribution"
"svy_tableone"	"gv"	FALSE	"NULL"	"categorical variable"
"svy_tableone"	"by"	FALSE	"NULL"	"by"
"svy_tableone"	"c_meanSQse"	FALSE	"FALSE"	"logical"
"svy_tableone"	"c_meanPMse"	FALSE	"FALSE"	"logical"
"svy_tableone"	"c_ci"	FALSE	"FALSE"	"logical"
"svy_tableone"	"c_geometric"	FALSE	"FALSE"	"logical, wether to calculate geometric mean for contineous variable"
"svy_tableone"	"g_N"	FALSE	"FALSE"	"logical"
"svy_tableone"	"g_percent"	FALSE	"FALSE"	"logical"
"svy_tableone"	"g_perSQse"	FALSE	"FALSE"	"logical"
"svy_tableone"	"g_NSQper"	FALSE	"FALSE"	"logical"
"svy_tableone"	"g_nSQper"	FALSE	"FALSE"	""
"svy_tableone"	"g_ci"	FALSE	"FALSE"	"logical"
"svy_tableone"	"g_direction"	FALSE	"\"v\""	"logical"
"svy_tableone"	"total"	FALSE	"FALSE"	"logical"
"svy_tableone"	"round"	FALSE	"2"	"2"
"svy_tableone"	"view"	FALSE	"T"	""
"svy_tableone"	"xlsx"	FALSE	"NULL"	""
"svy_tableone"	"pvalue"	FALSE	"TRUE"	""
"svy_uv.cox"	"design"	TRUE	""	"design"
"svy_uv.cox"	"time"	TRUE	""	"time"
"svy_uv.cox"	"status"	TRUE	""	"status"
"svy_uv.cox"	"x"	TRUE	""	"x"
"svy_uv.cox"	"adjust"	FALSE	"NULL"	"adjust variables"
"svy_uv.cox"	"round"	FALSE	"2"	"2"
"svy_uv.cox"	"view"	FALSE	"T"	"logical"
"svy_uv.cox"	"xlsx"	FALSE	"NULL"	"filename for excel"
"svy_uv.glm"	"design"	TRUE	""	"design"
"svy_uv.glm"	"y"	TRUE	""	"y"
"svy_uv.glm"	"x"	TRUE	""	"x"
"svy_uv.glm"	"adjust"	FALSE	"NULL"	"adjust variables"
"svy_uv.glm"	"round"	FALSE	"2"	"2"
"svy_uv.glm"	"view"	FALSE	"T"	"logical"
"svy_uv.glm"	"xlsx"	FALSE	"NULL"	"filename for excel"
"svy_uv.logit"	"design"	TRUE	""	"design"
"svy_uv.logit"	"y"	TRUE	""	"y"
"svy_uv.logit"	"x"	TRUE	""	"x"
"svy_uv.logit"	"adjust"	FALSE	"NULL"	"adjust variables"
"svy_uv.logit"	"round"	FALSE	"2"	"2"
"svy_uv.logit"	"family"	FALSE	"quasibinomial"	"quasibinomial"
"svy_uv.logit"	"view"	FALSE	"T"	"logical"
"svy_uv.logit"	"xlsx"	FALSE	"NULL"	"filename for excel"
"svy2rms"	"fit"	TRUE	""	""
"svy2rms"	"by"	FALSE	"NULL"	""
"tab.NA"	"x"	TRUE	""	""
"tableB"	"..."	FALSE	""	""
"tableB"	"id"	FALSE	"NULL"	""
"tableB"	"class"	FALSE	"NULL"	""
"tableB"	"title"	FALSE	"NULL"	""
"tableB"	"name"	FALSE	"NULL"	""
"tableB.shinytag"	"df"	TRUE	""	""
"tableB.shinytag"	"id"	FALSE	"NULL"	""
"tb1.categorial"	"design"	TRUE	""	""
"tb1.categorial"	"x"	TRUE	""	""
"tb1.categorial"	"by"	FALSE	"NULL"	""
"tb1.categorial"	"value"	FALSE	"FALSE"	""
"tb1.categorial"	"per"	FALSE	"FALSE"	""
"tb1.categorial"	"perSQse"	FALSE	"FALSE"	""
"tb1.categorial"	"NSQper"	FALSE	"FALSE"	""
"tb1.categorial"	"nSQper"	FALSE	"FALSE"	""
"tb1.categorial"	"ci"	FALSE	"FALSE"	""
"tb1.categorial"	"direction"	FALSE	"\"h\""	""
"tb1.categorial"	"total"	FALSE	"FALSE"	""
"tb1.categorial"	"round"	FALSE	"2"	""
"tb1.categorial"	"pvalue"	FALSE	"TRUE"	""
"tb1.categorial.i"	"design"	TRUE	""	""
"tb1.categorial.i"	"x"	TRUE	""	""
"tb1.categorial.i"	"by"	FALSE	"NULL"	""
"tb1.categorial.i"	"value"	FALSE	"FALSE"	""
"tb1.categorial.i"	"per"	FALSE	"FALSE"	""
"tb1.categorial.i"	"perSQse"	FALSE	"FALSE"	""
"tb1.categorial.i"	"NSQper"	FALSE	"FALSE"	""
"tb1.categorial.i"	"nSQper"	FALSE	"FALSE"	""
"tb1.categorial.i"	"ci"	FALSE	"FALSE"	""
"tb1.categorial.i"	"direction"	FALSE	"\"h\""	""
"tb1.categorial.i"	"total"	FALSE	"FALSE"	""
"tb1.categorial.i"	"round"	FALSE	"2"	""
"tb1.categorial.i"	"pvalue"	FALSE	"TRUE"	""
"tb1.contineous.normal"	"design"	TRUE	""	""
"tb1.contineous.normal"	"x"	TRUE	""	""
"tb1.contineous.normal"	"by"	FALSE	"NULL"	""
"tb1.contineous.normal"	"meanSQse"	FALSE	"FALSE"	""
"tb1.contineous.normal"	"meanPMse"	FALSE	"FALSE"	""
"tb1.contineous.normal"	"ci"	FALSE	"FALSE"	""
"tb1.contineous.normal"	"total"	FALSE	"FALSE"	""
"tb1.contineous.normal"	"round"	FALSE	"2"	""
"tb1.contineous.normal"	"pvalue"	FALSE	"TRUE"	""
"tb1.contineous.normal"	"c_geometric"	FALSE	"FALSE"	""
"tb1.contineous.normal.i"	"design"	TRUE	""	""
"tb1.contineous.normal.i"	"x"	TRUE	""	""
"tb1.contineous.normal.i"	"by"	FALSE	"NULL"	""
"tb1.contineous.normal.i"	"meanSQse"	FALSE	"FALSE"	""
"tb1.contineous.normal.i"	"meanPMse"	FALSE	"FALSE"	""
"tb1.contineous.normal.i"	"ci"	FALSE	"FALSE"	""
"tb1.contineous.normal.i"	"total"	FALSE	"FALSE"	""
"tb1.contineous.normal.i"	"round"	FALSE	"2"	""
"tb1.contineous.normal.i"	"pvalue"	FALSE	"TRUE"	""
"tb1.contineous.normal.i"	"c_geometric"	FALSE	"FALSE"	""
"tb1.contineous.not.normal"	"design"	TRUE	""	""
"tb1.contineous.not.normal"	"x"	TRUE	""	""
"tb1.contineous.not.normal"	"by"	FALSE	"NULL"	""
"tb1.contineous.not.normal"	"total"	FALSE	"FALSE"	""
"tb1.contineous.not.normal"	"round"	FALSE	"2"	""
"tb1.contineous.not.normal"	"pvalue"	FALSE	"TRUE"	""
"tb1.contineous.not.normal.i"	"design"	TRUE	""	""
"tb1.contineous.not.normal.i"	"x"	TRUE	""	""
"tb1.contineous.not.normal.i"	"by"	FALSE	"NULL"	""
"tb1.contineous.not.normal.i"	"total"	FALSE	"FALSE"	""
"tb1.contineous.not.normal.i"	"round"	FALSE	"2"	""
"tb1.contineous.not.normal.i"	"pvalue"	FALSE	"TRUE"	""
"tbodyB"	"..."	FALSE	""	""
"tbodyB"	"class"	FALSE	"NULL"	""
"tbodyB"	"title"	FALSE	"NULL"	""
"tbodyB"	"name"	FALSE	"NULL"	""
"tdB"	"..."	FALSE	""	""
"tdB"	"colspan"	FALSE	"NULL"	""
"tdB"	"headers"	FALSE	"NULL"	""
"tdB"	"rowspan"	FALSE	"NULL"	""
"tdB"	"class"	FALSE	"NULL"	""
"tdB"	"title"	FALSE	"NULL"	""
"tdB"	"name"	FALSE	"NULL"	""
"tea.1day"	"years"	TRUE	""	""
"tea.1day"	"day"	TRUE	""	""
"tea.1day"	"unit"	FALSE	"\"gram\""	""
"tea.1day"	"sweeten"	FALSE	"FALSE"	""
"tea.1day"	"caffeinate"	FALSE	"FALSE"	""
"tea.1day"	"green"	FALSE	"FALSE"	""
"tea.1day"	"black"	FALSE	"FALSE"	""
"tea.1day"	"oolong"	FALSE	"FALSE"	""
"tea.1day"	"iced"	FALSE	"FALSE"	""
"tea.1day"	"hot"	FALSE	"FALSE"	""
"tea.1day"	"normT"	FALSE	"FALSE"	""
"tea.1day"	"leaf"	FALSE	"FALSE"	""
"tea.1day"	"instant"	FALSE	"FALSE"	""
"tea.1day"	"bottle"	FALSE	"FALSE"	""
"tea.1day"	"food.code"	FALSE	"NULL"	""
"tea.food.code"	"years"	TRUE	""	""
"tea.food.code"	"food.code"	FALSE	"NULL"	""
"test_mode"	"years"	FALSE	"1999"	""
"test_mode"	"items"	FALSE	"\"die\""	""
"testfile"	"urls"	TRUE	""	""
"testfile"	"files"	TRUE	""	""
"testfile"	"mode"	TRUE	""	""
"testfile"	"redown"	FALSE	"TRUE"	""
"testfile"	"xpt"	FALSE	"TRUE"	""
"testfile"	"tsv"	FALSE	"TRUE"	""
"testfile"	"varLabel"	FALSE	"TRUE"	""
"testfile"	"codebook"	FALSE	"TRUE"	""
"testfile"	"update"	FALSE	"TRUE"	""
"testfile"	"filetable"	FALSE	"NULL"	""
"testfile"	"updatekeyword"	FALSE	"NULL"	""
"thB"	"..."	FALSE	""	""
"thB"	"abbr"	FALSE	"NULL"	""
"thB"	"colspan"	FALSE	"NULL"	""
"thB"	"headers"	FALSE	"NULL"	""
"thB"	"rowspan"	FALSE	"NULL"	""
"thB"	"scope.col"	FALSE	"FALSE"	""
"thB"	"scope.colgroup"	FALSE	"FALSE"	""
"thB"	"scope.row"	FALSE	"FALSE"	""
"thB"	"scope.rowgroup"	FALSE	"FALSE"	""
"thB"	"class"	FALSE	"NULL"	""
"thB"	"title"	FALSE	"NULL"	""
"thB"	"name"	FALSE	"NULL"	""
"time_diff"	"t1"	TRUE	""	""
"time_diff"	"t2"	TRUE	""	""
"to_NA"	"x"	TRUE	""	"dataframe or list"
"to_NA"	"dont_know"	FALSE	"TRUE"	"logical. whether convert don't know to NA"
"to_NA"	"refused"	FALSE	"TRUE"	"logical. whether convert refused to NA"
"to_numeric"	"x"	TRUE	""	"dataframe or character"
"to_numeric<-"	"x"	TRUE	""	"dataframe or character"
"to_numeric<-"	"value"	TRUE	""	"one or more colnames"
"to_sql"	"x"	TRUE	""	""
"to_sql"	"name"	TRUE	""	""
"to_sql"	"before"	FALSE	"\"\""	""
"to_sql"	"after"	FALSE	"\"\""	""
"trB"	"..."	FALSE	""	""
"trB"	"class"	FALSE	"NULL"	""
"trB"	"title"	FALSE	"NULL"	""
"trB"	"name"	FALSE	"NULL"	""
"tsv0"	"tsv"	TRUE	""	""
"tsv0"	"return.NULL"	FALSE	"FALSE"	""
"tsv0"	"data"	TRUE	""	""
"tsv0"	"msg.CN"	FALSE	"NULL"	""
"tsv0"	"msg.EN"	FALSE	"NULL"	""
"unique_no.NA"	"x"	TRUE	""	""
"unique_no_NA"	"x"	TRUE	""	""
"unique_no_NA"	"collapse"	FALSE	"\",\""	""
"updateKnot"	"fit"	TRUE	""	"fit"
"updateKnot"	"k"	TRUE	""	"one number"
"updateKnot"	"data"	FALSE	"NULL"	""
"urlComponet"	"url"	TRUE	""	""
"urlyear"	"url"	TRUE	""	""
"use_data_append"	"..."	FALSE	""	""
"use_data_remove"	"..."	FALSE	""	""
"value.numbar"	"data"	TRUE	""	"dataframe or character"
"var_labels"	"df"	TRUE	""	"one dataframe"
"var_labels"	"order"	FALSE	"FALSE"	"logical, whether order by colname"
"var_labels_2_var_formula"	"tsv"	TRUE	""	""
"varExtracted"	"x"	TRUE	""	"result of nhs_read()"
"variable_formula"	"var"	TRUE	""	""
"variable_formula"	"arg"	TRUE	""	""
"variable_formula"	"variable"	TRUE	""	""
"varLab_NULL"	"firs_publish"	TRUE	""	""
"varLab_NULL"	"last_revise"	TRUE	""	""
"varLab_NULL"	"file"	TRUE	""	""
"varLabel_url"	"url"	TRUE	""	""
"varLabel_url"	"file"	TRUE	""	""
"varLabel_url"	"html"	TRUE	""	""
"vitaminAE19999"	"data"	TRUE	""	""
"vitaminAE19999"	"VitA"	FALSE	"FALSE"	""
"vitaminAE19999"	"VitE"	FALSE	"FALSE"	""
"vitaminAE19999"	"dietary"	FALSE	"\"iff\""	""
"which.na"	"x"	TRUE	""	""
"write.yier"	"df"	TRUE	""	"dataframe"
"write.yier"	"file"	FALSE	"NULL"	"file"
"write.yier"	"project"	FALSE	"NULL"	"project"
"write.yier"	"row.names"	FALSE	"FALSE"	"logical"
"write.yier"	"root"	FALSE	"\"c\""	"for windows"
"wt_dr_day1"	"data"	TRUE	""	""
"wt_dr_day1"	"wtname"	FALSE	"NULL"	""
"wt_dr_day1"	"cat"	FALSE	"TRUE"	""
"xpt2tsv"	"xpt"	TRUE	""	""
"yes1"	"d1"	TRUE	""	""
"yes1<-"	"x"	TRUE	""	""
"yes1<-"	"value"	TRUE	""	""
"YJP.ps"	"dii"	TRUE	""	""
"youth.obesity"	"data"	TRUE	""	"data"
"youth.obesity"	"age"	FALSE	"\"age\""	"ageL"
"youth.obesity"	"sex"	FALSE	"\"sex\""	"sex"
"youth.obesity"	"bmi"	FALSE	"\"bmi\""	"bmi"
